# J.A.C.K. 1.1.3773 Freeware OBJ file
mtllib tram.mtl
# 2236 vertices
v 129.000000 61.000000 70.000000
v -69.000000 40.000000 4.000000
v 47.972900 40.231689 4.000000
v -15.000000 127.199951 61.399902
v -76.000000 46.000000 76.000000
v 126.000000 61.000000 70.000000
v -156.000000 134.000000 0.889160
v -75.000000 46.000000 76.000000
v -15.000000 133.154053 -15.907715
v 129.000000 56.000000 24.086670
v 129.000000 46.316162 -70.051025
v -15.000000 119.835693 -63.013672
v -95.000000 131.110107 -15.000000
v 129.000000 106.858643 73.010254
v 129.000000 106.858887 73.010010
v -70.000000 39.858643 -60.000000
v -159.000000 57.000000 24.000000
v -158.000000 57.000000 24.000000
v -159.000000 46.315918 -70.051270
v -157.000000 57.000000 24.000000
v -156.000000 57.000000 24.000000
v -156.000000 129.000000 -44.110352
v 129.000000 57.000000 24.000000
v 128.000000 57.000000 24.000000
v 127.000000 57.000000 24.000000
v 126.000000 57.000000 24.000000
v 126.000000 129.000000 52.110840
v 53.000000 46.000000 76.000000
v 52.000000 46.000000 76.000000
v 47.000000 40.000000 4.000000
v -140.000000 46.315918 -70.051270
v 33.000000 133.154541 23.907471
v -83.000000 108.000000 74.000000
v -52.000000 40.000000 4.000000
v -159.000000 114.000000 -58.000000
v -156.000000 134.000000 7.110840
v 126.000000 134.000000 0.889160
v -158.000000 114.000000 -58.000000
v -157.000000 114.000000 -58.000000
v -34.000000 61.000000 4.000000
v -156.000000 114.000000 -58.000000
v -159.000000 106.858643 73.010010
v 129.000000 114.000000 -58.000000
v -33.000000 61.000000 4.000000
v -156.000000 106.858643 73.010010
v 128.000000 114.000000 -58.000000
v 127.000000 114.000000 -58.000000
v 126.000000 114.000000 -58.000000
v -156.000000 133.154297 23.907959
v -75.000000 108.000000 74.000000
v 129.000000 46.315918 -70.051025
v 46.000000 46.000000 76.000000
v 45.000000 46.000000 76.000000
v 126.000000 133.154297 23.907959
v -159.000000 56.000000 24.086426
v 33.000000 131.110107 -15.000000
v -63.000000 131.110107 -15.000000
v -52.972900 40.231689 4.000000
v -156.000000 56.000000 24.086426
v -83.000000 18.000000 -60.000000
v 33.000000 133.154053 23.907959
v -82.000000 18.000000 -60.000000
v -15.000000 132.104004 24.110840
v 126.000000 133.154541 23.907959
v -95.000000 134.000000 0.889160
v -77.000000 18.000000 -60.000000
v -76.000000 18.000000 -60.000000
v -75.000000 18.000000 -60.000000
v 129.000000 46.316162 -70.051270
v 53.000000 108.000000 74.000000
v 126.000000 134.000000 7.110840
v 129.000000 106.858643 73.010010
v -157.000000 128.000000 52.000000
v -156.000000 128.000000 52.000000
v -13.000000 39.000000 4.000000
v 126.000000 11.948975 61.683838
v 127.000000 128.000000 52.000000
v 126.000000 128.000000 52.000000
v -34.000000 40.000000 4.000000
v -95.000000 126.000000 -15.000000
v 129.000000 56.000000 24.086426
v 126.000000 106.913330 73.000000
v 126.000000 17.725342 -60.961426
v -18.973145 19.231934 4.000000
v -15.000000 129.000000 -44.110107
v 45.000000 108.000000 74.000000
v -156.000000 119.219482 -63.375488
v 67.989746 60.858643 4.000000
v 127.000000 114.000000 -61.220215
v 47.972656 40.231689 -60.000000
v 126.000000 114.000000 -61.220215
v -30.000000 40.000000 4.000000
v -95.000000 134.000000 7.110840
v -159.000000 115.000000 -58.000000
v -159.000000 46.000000 79.000000
v -158.000000 46.000000 79.000000
v -159.000000 47.000000 24.000000
v -159.000000 57.000000 -16.000000
v -157.000000 46.000000 79.000000
v -156.000000 115.000000 -58.000000
v -156.000000 46.000000 79.000000
v -158.000000 47.000000 24.000000
v -158.000000 57.000000 -16.000000
v -157.000000 47.000000 24.000000
v -157.000000 57.000000 -16.000000
v -156.000000 47.000000 24.000000
v -156.000000 57.000000 -16.000000
v 129.000000 115.000000 -58.000000
v -153.000000 113.000000 -59.000000
v 129.000000 46.000000 79.000000
v 128.000000 46.000000 79.000000
v 129.000000 47.000000 24.000000
v 129.000000 57.000000 -16.000000
v -63.000000 134.000000 0.889160
v -15.000000 128.000000 -44.000000
v 128.000000 47.000000 24.000000
v 127.000000 46.000000 79.000000
v -95.000000 133.154297 23.907959
v 128.000000 57.000000 -16.000000
v 65.000000 126.000000 -15.000000
v 126.000000 115.000000 -58.000000
v 127.000000 47.000000 24.000000
v 127.000000 57.000000 -16.000000
v 126.000000 46.000000 79.000000
v 126.000000 47.000000 24.000000
v 126.000000 106.913574 73.000000
v 126.000000 57.000000 -16.000000
v -143.000000 113.000000 -59.000000
v -140.000000 46.000000 79.000000
v -139.000000 46.000000 79.000000
v 65.000000 134.000000 0.889160
v 65.000000 133.154541 23.907959
v -95.000000 141.000000 -16.000000
v -159.000000 11.948730 61.683838
v 126.000000 133.154053 23.907715
v -159.000000 13.948730 -59.683838
v -63.000000 126.000000 -15.000000
v 110.000000 46.000000 79.000000
v -63.000000 133.153809 23.907959
v 65.000000 133.154297 23.907959
v 109.000000 46.000000 79.000000
v 67.989746 60.858398 4.000000
v 127.000000 114.000000 -61.220459
v -159.000000 135.000000 3.907715
v -63.000000 133.154053 23.907959
v 126.000000 114.000000 -61.220459
v -156.000000 135.000000 3.907715
v -63.000000 134.000000 7.110840
v 129.000000 135.000000 3.907715
v -159.000000 60.933838 77.000000
v 65.000000 141.000000 -16.000000
v -156.000000 60.933838 77.000000
v 126.000000 135.000000 3.907715
v 89.027100 40.231934 4.000000
v -95.000000 142.000000 -16.000000
v -94.000000 142.000000 -16.000000
v 65.000000 134.000000 7.110840
v -159.000000 106.913574 73.000000
v -156.000000 106.913574 73.000000
v -140.000000 18.000000 -32.000000
v 129.000000 13.948730 -59.683838
v -139.000000 18.000000 -32.000000
v 129.000000 11.948730 61.683838
v -156.000000 113.986572 -65.000000
v -155.000000 113.986572 -65.000000
v -83.000000 17.725342 -60.961426
v -63.000000 141.000000 -16.000000
v -157.000000 114.000000 -61.000000
v -159.000000 13.948730 -59.683594
v -156.000000 114.000000 -61.000000
v -153.000000 114.000000 -61.000000
v -152.000000 114.000000 -61.000000
v -19.000000 46.000000 76.000000
v -156.000000 17.725342 -60.961914
v 127.000000 114.000000 -61.000000
v 126.000000 114.000000 -61.000000
v -75.000000 17.725342 -60.961426
v -144.000000 114.000000 -61.000000
v -18.000000 46.000000 76.000000
v -143.000000 114.000000 -61.000000
v 127.000000 106.963379 74.000000
v -159.000000 106.913330 73.000000
v 65.000000 142.000000 -16.000000
v 126.000000 106.963379 74.000000
v 64.000000 142.000000 -16.000000
v -156.000000 106.913330 73.000000
v 129.000000 60.933838 77.000000
v -140.000000 17.725342 -60.961914
v -156.000000 119.219482 -63.375000
v -95.000000 133.154053 23.907959
v -83.000000 46.000000 79.000000
v 127.000000 31.000000 71.709717
v -83.000000 18.000000 -61.000000
v -82.000000 46.000000 79.000000
v 126.000000 31.000000 71.709717
v -15.000000 133.154297 -15.908203
v -159.000000 60.933594 77.000000
v -156.000000 60.933594 77.000000
v -77.000000 18.000000 -61.000000
v -76.000000 46.000000 79.000000
v 33.000000 126.000000 -15.000000
v 129.000000 106.913574 73.000000
v -75.000000 46.000000 79.000000
v -156.000000 129.000000 52.110840
v -64.000000 142.000000 -16.000000
v -63.000000 142.000000 -16.000000
v 126.000000 79.565430 -68.248779
v 33.000000 134.000000 0.889160
v -33.989990 60.858643 4.000000
v 129.000000 13.948730 -59.683594
v 125.000000 79.565430 -68.248779
v 127.000000 31.000000 71.709961
v -140.000000 13.000000 -59.000000
v -95.000000 135.000000 3.907715
v -139.000000 13.000000 -59.000000
v 126.000000 31.000000 71.709961
v -156.000000 128.000000 53.000000
v -13.000000 40.000000 4.000000
v 126.000000 128.000000 53.000000
v 129.000000 106.913330 73.000000
v -19.000000 108.000000 74.000000
v 33.000000 133.154297 23.907959
v -19.000000 107.098145 71.000000
v 53.000000 46.000000 79.000000
v 129.000000 60.933594 77.000000
v 52.000000 46.000000 79.000000
v -139.000000 108.000000 70.000000
v 126.000000 60.933594 77.000000
v -12.000000 46.000000 76.000000
v 65.000000 135.000000 3.907715
v 33.000000 141.000000 -16.000000
v -157.000000 114.000000 -61.220215
v -156.000000 114.000000 -61.220215
v -159.000000 114.075195 67.000000
v -77.000000 18.000000 -32.000000
v -156.000000 114.075195 67.000000
v -76.000000 18.000000 -32.000000
v 52.972656 19.231689 4.000000
v -156.000000 17.000000 68.000000
v 129.000000 114.075195 67.000000
v -11.000000 46.000000 76.000000
v 46.000000 46.000000 79.000000
v 33.000000 134.000000 7.110840
v 109.000000 108.000000 70.000000
v -19.000000 107.097900 71.000000
v 45.000000 46.000000 79.000000
v -139.000000 45.000000 79.000000
v 126.000000 17.000000 68.000000
v -156.000000 119.219238 -63.375244
v -156.000000 136.706787 3.293213
v -155.000000 136.706787 3.293213
v -83.000000 17.725098 -60.961426
v -63.000000 135.000000 3.907715
v 126.000000 11.948730 61.683838
v -159.000000 114.074951 67.000000
v -156.000000 114.074951 67.000000
v 34.000000 142.000000 -16.000000
v 109.000000 45.000000 79.000000
v -75.000000 17.725098 -60.961426
v 129.000000 114.074951 67.000000
v 33.000000 142.000000 -16.000000
v -159.000000 127.199951 61.399902
v -19.000000 106.918213 -65.000000
v -156.000000 127.199951 61.399902
v 126.000000 60.933838 77.000000
v 126.000000 17.725098 68.961670
v 69.010010 60.858643 -60.000000
v -157.000000 114.000000 -61.219971
v -159.000000 57.000000 25.000000
v -156.000000 114.000000 -61.219971
v -156.000000 57.000000 25.000000
v -156.000000 129.000000 52.110352
v 129.000000 57.000000 25.000000
v 127.000000 46.018555 79.000000
v 126.000000 46.018555 79.000000
v 126.000000 57.000000 25.000000
v 126.000000 119.219238 -63.375244
v -11.000000 108.000000 74.000000
v -15.000000 134.000000 0.889160
v -159.000000 127.200195 61.399658
v -19.000000 106.917969 -65.000000
v -156.000000 127.200195 61.399658
v -11.000000 107.098145 71.000000
v -83.000000 108.000000 70.000000
v 85.000000 19.000000 -60.000000
v -159.000000 11.948975 61.683838
v -153.000000 114.000000 -60.000000
v -75.000000 108.000000 70.000000
v 129.000000 127.199951 61.399902
v -155.000000 130.000000 2.000000
v -143.000000 114.000000 -60.000000
v -139.000000 45.000000 76.000000
v -15.000000 129.000000 -44.110352
v -15.000000 133.153809 23.907959
v 125.000000 130.000000 2.000000
v -83.000000 45.000000 79.000000
v -156.000000 127.199951 61.400146
v 70.000000 19.000000 -60.000000
v 33.000000 135.000000 3.907715
v 69.000000 19.000000 -60.000000
v 69.010010 60.858398 -60.000000
v 68.000000 19.000000 -60.000000
v -15.000000 106.917969 -65.000000
v 67.000000 19.000000 -60.000000
v -15.000000 133.154053 23.907959
v -75.000000 45.000000 79.000000
v -15.000000 134.000000 7.110840
v 109.000000 45.000000 76.000000
v 129.000000 127.200195 61.399658
v -73.000000 19.000000 -60.000000
v -72.000000 19.000000 -60.000000
v 53.000000 108.000000 70.000000
v -15.000000 133.154297 23.907959
v -156.000000 127.199707 61.400146
v 126.000000 17.725342 68.961426
v -139.000000 12.000000 -32.000000
v -15.000000 106.918213 -65.000000
v -156.000000 17.725098 -60.961426
v -63.000000 133.600098 1.599854
v 126.000000 119.219482 -63.375000
v -63.000000 133.154297 -15.908203
v 53.000000 45.000000 79.000000
v -15.000000 46.316162 -70.051270
v 45.000000 108.000000 70.000000
v -140.000000 17.725098 -60.961426
v 52.000000 19.000000 -60.000000
v -11.000000 107.097900 71.000000
v -57.000000 19.000000 -60.000000
v -11.000000 106.917969 -65.000000
v -159.000000 57.000000 -17.000000
v -156.000000 57.000000 -17.000000
v 84.027100 19.231689 -60.000000
v -153.000000 113.000000 -61.000000
v -19.000000 46.000000 79.000000
v 129.000000 57.000000 -17.000000
v -15.000000 128.000000 52.000000
v 34.000000 133.600098 1.599854
v -96.000000 130.000000 2.000000
v 126.000000 57.000000 -17.000000
v 33.000000 133.600098 1.599854
v -18.000000 46.000000 79.000000
v -143.000000 113.000000 -61.000000
v 45.000000 45.000000 79.000000
v -157.000000 31.000000 71.709961
v -156.000000 31.000000 71.709961
v -15.000000 46.316162 -70.051514
v -15.000000 46.315918 -70.051025
v -83.000000 45.000000 76.000000
v -11.000000 106.918213 -65.000000
v -156.000000 131.110352 -16.000000
v -75.000000 45.000000 76.000000
v 66.000000 130.000000 2.000000
v -15.000000 46.000000 79.000000
v -63.000000 133.600098 6.399902
v 126.000000 130.000000 -49.907471
v 126.000000 114.074951 67.000000
v -157.000000 31.000000 71.709717
v -156.000000 31.000000 71.709717
v 33.000000 136.706787 3.293213
v 34.000000 133.600342 6.399902
v 32.000000 136.706787 3.293213
v -155.000000 133.000000 2.000000
v 33.000000 133.600342 6.399902
v -157.000000 107.000000 70.000000
v -156.000000 107.000000 70.000000
v -15.000000 133.154053 23.907715
v 125.000000 133.000000 2.000000
v 127.000000 107.000000 70.000000
v -77.000000 12.000000 -32.000000
v 126.000000 107.000000 70.000000
v -62.000000 130.000000 2.000000
v 53.000000 45.000000 76.000000
v -156.000000 17.725342 68.961426
v 126.000000 114.075195 67.000000
v 127.000000 133.600098 1.599854
v 126.000000 133.600098 1.599854
v -15.000000 46.316162 -70.051025
v -140.000000 107.000000 70.000000
v -156.000000 131.110107 -16.000000
v -139.000000 107.000000 70.000000
v -34.000000 19.000000 -60.000000
v -33.000000 19.000000 -60.000000
v -83.000000 17.725342 -60.961914
v -12.000000 46.000000 79.000000
v -15.000000 130.000000 -49.908203
v -156.000000 17.725342 -60.961426
v -15.000000 135.000000 3.907715
v -75.000000 17.725342 -60.961914
v 110.000000 107.000000 70.000000
v -11.000000 46.000000 79.000000
v 126.000000 119.219482 -63.375488
v 109.000000 107.000000 70.000000
v -15.000000 106.858643 -65.000000
v 45.000000 45.000000 76.000000
v -140.000000 17.725342 -60.961426
v 33.000000 133.154297 -15.908203
v -15.000000 134.149902 24.000000
v -95.000000 131.110352 -16.000000
v 65.000000 133.600098 1.599854
v 64.000000 133.600098 1.599854
v -15.000000 134.150146 24.000000
v -96.000000 133.000000 2.000000
v 126.000000 131.110107 -16.000000
v 127.000000 133.600342 6.399902
v 126.000000 133.600342 6.399902
v 65.000000 131.110352 -16.000000
v -64.000000 133.600098 1.599854
v -19.000000 108.000000 70.000000
v -95.000000 133.600098 1.599854
v -94.000000 133.600098 1.599854
v 126.000000 131.110352 -16.000000
v 32.000000 130.000000 2.000000
v 126.000000 130.000000 -49.907959
v -156.000000 17.725098 68.961670
v -15.000000 129.000000 52.110840
v 66.000000 136.706787 3.293213
v -63.000000 136.706787 3.293213
v 65.000000 131.110107 -16.000000
v 65.000000 136.706787 3.293213
v 64.000000 131.110107 -16.000000
v -62.000000 136.706787 3.293213
v -83.000000 107.000000 70.000000
v 66.000000 133.000000 2.000000
v -82.000000 107.000000 70.000000
v -23.000000 3.000000 12.000000
v -19.000000 45.000000 79.000000
v 65.000000 131.109863 -16.000000
v -76.000000 107.000000 70.000000
v 64.000000 131.109863 -16.000000
v -75.000000 107.000000 70.000000
v -18.000000 19.000000 -60.000000
v 65.000000 133.600098 6.399902
v -64.000000 131.110107 -16.000000
v 64.000000 133.600098 6.399902
v -15.000000 133.154297 23.907471
v -75.000000 45.725586 -68.961670
v -18.973145 19.231934 -60.000000
v -156.000000 17.000000 4.000000
v -62.000000 133.000000 2.000000
v -64.000000 131.109863 -16.000000
v -15.000000 119.219482 -63.375488
v -95.000000 131.109863 -16.000000
v -15.000000 133.154541 23.907471
v -94.000000 131.109863 -16.000000
v 126.000000 17.000000 4.000000
v -64.000000 133.600098 6.399902
v -139.000000 17.000000 4.000000
v -159.000000 119.219238 71.375244
v -95.000000 131.110107 -16.000000
v -95.000000 136.706787 3.293213
v 53.000000 107.000000 70.000000
v -156.000000 119.219238 71.375244
v -156.000000 119.218994 71.375488
v -94.000000 131.110107 -16.000000
v 52.000000 107.000000 70.000000
v -156.000000 130.000000 -49.907959
v -156.000000 46.097900 -69.000000
v -95.000000 133.600342 6.399902
v -94.000000 133.600342 6.399902
v -15.000000 119.219238 -63.375244
v -83.000000 45.725586 -68.961670
v -140.000000 46.097900 -69.000000
v -157.000000 133.600098 1.599854
v -156.000000 133.600098 1.599854
v 46.000000 107.000000 70.000000
v -11.000000 108.000000 70.000000
v -159.000000 119.218994 71.375732
v -96.000000 136.706787 3.293213
v 45.000000 107.000000 70.000000
v -156.000000 119.218994 71.375732
v 65.000000 134.149902 23.000000
v 126.000000 136.706787 3.293213
v -157.000000 116.000000 -61.000000
v 125.000000 136.706787 3.293213
v -157.000000 114.000000 52.000000
v -156.000000 116.000000 -61.000000
v -156.000000 114.000000 52.000000
v 33.000000 131.110352 -16.000000
v -63.000000 131.109863 -16.000000
v -19.000000 45.000000 76.000000
v 64.989746 39.858643 -60.000000
v 127.000000 116.000000 -61.000000
v 127.000000 114.000000 52.000000
v 129.000000 119.218994 71.375488
v 126.000000 116.000000 -61.000000
v 126.000000 114.000000 52.000000
v -11.000000 45.000000 79.000000
v -156.000000 45.725342 -68.961426
v 34.000000 131.110107 -16.000000
v -95.000000 134.149902 23.000000
v -15.000000 129.000000 52.110352
v 126.000000 130.213379 -49.382080
v 33.000000 131.110107 -16.000000
v -63.000000 131.110107 -16.000000
v -159.000000 130.213379 -49.382080
v -156.000000 46.097656 -69.000000
v -156.000000 130.213379 -49.382080
v 126.000000 61.075195 71.000000
v 32.000000 133.000000 2.000000
v -140.000000 45.725342 -68.961426
v 34.000000 131.109863 -16.000000
v 126.000000 130.213623 -49.382080
v 33.000000 131.109863 -16.000000
v -63.000000 131.110352 -16.000000
v -159.000000 130.213623 -49.382080
v -140.000000 46.097656 -69.000000
v -156.000000 130.213623 -49.382080
v -157.000000 133.600098 6.399902
v -156.000000 133.600098 6.399902
v -156.000000 119.219238 71.375488
v 129.000000 130.213623 -49.382080
v -77.000000 17.000000 4.000000
v -159.000000 114.000000 66.000000
v -159.000000 120.000000 72.000000
v -15.000000 119.219482 -63.375000
v -158.000000 120.000000 72.000000
v -158.000000 114.000000 66.000000
v -157.000000 114.000000 66.000000
v -156.000000 114.000000 66.000000
v -156.000000 120.000000 72.000000
v -156.000000 117.000000 69.000000
v 64.989746 39.858398 -60.000000
v 129.000000 114.000000 66.000000
v 129.000000 120.000000 72.000000
v 128.000000 120.000000 72.000000
v 128.000000 114.000000 66.000000
v 127.000000 114.000000 66.000000
v 126.000000 114.000000 66.000000
v 126.000000 117.000000 69.000000
v 129.000000 130.213379 -49.382080
v -156.000000 45.725342 -68.961914
v -83.000000 46.097900 -69.000000
v 126.000000 130.000000 57.907227
v -159.000000 130.000000 -49.907471
v -156.000000 130.000000 -49.907471
v 126.000000 61.075439 71.000000
v -140.000000 45.725342 -68.961914
v -75.000000 46.097900 -69.000000
v -156.000000 117.000000 -61.000000
v 126.000000 46.097900 -69.000000
v 129.000000 119.219238 71.375488
v 126.000000 117.000000 -61.000000
v -11.000000 45.000000 76.000000
v 33.000000 134.149902 23.000000
v -7.000000 3.000000 12.000000
v -159.000000 61.000000 -64.000000
v -156.000000 61.000000 -64.000000
v 129.000000 61.000000 -64.000000
v 90.000000 40.000000 3.000000
v 109.000000 46.097900 -69.000000
v 126.000000 61.000000 -64.000000
v -75.000000 116.000000 -61.000000
v -156.000000 133.706787 0.293213
v -155.000000 133.706787 0.293213
v 129.000000 130.000000 -49.907471
v -156.000000 107.098145 71.000000
v -83.000000 46.097656 -69.000000
v 52.972656 19.231689 -60.000000
v 126.000000 133.707031 0.292969
v 125.000000 133.707031 0.292969
v -139.000000 107.098145 71.000000
v -159.000000 115.000000 66.000000
v -75.000000 46.097656 -69.000000
v -157.000000 116.000000 69.000000
v 126.000000 46.098145 -69.000000
v 73.000000 40.000000 3.000000
v -156.000000 116.000000 69.000000
v -156.000000 115.000000 66.000000
v 129.000000 115.000000 66.000000
v -19.000000 107.000000 70.000000
v 127.000000 116.000000 69.000000
v -15.000000 134.000000 7.110596
v 45.000000 46.097900 -69.000000
v 69.000000 40.000000 3.000000
v 126.000000 116.000000 69.000000
v 126.000000 115.000000 66.000000
v -156.000000 107.097900 71.000000
v -95.000000 142.000000 23.000000
v 68.000000 40.000000 3.000000
v -18.000000 107.000000 70.000000
v 89.026855 40.231445 -60.000000
v 64.000000 40.000000 3.000000
v -73.000000 40.000000 3.000000
v -96.000000 133.707031 0.292969
v 85.000000 19.000000 -59.000000
v -139.000000 107.097900 71.000000
v -95.000000 133.707031 0.292969
v -157.000000 116.000000 52.000000
v -156.000000 116.000000 52.000000
v -69.000000 40.000000 3.000000
v 47.972656 40.231689 4.000000
v 109.000000 46.098145 -69.000000
v 127.000000 116.000000 52.000000
v -83.000000 45.725342 -68.961914
v -159.000000 131.000000 -50.000000
v 126.000000 116.000000 52.000000
v -158.000000 131.000000 -50.000000
v 53.000000 46.097656 -69.000000
v -156.000000 131.000000 -50.000000
v 126.000000 17.725586 -60.961426
v 129.000000 131.000000 -50.000000
v 128.000000 131.000000 -50.000000
v 65.000000 142.000000 23.000000
v 126.000000 130.000000 57.907715
v -140.000000 108.000000 -62.000000
v -156.000000 106.918213 -65.000000
v 126.000000 131.000000 -50.000000
v -63.000000 134.149902 23.000000
v 109.000000 107.097900 71.000000
v -75.000000 45.725342 -68.961914
v 69.000000 19.000000 -59.000000
v 68.000000 19.000000 -59.000000
v -140.000000 106.918213 -65.000000
v 45.000000 46.097656 -69.000000
v -75.000000 106.858643 -65.000000
v 109.000000 108.000000 -62.000000
v -73.000000 19.000000 -59.000000
v -63.000000 142.000000 23.000000
v 84.026855 19.231445 4.000000
v -52.972900 40.231934 -60.000000
v -156.000000 106.917969 -65.000000
v 126.000000 107.097900 71.000000
v -156.000000 134.149902 24.000000
v 47.000000 40.000000 3.000000
v -52.000000 40.000000 3.000000
v -12.000000 107.000000 70.000000
v -63.000000 133.707031 0.292969
v -30.989746 39.858398 4.000000
v -83.000000 107.098145 71.000000
v -73.000000 60.858643 4.000000
v -140.000000 106.917969 -65.000000
v -62.000000 133.707031 0.292969
v 53.000000 46.097900 -69.000000
v -11.000000 107.000000 70.000000
v 66.000000 133.707031 0.292969
v 126.000000 130.000000 57.907959
v 65.000000 133.707031 0.292969
v -75.000000 107.098145 71.000000
v 126.000000 107.098145 71.000000
v 52.000000 19.000000 -59.000000
v 126.000000 45.725342 -68.961426
v -57.000000 19.000000 -59.000000
v -83.000000 106.858643 -65.000000
v 47.972900 40.231934 -60.000000
v -15.000000 131.110107 -16.000000
v -156.000000 117.000000 52.000000
v -156.000000 17.000000 -60.000000
v -159.000000 60.000000 70.086670
v -156.000000 134.149658 24.000000
v -156.000000 60.000000 70.086670
v 34.000000 133.600098 6.400146
v 126.000000 117.000000 52.000000
v 129.000000 60.000000 70.086670
v 126.000000 17.000000 -60.000000
v 33.000000 133.600098 6.400146
v 109.000000 106.918213 -65.000000
v -15.000000 131.110352 -16.000000
v -156.000000 45.725586 -68.961670
v -75.000000 107.097900 71.000000
v -139.000000 17.000000 -60.000000
v 109.000000 107.098145 71.000000
v -83.000000 108.000000 -62.000000
v -159.000000 61.000000 -70.000000
v -158.000000 61.000000 -70.000000
v -157.000000 61.000000 -70.000000
v -156.000000 61.000000 -70.000000
v -156.000000 18.000000 4.000000
v -140.000000 45.725586 -68.961670
v 129.000000 61.000000 -70.000000
v -30.989746 39.858643 4.000000
v 128.000000 61.000000 -70.000000
v 127.000000 61.000000 -70.000000
v -34.000000 40.000000 3.000000
v 126.000000 61.000000 -70.000000
v 126.000000 18.000000 4.000000
v -75.000000 108.000000 -62.000000
v 129.000000 60.000000 70.086426
v 126.000000 106.918213 -65.000000
v -75.000000 17.725586 -60.961426
v -70.000000 39.858643 4.000000
v 33.000000 142.000000 23.000000
v -139.000000 18.000000 4.000000
v 90.000000 40.000000 -59.000000
v -159.000000 130.000000 57.907959
v -159.000000 60.906250 -69.000000
v -75.000000 106.918213 -65.000000
v -156.000000 130.000000 57.907959
v -156.000000 60.906250 -69.000000
v 45.000000 107.098145 71.000000
v 53.000000 107.097900 71.000000
v 47.972900 40.231689 -60.000000
v -157.000000 79.520996 -68.252686
v -30.000000 40.000000 3.000000
v -156.000000 79.520996 -68.252686
v -19.000000 46.097900 -69.000000
v -83.000000 107.097900 71.000000
v -83.000000 106.917969 -65.000000
v -15.000000 113.858398 -64.000000
v 53.000000 108.000000 -62.000000
v 127.000000 133.600098 6.400146
v -142.000000 106.858643 -65.000000
v 126.000000 133.600098 6.400146
v 73.000000 40.000000 -59.000000
v -34.000000 19.000000 -59.000000
v 65.000000 134.149902 24.000000
v -75.000000 106.917969 -65.000000
v 64.000000 134.149902 24.000000
v 129.000000 13.315918 67.051270
v 69.000000 40.000000 -59.000000
v 68.000000 40.000000 -59.000000
v -156.000000 116.000000 53.000000
v -95.000000 134.149658 24.000000
v -83.000000 45.725342 -68.961426
v 64.000000 40.000000 -59.000000
v 126.000000 116.000000 53.000000
v -83.000000 106.918213 -65.000000
v 129.000000 130.000000 57.907959
v -73.000000 40.000000 -59.000000
v 129.000000 60.906250 -69.000000
v 33.000000 133.707031 0.292969
v -64.000000 134.149902 24.000000
v -15.000000 113.858643 -64.000000
v 45.000000 108.000000 -62.000000
v -95.000000 134.149902 24.000000
v 126.000000 60.906250 -69.000000
v 32.000000 133.707031 0.292969
v -94.000000 134.149902 24.000000
v -69.000000 40.000000 -59.000000
v -159.000000 13.315918 67.051025
v -75.000000 45.725342 -68.961426
v -156.000000 130.000000 -49.908203
v -156.000000 130.000000 57.907715
v 33.000000 133.706787 0.293213
v 32.000000 133.706787 0.293213
v -19.000000 46.097656 -69.000000
v -77.000000 17.000000 -60.000000
v 89.026611 40.231934 4.000000
v -52.972900 40.231689 -60.000000
v 53.000000 106.918213 -65.000000
v -140.000000 13.000000 -32.000000
v -139.000000 13.000000 -32.000000
v 126.000000 134.149902 24.000000
v 53.000000 107.098145 71.000000
v 45.000000 107.097900 71.000000
v -77.000000 18.000000 4.000000
v -156.000000 45.918457 78.000000
v -11.000000 46.097900 -69.000000
v -95.000000 133.600098 6.400146
v 47.000000 40.000000 -59.000000
v -94.000000 133.600098 6.400146
v 126.000000 60.000000 70.086426
v -52.000000 40.000000 -59.000000
v 126.000000 130.000000 -49.908203
v -159.000000 61.075439 71.000000
v -139.000000 45.918457 78.000000
v 53.000000 106.917969 -65.000000
v -156.000000 61.075439 71.000000
v -156.000000 127.219482 -53.375488
v 129.000000 61.075439 71.000000
v -15.000000 119.219238 71.375488
v -159.000000 113.859131 72.000000
v 33.000000 134.150146 24.000000
v -156.000000 113.859131 72.000000
v -63.000000 133.706787 0.293213
v -62.000000 133.706787 0.293213
v 126.000000 60.000000 70.086670
v -18.000000 19.000000 -59.000000
v -15.000000 120.000000 72.000000
v 34.000000 134.149902 24.000000
v -140.000000 18.000000 -59.000000
v 45.000000 106.917969 -65.000000
v -139.000000 18.000000 -59.000000
v 33.000000 134.149902 24.000000
v -13.000000 40.000000 3.000000
v -15.000000 130.000000 -49.907959
v -11.000000 46.097656 -69.000000
v -19.000000 107.097900 -63.000000
v -159.000000 61.075195 71.000000
v 45.000000 106.918213 -65.000000
v 90.000000 40.000000 -60.000000
v -156.000000 61.075195 71.000000
v 126.000000 79.584717 -68.246826
v -34.000000 40.000000 -59.000000
v 125.000000 79.584717 -68.246826
v 129.000000 61.075195 71.000000
v -156.000000 130.000000 57.907227
v 66.000000 133.706787 0.293213
v 65.000000 133.706787 0.293213
v -159.000000 113.858643 72.000000
v 126.000000 61.112549 -65.000000
v -156.000000 107.000000 -66.000000
v -155.000000 107.000000 -66.000000
v -156.000000 113.858643 72.000000
v -95.000000 133.706787 0.293213
v -77.000000 13.000000 -32.000000
v 126.000000 107.000000 -66.000000
v -76.000000 13.000000 -32.000000
v -19.000000 107.097656 -63.000000
v 125.000000 107.000000 -66.000000
v -30.000000 40.000000 -59.000000
v -15.000000 106.858643 -65.010010
v -142.000000 107.000000 -66.000000
v -141.000000 107.000000 -66.000000
v -140.000000 107.000000 -66.000000
v 73.000000 40.000000 -60.000000
v 70.000000 40.000000 -60.000000
v 69.000000 40.000000 -60.000000
v -157.000000 114.000000 69.219971
v 68.000000 40.000000 -60.000000
v -156.000000 114.000000 69.219971
v -15.000000 119.218994 71.375488
v -15.000000 119.219238 71.375244
v 67.000000 40.000000 -60.000000
v -159.000000 45.933594 78.000000
v -153.000000 110.000000 -61.000000
v -156.000000 45.933594 78.000000
v -19.000000 108.000000 -62.000000
v -96.000000 133.706787 0.293213
v -159.000000 131.000000 58.000000
v 64.000000 40.000000 -60.000000
v -155.000000 130.000000 1.000000
v -158.000000 131.000000 58.000000
v -154.000000 130.000000 1.000000
v -156.000000 131.000000 58.000000
v 110.000000 107.000000 -66.000000
v 129.000000 131.000000 58.000000
v -143.000000 110.000000 -61.000000
v -73.000000 40.000000 -60.000000
v 109.000000 107.000000 -66.000000
v 128.000000 131.000000 58.000000
v -139.000000 13.000000 -31.000000
v 125.000000 130.000000 1.000000
v 126.000000 131.000000 58.000000
v 124.000000 130.000000 1.000000
v -63.000000 134.149902 24.000000
v -156.000000 127.219482 -53.375000
v -69.000000 40.000000 -60.000000
v 129.000000 13.316162 67.051514
v -157.000000 114.000000 69.219727
v -156.000000 133.707031 0.292969
v -156.000000 114.000000 69.219727
v -155.000000 133.707031 0.292969
v -159.000000 31.000000 74.000000
v -158.000000 31.000000 74.000000
v 129.000000 31.000000 74.000000
v 128.000000 31.000000 74.000000
v -159.000000 13.316162 67.051270
v -15.000000 131.000000 -50.000000
v 129.000000 45.933594 78.000000
v -155.000000 131.000000 1.000000
v 126.000000 45.933594 78.000000
v 126.000000 133.706787 0.293213
v 125.000000 131.000000 1.000000
v 125.000000 133.706787 0.293213
v -155.000000 130.000000 6.000000
v 47.000000 40.000000 -60.000000
v -157.000000 133.330078 4.000000
v -52.000000 40.000000 -60.000000
v -156.000000 133.330078 4.000000
v 125.000000 130.000000 6.000000
v -15.000000 106.858643 -65.010254
v -11.000000 107.097656 -63.000000
v -83.000000 107.000000 -66.000000
v -82.000000 107.000000 -66.000000
v -97.000000 130.000000 1.000000
v 53.000000 45.918457 78.000000
v -96.000000 130.000000 1.000000
v -153.000000 109.000000 -60.000000
v -76.000000 107.000000 -66.000000
v -75.000000 107.000000 -66.000000
v -157.000000 18.000000 68.000000
v -156.000000 18.000000 68.000000
v -11.000000 108.000000 -62.000000
v -143.000000 109.000000 -60.000000
v 127.000000 18.000000 68.000000
v 126.000000 18.000000 68.000000
v -11.000000 107.097900 -63.000000
v -156.000000 127.219238 -53.375244
v -156.000000 132.104004 -16.110352
v 45.000000 45.918457 78.000000
v -77.000000 13.000000 -31.000000
v 67.000000 130.000000 1.000000
v -156.000000 132.104248 -16.110352
v 66.000000 130.000000 1.000000
v -156.000000 107.000000 -65.659912
v -155.000000 107.000000 -65.659912
v -13.000000 40.000000 -59.000000
v 53.000000 107.000000 -66.000000
v -96.000000 131.000000 1.000000
v -156.000000 133.000000 1.000000
v -34.000000 40.000000 -60.000000
v 52.000000 107.000000 -66.000000
v -155.000000 133.000000 1.000000
v -154.000000 133.000000 1.000000
v 126.000000 133.000000 1.000000
v 125.000000 133.000000 1.000000
v -96.000000 130.000000 6.000000
v -157.000000 114.000000 69.000000
v 124.000000 133.000000 1.000000
v -156.000000 114.000000 69.000000
v -156.000000 132.103760 -16.110352
v 127.000000 114.000000 69.000000
v -62.000000 130.000000 1.000000
v 126.000000 114.000000 69.000000
v 126.000000 127.219238 -53.375244
v -61.000000 130.000000 1.000000
v -30.000000 40.000000 -60.000000
v 46.000000 107.000000 -66.000000
v -15.000000 113.858643 72.010010
v 45.000000 107.000000 -66.000000
v 66.000000 131.000000 1.000000
v 126.000000 45.918457 78.000000
v -159.000000 135.000000 4.092285
v -157.000000 79.510986 -68.253174
v -156.000000 135.000000 4.092285
v -156.000000 134.000000 7.110596
v -156.000000 79.510986 -68.253174
v 66.000000 130.000000 6.000000
v -155.000000 133.000000 6.000000
v 85.000000 19.000000 4.000000
v 109.000000 45.918457 78.000000
v -62.000000 131.000000 1.000000
v 125.000000 133.000000 6.000000
v -157.000000 79.542236 -68.250488
v -156.000000 79.542236 -68.250488
v 89.026855 40.231445 4.000000
v -62.000000 130.000000 6.000000
v -75.000000 113.858643 -64.000000
v -63.000000 133.330078 4.000000
v 89.026611 40.231934 -60.000000
v 129.000000 135.000000 4.092285
v -15.000000 113.859131 72.010010
v -97.000000 133.000000 1.000000
v -96.000000 133.000000 1.000000
v -95.000000 133.000000 1.000000
v 126.000000 135.000000 4.092285
v 70.000000 19.000000 4.000000
v 126.000000 134.000000 7.110596
v 69.000000 19.000000 4.000000
v -83.000000 45.918457 78.000000
v 68.000000 19.000000 4.000000
v -156.000000 128.000000 -54.000000
v 67.000000 19.000000 4.000000
v 70.000000 60.000000 -60.000000
v 69.000000 60.000000 -60.000000
v 68.000000 60.000000 -60.000000
v 126.000000 128.000000 -54.000000
v 67.000000 60.000000 -60.000000
v -15.000000 130.000000 57.907715
v -73.000000 19.000000 4.000000
v -75.000000 45.918457 78.000000
v 127.000000 45.976318 -71.000000
v -72.000000 19.000000 4.000000
v 126.000000 45.976318 -71.000000
v -75.000000 113.858398 -64.000000
v 129.000000 130.000000 57.908203
v 32.000000 130.000000 1.000000
v -13.972900 40.231445 -60.000000
v 126.000000 127.219482 -53.375000
v 126.000000 130.000000 57.908203
v -73.000000 60.000000 -60.000000
v -15.000000 113.858643 72.010254
v -72.000000 60.000000 -60.000000
v 31.000000 130.000000 1.000000
v 67.000000 133.000000 1.000000
v -156.000000 132.103516 -16.110596
v 66.000000 133.000000 1.000000
v 65.000000 133.000000 1.000000
v -83.000000 113.858643 -64.000000
v -95.000000 135.000000 4.092285
v -95.000000 134.000000 7.110596
v -157.000000 107.000000 -62.000000
v -156.000000 107.000000 -62.000000
v -153.000000 109.000000 -61.000000
v -152.000000 109.000000 -61.000000
v -156.000000 132.103760 -16.110596
v 127.000000 114.000000 69.219727
v 126.000000 114.000000 69.219727
v 126.000000 107.000000 -62.000000
v 127.000000 106.923584 74.000000
v -144.000000 109.000000 -61.000000
v 126.000000 106.923584 74.000000
v -143.000000 109.000000 -61.000000
v -15.000000 45.918457 78.000000
v -157.000000 107.111816 74.000000
v -156.000000 107.111816 74.000000
v -141.000000 107.000000 -62.000000
v -140.000000 107.000000 -62.000000
v -96.000000 133.000000 6.000000
v 52.000000 19.000000 4.000000
v -30.989746 39.858398 -60.000000
v -57.000000 19.000000 4.000000
v -63.000000 133.000000 1.000000
v -62.000000 133.000000 1.000000
v 32.000000 131.000000 1.000000
v -159.000000 61.010010 78.000000
v -158.000000 61.010010 78.000000
v -157.000000 61.010010 78.000000
v -61.000000 133.000000 1.000000
v -156.000000 61.010010 78.000000
v -159.000000 119.835693 71.013672
v -13.973145 40.231689 -60.000000
v 129.000000 61.010010 78.000000
v -156.000000 119.835693 71.013672
v -15.000000 13.315918 67.051025
v 128.000000 61.010010 78.000000
v 127.000000 114.000000 69.219971
v 126.000000 114.000000 69.219971
v 110.000000 107.000000 -62.000000
v 32.000000 130.000000 6.000000
v 109.000000 107.000000 -62.000000
v 34.000000 133.330078 4.000000
v -13.972900 40.231689 -60.000000
v 126.000000 132.103516 -16.110596
v -13.000000 40.000000 -60.000000
v 33.000000 133.330078 4.000000
v -157.000000 45.976318 -71.000000
v -156.000000 45.976318 -71.000000
v 66.000000 133.000000 6.000000
v 127.000000 133.330078 4.000000
v -63.000000 132.104004 -16.110352
v 127.000000 79.540771 -68.250977
v -159.000000 61.112549 -65.000000
v 126.000000 133.330078 4.000000
v 126.000000 79.540771 -68.250977
v -156.000000 61.112549 -65.000000
v 129.000000 61.112549 -65.000000
v -63.000000 135.000000 4.092285
v -63.000000 134.000000 7.110596
v 126.000000 132.103760 -16.110596
v -159.000000 119.835449 71.013672
v -15.000000 132.104004 -16.109863
v -156.000000 119.835449 71.013672
v -15.000000 13.315918 67.051270
v -19.000000 107.000000 -66.000000
v -11.000000 45.918457 78.000000
v 65.000000 135.000000 4.092285
v -18.000000 107.000000 -66.000000
v 65.000000 134.000000 7.110596
v -142.000000 113.858643 -64.000000
v -30.989746 39.858643 -60.000000
v -95.000000 132.103516 -16.110596
v 129.000000 119.835693 71.013672
v 129.000000 119.835449 71.013916
v -62.000000 133.000000 6.000000
v -157.000000 46.000000 -68.000000
v 67.989746 60.858643 -60.000000
v -156.000000 46.000000 -68.000000
v -159.000000 119.835693 71.014160
v -153.000000 110.000000 -59.000000
v -15.000000 130.000000 57.907227
v -95.000000 132.103760 -16.110596
v -156.000000 119.835693 71.014160
v 127.000000 46.000000 -68.000000
v 126.000000 46.000000 -68.000000
v 126.000000 127.219482 -53.375488
v -143.000000 110.000000 -59.000000
v -15.000000 107.000000 -66.000000
v -141.000000 46.000000 -68.000000
v -140.000000 46.000000 -68.000000
v -34.000000 19.000000 4.000000
v -33.000000 19.000000 4.000000
v -83.000000 107.000000 -62.000000
v 33.000000 133.000000 1.000000
v 129.000000 119.835693 71.013916
v -82.000000 107.000000 -62.000000
v -34.000000 60.000000 -60.000000
v 32.000000 133.000000 1.000000
v -33.000000 60.000000 -60.000000
v 31.000000 133.000000 1.000000
v -76.000000 107.000000 -62.000000
v -75.000000 107.000000 -62.000000
v 110.000000 46.000000 -68.000000
v 109.000000 46.000000 -68.000000
v -95.000000 133.330078 4.000000
v -94.000000 133.330078 4.000000
v 126.000000 114.112549 -59.000000
v 33.000000 132.103760 -16.110352
v -15.000000 131.000000 58.000000
v 65.000000 132.103760 -16.110596
v 70.000000 61.000000 -60.000000
v -12.000000 107.000000 -66.000000
v 69.000000 61.000000 -60.000000
v 67.989746 60.858398 -60.000000
v 68.000000 61.000000 -60.000000
v 67.000000 61.000000 -60.000000
v 127.000000 61.010010 78.000000
v -63.000000 132.103760 -16.110596
v 126.000000 61.010010 78.000000
v 65.000000 132.103516 -16.110596
v -11.000000 107.000000 -66.000000
v -73.000000 61.000000 -60.000000
v 53.000000 107.000000 -62.000000
v 65.000000 133.330078 4.000000
v -72.000000 61.000000 -60.000000
v 64.000000 133.330078 4.000000
v -140.000000 108.000000 -66.000000
v 126.000000 114.112793 -59.000000
v 52.000000 107.000000 -62.000000
v -63.000000 132.104004 -16.110596
v 32.000000 133.000000 6.000000
v 126.000000 132.103760 -16.110352
v -159.000000 12.000000 -53.897217
v -156.000000 106.858643 -65.010254
v -64.000000 133.330078 4.000000
v 46.000000 107.000000 -62.000000
v 33.000000 135.000000 4.092285
v 33.000000 134.000000 7.110596
v 109.000000 108.000000 -66.000000
v 126.000000 132.104004 -16.110352
v 45.000000 107.000000 -62.000000
v -142.000000 106.858643 -65.010254
v -83.000000 46.000000 -68.000000
v -82.000000 46.000000 -68.000000
v 126.000000 132.104248 -16.110352
v -15.000000 127.219482 -53.375488
v -159.000000 5.000000 4.000000
v -95.000000 132.103760 -16.110352
v -76.000000 46.000000 -68.000000
v -158.000000 5.000000 4.000000
v -19.000000 45.918457 78.000000
v -18.972900 19.231445 4.000000
v -75.000000 46.000000 -68.000000
v 129.000000 5.000000 4.000000
v -18.000000 19.000000 4.000000
v 128.000000 5.000000 4.000000
v 126.000000 56.000000 -16.082764
v 126.000000 5.000000 4.000000
v 129.000000 12.000000 -53.897217
v -159.000000 114.000000 73.000000
v -15.000000 127.219238 -53.375244
v -158.000000 114.000000 73.000000
v -159.000000 47.000000 -17.000000
v -156.000000 114.000000 73.000000
v -159.000000 12.000000 -53.896973
v 84.026855 19.231445 -60.000000
v -156.000000 47.000000 -17.000000
v 129.000000 114.000000 73.000000
v 128.000000 114.000000 73.000000
v -57.972900 19.231689 -60.000000
v 129.000000 47.000000 -17.000000
v 126.000000 47.000000 -17.000000
v -15.000000 113.858643 -64.010010
v 53.000000 46.000000 -68.000000
v 52.000000 46.000000 -68.000000
v 33.000000 132.103760 -16.110596
v 65.000000 132.103760 -16.110352
v -83.000000 108.000000 -66.000000
v -15.000000 133.000000 1.000000
v -156.000000 106.858643 -65.010010
v -33.989990 60.858643 -60.000000
v 33.000000 132.103516 -16.110596
v -156.000000 107.097900 -63.000000
v -159.000000 114.112793 -59.000000
v -75.000000 108.000000 -66.000000
v -156.000000 107.000000 -65.660400
v -155.000000 107.000000 -65.660400
v -156.000000 114.112793 -59.000000
v 46.000000 46.000000 -68.000000
v 129.000000 114.112793 -59.000000
v -15.000000 13.315918 -59.051270
v 45.000000 46.000000 -68.000000
v -142.000000 106.858643 -65.010010
v -15.000000 132.103760 -16.110352
v 52.972900 19.231689 -60.000000
v 85.000000 20.000000 4.000000
v 129.000000 12.000000 -53.896973
v -140.000000 107.097900 -63.000000
v -34.000000 61.000000 -60.000000
v -33.000000 61.000000 -60.000000
v -15.000000 132.104004 -16.110352
v -15.000000 13.316162 67.051270
v -156.000000 107.097656 -63.000000
v -15.000000 135.000000 4.092285
v -159.000000 114.112549 -59.000000
v -156.000000 107.000000 -65.660156
v -155.000000 107.000000 -65.660156
v -156.000000 114.112549 -59.000000
v 129.000000 114.112549 -59.000000
v 126.000000 107.097656 -63.000000
v -15.000000 132.104248 -16.110352
v 109.000000 107.097900 -63.000000
v 53.000000 108.000000 -66.000000
v -159.000000 128.000000 62.000000
v 69.000000 20.000000 4.000000
v -158.000000 128.000000 62.000000
v 68.000000 20.000000 4.000000
v -140.000000 107.097656 -63.000000
v -156.000000 128.000000 62.000000
v 129.000000 128.000000 62.000000
v 128.000000 128.000000 62.000000
v -15.000000 127.219482 -53.375000
v -15.000000 13.316162 67.051514
v -18.972900 19.231689 4.000000
v -159.000000 6.000000 4.102783
v -73.000000 20.000000 4.000000
v 129.000000 6.000000 4.102783
v -15.000000 113.858643 -64.010254
v 126.000000 107.097900 -63.000000
v 109.000000 107.097656 -63.000000
v 45.000000 108.000000 -66.000000
v -159.000000 46.000000 -71.000000
v -159.000000 60.934082 -69.000000
v -158.000000 46.000000 -71.000000
v -157.000000 46.000000 -71.000000
v -156.000000 46.000000 -71.000000
v -156.000000 60.934082 -69.000000
v 129.000000 46.000000 -71.000000
v -153.000000 109.000000 -59.000000
v -152.000000 109.000000 -59.000000
v -19.000000 107.000000 -62.000000
v -156.000000 113.858643 72.010254
v 128.000000 46.000000 -71.000000
v -15.000000 128.000000 -54.000000
v 126.000000 136.707275 4.706787
v 127.000000 46.000000 -71.000000
v 125.000000 136.707275 4.706787
v 126.000000 46.000000 -71.000000
v -57.972900 19.231445 -60.000000
v -52.973145 40.231934 -60.000000
v -159.000000 6.000000 3.897217
v -144.000000 109.000000 -59.000000
v -18.000000 107.000000 -62.000000
v -143.000000 109.000000 -59.000000
v -141.000000 46.000000 -71.000000
v -140.000000 46.000000 -71.000000
v 129.000000 6.000000 3.897217
v 52.000000 20.000000 4.000000
v -57.000000 20.000000 4.000000
v 126.000000 6.000000 3.897217
v -95.000000 141.000000 24.000000
v -15.000000 132.103516 -16.110596
v 110.000000 46.000000 -71.000000
v 109.000000 46.000000 -71.000000
v -75.000000 107.097900 -63.000000
v -159.000000 56.000000 -16.082764
v -15.000000 132.103760 -16.110596
v -156.000000 56.000000 -16.082764
v 129.000000 60.934082 -69.000000
v 52.972900 19.231445 -60.000000
v 129.000000 113.858643 72.010254
v -96.000000 136.707275 4.706787
v -63.000000 133.600342 6.399658
v -83.000000 107.097656 -63.000000
v 65.000000 141.000000 24.000000
v -15.000000 132.104004 -16.110596
v -159.000000 46.000000 -16.000000
v -156.000000 46.000000 -16.000000
v 129.000000 46.000000 -16.000000
v 127.000000 46.025146 79.000000
v -95.000000 142.000000 24.000000
v 126.000000 46.000000 -16.000000
v 126.000000 132.104004 -16.109863
v 126.000000 46.025146 79.000000
v -94.000000 142.000000 24.000000
v -75.000000 107.097656 -63.000000
v -159.000000 113.906250 -64.000000
v -156.000000 113.906250 -64.000000
v 129.000000 113.859131 72.010010
v 53.000000 107.097900 -63.000000
v -95.000000 136.707275 4.706787
v -12.000000 107.000000 -62.000000
v 66.000000 136.707275 4.706787
v -63.000000 141.000000 24.000000
v -83.000000 107.097900 -63.000000
v 65.000000 136.707275 4.706787
v -159.000000 113.858643 72.010010
v -156.000000 113.858643 72.010010
v -19.000000 46.000000 -68.000000
v 129.000000 56.000000 -16.082764
v -18.000000 46.000000 -68.000000
v -156.000000 116.110352 -62.000000
v -11.000000 107.000000 -62.000000
v -15.000000 13.315918 -59.051025
v 65.000000 142.000000 24.000000
v -34.000000 20.000000 4.000000
v 64.000000 142.000000 24.000000
v -83.000000 46.000000 -71.000000
v -82.000000 46.000000 -71.000000
v 53.000000 107.097656 -63.000000
v -159.000000 60.933594 -69.000000
v -156.000000 60.933594 -69.000000
v -76.000000 46.000000 -71.000000
v 129.000000 113.906250 -64.000000
v -75.000000 46.000000 -71.000000
v 126.000000 113.906250 -64.000000
v -64.000000 142.000000 24.000000
v -156.000000 116.110107 -62.000000
v -156.000000 79.580078 -68.247314
v 129.000000 46.315918 78.051270
v -155.000000 79.580078 -68.247314
v -63.000000 142.000000 24.000000
v 129.000000 113.858643 72.010010
v 45.000000 107.097656 -63.000000
v -57.973145 19.231934 4.000000
v -63.000000 136.707275 4.706787
v -62.000000 136.707275 4.706787
v -19.000000 108.000000 -66.000000
v 129.000000 46.316162 78.051514
v 53.000000 46.000000 -71.000000
v -15.000000 13.316162 -59.051270
v 129.000000 60.933594 -69.000000
v 52.000000 46.000000 -71.000000
v 65.000000 131.110107 23.000000
v 126.000000 60.933594 -69.000000
v 45.000000 107.097900 -63.000000
v 64.989746 39.858643 4.000000
v -12.000000 46.000000 -68.000000
v 65.000000 133.600342 6.399658
v 33.000000 141.000000 24.000000
v 64.000000 133.600342 6.399658
v -159.000000 12.000000 61.897217
v -159.000000 46.316162 78.051270
v -11.000000 46.000000 -68.000000
v 46.000000 46.000000 -71.000000
v -15.000000 119.835693 71.014160
v 45.000000 46.000000 -71.000000
v -156.000000 132.104004 -16.109863
v -64.000000 133.600342 6.399658
v 126.000000 106.858643 -65.010010
v 33.000000 136.707275 4.706787
v -159.000000 61.019531 78.000000
v -158.000000 61.019531 78.000000
v 32.000000 136.707275 4.706787
v -157.000000 61.019531 78.000000
v -156.000000 61.019531 78.000000
v 129.000000 61.019531 78.000000
v 128.000000 61.019531 78.000000
v 127.000000 61.019531 78.000000
v -18.000000 20.000000 4.000000
v 34.000000 142.000000 24.000000
v 109.000000 45.000000 -71.000000
v 126.000000 61.019531 78.000000
v 33.000000 142.000000 24.000000
v -15.000000 119.835693 71.013916
v -15.000000 119.835449 71.013672
v -95.000000 131.110107 23.000000
v 129.000000 12.000000 61.897217
v 64.989746 39.858398 4.000000
v -159.000000 114.000000 -65.000000
v -158.000000 114.000000 -65.000000
v -159.000000 47.000000 -16.000000
v -156.000000 114.000000 -65.000000
v -158.000000 47.000000 -16.000000
v -155.000000 114.000000 -65.000000
v -157.000000 47.000000 -16.000000
v -156.000000 47.000000 -16.000000
v 129.000000 114.000000 -65.000000
v 128.000000 114.000000 -65.000000
v 129.000000 47.000000 -16.000000
v 128.000000 47.000000 -16.000000
v 126.000000 114.000000 -65.000000
v 127.000000 47.000000 -16.000000
v 125.000000 114.000000 -65.000000
v 126.000000 47.000000 -16.000000
v -11.000000 108.000000 -66.000000
v -15.000000 119.835693 71.013672
v -15.000000 119.835449 71.013916
v -142.000000 114.000000 -65.000000
v -75.000000 116.110107 -62.000000
v -83.000000 106.858643 -65.010010
v -75.000000 106.858643 -65.010010
v -15.000000 114.000000 73.000000
v 33.000000 131.110107 23.000000
v -63.000000 131.110107 23.000000
v 126.000000 60.934082 -69.000000
v 126.000000 106.858643 -65.010254
v -159.000000 12.000000 61.896729
v -159.000000 11.000000 -54.000000
v -158.000000 11.000000 -54.000000
v -75.000000 45.000000 -71.000000
v 109.000000 45.000000 -68.000000
v 129.000000 11.000000 -54.000000
v 128.000000 11.000000 -54.000000
v 126.000000 116.110107 -62.000000
v -157.000000 133.600342 6.399658
v -156.000000 133.600342 6.399658
v 127.000000 107.036865 -62.000000
v 126.000000 107.036865 -62.000000
v -156.000000 107.110352 71.000000
v 53.000000 45.000000 -71.000000
v -139.000000 18.000000 -31.000000
v 126.000000 116.110352 -62.000000
v -83.000000 114.000000 -65.000000
v -19.000000 46.000000 -71.000000
v -156.000000 113.858643 -64.010254
v -15.000000 128.000000 62.000000
v -75.000000 114.000000 -65.000000
v -18.000000 46.000000 -71.000000
v -156.000000 107.110107 71.000000
v -156.000000 79.560791 -68.249023
v 45.000000 45.000000 -71.000000
v -155.000000 79.560791 -68.249023
v -142.000000 113.858643 -64.010254
v -159.000000 13.948730 67.683838
v 129.000000 13.948730 67.683838
v -75.000000 45.000000 -68.000000
v -15.000000 46.000000 -71.000000
v -159.000000 56.000000 -16.083008
v -156.000000 56.000000 -16.083008
v 72.010010 39.858643 -60.000000
v -159.000000 13.948730 67.683594
v -159.000000 13.000000 68.000000
v -158.000000 13.000000 68.000000
v -156.000000 113.858398 -64.010010
v -156.000000 131.109863 24.000000
v 129.000000 13.000000 68.000000
v 128.000000 13.000000 68.000000
v 126.000000 13.948730 67.683594
v 126.000000 13.000000 68.000000
v 53.000000 45.000000 -68.000000
v -142.000000 113.858398 -64.010010
v -156.000000 131.110107 24.000000
v -18.972900 19.231445 -60.000000
v -13.972900 40.231445 4.000000
v -12.000000 46.000000 -71.000000
v 126.000000 133.707031 7.707031
v 125.000000 133.707031 7.707031
v -156.000000 113.858643 -64.010010
v -77.000000 18.000000 -31.000000
v 129.000000 56.000000 -16.083008
v 126.000000 13.948730 67.683838
v -63.000000 133.600098 1.600098
v 126.000000 56.000000 -16.083008
v -11.000000 46.000000 -71.000000
v 45.000000 45.000000 -68.000000
v -142.000000 113.858643 -64.010010
v -75.000000 116.110352 -62.000000
v 126.000000 136.707031 4.707031
v -63.000000 133.600098 1.600586
v 125.000000 136.707031 4.707031
v 72.010010 39.858398 -60.000000
v -19.000000 106.918213 73.000000
v -156.000000 136.707275 4.706787
v 126.000000 12.000000 61.896729
v -155.000000 136.707275 4.706787
v -157.000000 46.017578 -71.000000
v -156.000000 46.017578 -71.000000
v 34.000000 133.600098 1.600098
v 127.000000 46.017578 -71.000000
v 33.000000 133.600098 1.600098
v 126.000000 46.017578 -71.000000
v 126.000000 131.109863 24.000000
v 34.000000 133.600098 1.600586
v 33.000000 133.600098 1.600586
v -13.972900 40.231689 4.000000
v 65.000000 134.149902 -15.000000
v 126.000000 131.110107 24.000000
v -156.000000 135.000000 4.091797
v -159.000000 113.835449 72.013672
v 72.010010 39.858643 4.000000
v -156.000000 113.835449 72.013672
v 85.000000 19.000000 3.000000
v -13.973145 40.231689 4.000000
v -96.000000 133.707031 7.707031
v -95.000000 134.149902 -15.000000
v -95.000000 133.707031 7.707031
v 65.000000 131.110107 24.000000
v 129.000000 113.835693 72.013672
v 129.000000 113.835449 72.013916
v 64.000000 131.110107 24.000000
v -159.000000 113.835693 72.014160
v -156.000000 113.835693 72.014160
v -15.000000 127.199707 -53.399902
v -19.000000 45.000000 -71.000000
v 65.000000 131.109863 24.000000
v -15.000000 130.200195 -49.400146
v -96.000000 136.707031 4.707031
v 129.000000 13.315918 -59.051025
v 64.000000 131.109863 24.000000
v -95.000000 136.707031 4.707031
v -64.000000 131.110107 24.000000
v 127.000000 133.600098 1.600098
v 69.000000 19.000000 3.000000
v 89.027100 40.231934 -60.000000
v 126.000000 133.600098 1.600098
v 68.000000 19.000000 3.000000
v 126.000000 135.000000 4.091797
v 129.000000 113.835693 72.013916
v -18.972900 19.231689 -60.000000
v 126.000000 107.110107 71.000000
v 66.000000 133.707031 7.707031
v 126.000000 79.561768 -68.249023
v 65.000000 133.707031 7.707031
v 127.000000 133.600098 1.600586
v 125.000000 79.561768 -68.249023
v 126.000000 133.600098 1.600586
v -64.000000 131.109863 24.000000
v -73.000000 19.000000 3.000000
v -15.000000 106.918213 73.000000
v 72.010010 39.858398 4.000000
v -95.000000 131.109863 24.000000
v -94.000000 131.109863 24.000000
v 127.000000 107.027100 -62.000000
v 126.000000 107.027100 -62.000000
v 66.000000 136.707031 4.707031
v 65.000000 136.707031 4.707031
v -95.000000 131.110107 24.000000
v 126.000000 60.906006 -69.000000
v 90.000000 39.000000 -60.000000
v -94.000000 131.110107 24.000000
v -15.000000 46.316162 78.051270
v 126.000000 60.913330 77.000000
v 127.000000 79.562012 -68.249023
v 126.000000 107.110352 71.000000
v -63.000000 133.707031 7.707031
v 126.000000 79.562012 -68.249023
v -83.000000 13.316162 -59.051270
v -95.000000 135.000000 4.091797
v -62.000000 133.707031 7.707031
v 126.000000 12.000000 61.897217
v -72.989990 60.858643 4.000000
v -63.000000 136.707031 4.707031
v 52.000000 19.000000 3.000000
v 65.000000 133.600098 1.600098
v 84.027100 19.231689 4.000000
v 64.000000 133.600098 1.600098
v -62.000000 136.707031 4.707031
v -57.000000 19.000000 3.000000
v -159.000000 119.213379 -63.382324
v 73.000000 39.000000 -60.000000
v -159.000000 127.218750 61.375732
v -156.000000 119.213379 -63.382324
v -15.000000 46.316162 78.051514
v 65.000000 133.600098 1.600586
v 33.000000 134.149902 -15.000000
v 64.000000 133.600098 1.600586
v -156.000000 127.218750 61.375732
v -11.000000 106.918213 73.000000
v -15.000000 127.199951 -53.399658
v -63.000000 131.109863 24.000000
v -19.000000 45.000000 -68.000000
v -64.000000 133.600098 1.600098
v 64.000000 39.000000 -60.000000
v -95.000000 133.600098 1.600098
v -94.000000 133.600098 1.600098
v -11.000000 45.000000 -71.000000
v -15.000000 114.000000 -65.000000
v -64.000000 133.600098 1.600586
v 34.000000 131.110107 24.000000
v -95.000000 133.600098 1.600586
v -94.000000 133.600098 1.600586
v 33.000000 131.110107 24.000000
v -63.000000 131.110107 24.000000
v -69.000000 39.000000 -60.000000
v -15.000000 46.315918 78.051270
v 126.000000 60.913574 77.000000
v -159.000000 60.906006 -69.000000
v -156.000000 60.906006 -69.000000
v -63.000000 135.000000 4.091797
v 34.000000 131.109863 24.000000
v -15.000000 127.200195 -53.400146
v 33.000000 131.109863 24.000000
v -159.000000 136.000000 4.000000
v -72.989990 60.858398 4.000000
v -158.000000 136.000000 4.000000
v -157.000000 136.000000 4.000000
v -156.000000 136.000000 4.000000
v 129.000000 119.213379 -63.382324
v -155.000000 136.000000 4.000000
v -154.000000 136.000000 4.000000
v 129.000000 136.000000 4.000000
v 128.000000 136.000000 4.000000
v 127.000000 136.000000 4.000000
v 65.000000 135.000000 4.091797
v 126.000000 136.000000 4.000000
v 125.000000 136.000000 4.000000
v 124.000000 136.000000 4.000000
v 33.000000 133.707031 7.707031
v 32.000000 133.707031 7.707031
v 70.000000 61.000000 -59.000000
v 69.000000 61.000000 -59.000000
v -159.000000 120.000000 -64.000000
v -158.000000 120.000000 -64.000000
v 68.000000 61.000000 -59.000000
v -156.000000 120.000000 -64.000000
v 67.000000 61.000000 -59.000000
v 129.000000 120.000000 -64.000000
v 128.000000 120.000000 -64.000000
v 126.000000 13.948486 67.683838
v 33.000000 136.707031 4.707031
v 47.000000 39.000000 -60.000000
v -34.000000 19.000000 3.000000
v 126.000000 120.000000 -64.000000
v 129.000000 60.906006 -69.000000
v 32.000000 136.707031 4.707031
v -52.000000 39.000000 -60.000000
v -73.000000 61.000000 -59.000000
v -72.000000 61.000000 -59.000000
v -63.000000 134.149902 -15.000000
v -156.000000 127.219482 61.375000
v -159.000000 13.316162 -59.051270
v -15.000000 134.149902 -16.000000
v 129.000000 13.316162 -59.051270
v -157.000000 133.600098 1.600098
v -57.973145 19.231934 -60.000000
v -156.000000 133.600098 1.600098
v -11.000000 45.000000 -68.000000
v -15.000000 134.150146 -16.000000
v -157.000000 133.600098 1.600586
v -156.000000 133.600098 1.600586
v -140.000000 13.316162 -59.051270
v 126.000000 113.858643 -64.010010
v -159.000000 11.948730 -53.683838
v -97.000000 136.000000 4.000000
v -96.000000 136.000000 4.000000
v -95.000000 136.000000 4.000000
v -15.000000 130.199707 -49.399658
v -94.000000 136.000000 4.000000
v 129.000000 127.219482 61.375000
v 126.000000 127.199951 -53.399658
v -159.000000 119.213623 -63.382080
v -156.000000 119.213623 -63.382080
v -15.000000 130.199951 -49.399658
v -23.000000 3.000000 -4.000000
v -23.000000 19.000000 12.000000
v 67.000000 136.000000 4.000000
v 66.000000 136.000000 4.000000
v -75.000000 113.858398 -64.010010
v 65.000000 136.000000 4.000000
v 64.000000 136.000000 4.000000
v 33.000000 135.000000 4.091797
v -30.000000 39.000000 -60.000000
v 126.000000 127.200195 -53.400146
v -157.000000 60.982666 -70.000000
v -156.000000 60.982666 -70.000000
v -159.000000 119.213379 -63.382080
v -159.000000 127.219238 61.375244
v -156.000000 119.213379 -63.382080
v 129.000000 11.948730 -53.683838
v -156.000000 127.219238 61.375244
v -83.000000 113.858643 -64.010010
v 126.000000 45.933350 78.000000
v -159.000000 11.948730 -53.683594
v -18.000000 19.000000 3.000000
v -64.000000 136.000000 4.000000
v -157.000000 107.012451 74.000000
v -156.000000 107.012451 74.000000
v -63.000000 136.000000 4.000000
v 129.000000 119.213623 -63.382080
v -75.000000 113.858643 -64.010010
v -62.000000 136.000000 4.000000
v -61.000000 136.000000 4.000000
v -15.000000 13.000000 68.000000
v -34.000000 61.000000 -59.000000
v -83.000000 113.858398 -64.010010
v -83.000000 13.315918 -59.051270
v -159.000000 60.913574 77.000000
v 126.000000 113.858643 -64.010254
v -156.000000 46.097900 77.000000
v -52.973145 40.231934 4.000000
v -33.000000 61.000000 -59.000000
v -156.000000 60.913574 77.000000
v -159.000000 113.835693 -64.013672
v -156.000000 113.835693 -64.013672
v 129.000000 119.213379 -63.382080
v 129.000000 127.219238 61.375244
v 70.000000 61.000000 3.000000
v 126.000000 119.213379 -63.382080
v 69.000000 61.000000 3.000000
v -139.000000 46.097900 77.000000
v 68.000000 61.000000 3.000000
v 67.000000 61.000000 3.000000
v -156.000000 45.725342 76.961670
v 129.000000 11.948730 -53.683594
v -73.000000 61.000000 3.000000
v -72.000000 61.000000 3.000000
v -159.000000 45.933350 78.000000
v -156.000000 45.933350 78.000000
v -155.000000 130.000000 7.000000
v -154.000000 130.000000 7.000000
v -33.989746 60.858643 -60.000000
v 126.000000 119.213623 -63.382080
v 125.000000 130.000000 7.000000
v -156.000000 116.110352 70.000000
v -156.000000 79.557129 -68.249512
v -15.000000 131.109863 24.000000
v -155.000000 79.557129 -68.249512
v 124.000000 130.000000 7.000000
v 129.000000 60.913574 77.000000
v -15.000000 46.316406 -70.051270
v 129.000000 113.835693 -64.013672
v -159.000000 60.913330 77.000000
v -73.000000 60.858643 -60.000000
v -156.000000 60.913330 77.000000
v -15.000000 131.110107 24.000000
v -23.000000 19.000000 -4.000000
v 34.000000 136.000000 4.000000
v 33.000000 136.000000 4.000000
v -159.000000 13.000000 -60.000000
v -15.000000 135.000000 4.091797
v -158.000000 13.000000 -60.000000
v 32.000000 136.000000 4.000000
v 129.000000 13.000000 -60.000000
v -156.000000 116.110107 70.000000
v 128.000000 13.000000 -60.000000
v 126.000000 127.199707 -53.399902
v 31.000000 136.000000 4.000000
v -155.000000 131.000000 7.000000
v 129.000000 45.933350 78.000000
v -156.000000 133.707031 7.707031
v -155.000000 133.707031 7.707031
v -141.000000 13.000000 -60.000000
v -140.000000 13.000000 -60.000000
v -139.000000 13.000000 -60.000000
v 125.000000 131.000000 7.000000
v -159.000000 113.835693 72.013428
v -159.000000 31.000000 24.000000
v -156.000000 113.835693 72.013428
v -158.000000 31.000000 24.000000
v -157.000000 31.000000 24.000000
v -156.000000 31.000000 24.000000
v -33.989746 60.858398 -60.000000
v 129.000000 31.000000 24.000000
v 128.000000 31.000000 24.000000
v -156.000000 136.707031 4.707031
v 127.000000 31.000000 24.000000
v -155.000000 136.707031 4.707031
v 126.000000 31.000000 24.000000
v -13.000000 39.000000 -60.000000
v 126.000000 133.707275 7.707275
v 129.000000 60.913330 77.000000
v 125.000000 133.707275 7.707275
v -83.000000 46.097900 77.000000
v -15.000000 130.199951 57.399902
v 127.000000 31.000000 -63.709961
v 126.000000 31.000000 -63.709961
v -97.000000 130.000000 7.000000
v -96.000000 130.000000 7.000000
v -75.000000 46.097900 77.000000
v 126.000000 136.707275 4.707275
v 126.000000 46.097900 77.000000
v 125.000000 136.707275 4.707275
v -159.000000 6.000000 3.896973
v 126.000000 6.000000 3.896973
v -156.000000 127.199707 -53.399902
v -159.000000 135.000000 4.092041
v -7.000000 19.000000 12.000000
v -7.000000 3.000000 -4.000000
v -156.000000 135.000000 4.092041
v 67.000000 130.000000 7.000000
v -96.000000 133.707275 7.707275
v 66.000000 130.000000 7.000000
v 109.000000 46.097900 77.000000
v -34.000000 61.000000 3.000000
v -33.000000 61.000000 3.000000
v -15.000000 113.835693 72.014160
v -96.000000 131.000000 7.000000
v -83.000000 46.097656 77.000000
v -156.000000 133.000000 7.000000
v -155.000000 133.000000 7.000000
v -154.000000 133.000000 7.000000
v -96.000000 136.707275 4.707275
v -15.000000 130.199951 57.400146
v 126.000000 133.000000 7.000000
v 125.000000 133.000000 7.000000
v -83.000000 13.000000 -60.000000
v 124.000000 133.000000 7.000000
v -159.000000 60.000000 -64.083252
v -75.000000 46.097656 77.000000
v -82.000000 13.000000 -60.000000
v 129.000000 13.316406 -59.051025
v -156.000000 60.000000 -64.083252
v -95.000000 133.707275 7.707275
v 66.000000 133.707275 7.707275
v 129.000000 60.000000 -64.083252
v -62.000000 130.000000 7.000000
v 65.000000 133.707275 7.707275
v 45.000000 46.097900 77.000000
v -61.000000 130.000000 7.000000
v -77.000000 13.000000 -60.000000
v 126.000000 119.213379 -63.382324
v -156.000000 133.154297 -15.907959
v -76.000000 13.000000 -60.000000
v 129.000000 135.000000 4.092041
v -15.000000 113.835693 72.013916
v -15.000000 113.835449 72.013672
v 126.000000 135.000000 4.092041
v 66.000000 131.000000 7.000000
v -95.000000 136.707275 4.707275
v 66.000000 136.707275 4.707275
v 65.000000 136.707275 4.707275
v -159.000000 31.000000 -16.000000
v -156.000000 45.918457 -70.000000
v -158.000000 31.000000 -16.000000
v -157.000000 31.000000 -16.000000
v -156.000000 31.000000 -16.000000
v 129.000000 31.000000 -16.000000
v 128.000000 31.000000 -16.000000
v -30.989990 39.858643 4.000000
v 127.000000 31.000000 -16.000000
v 126.000000 31.000000 -16.000000
v 53.000000 46.097656 77.000000
v -15.000000 113.835693 72.013672
v -15.000000 113.835449 72.013916
v -140.000000 45.918457 -70.000000
v -15.000000 136.000000 4.000000
v -156.000000 106.918213 73.000000
v 126.000000 133.154053 -15.907715
v -62.000000 131.000000 7.000000
v -159.000000 60.000000 -64.082764
v -156.000000 60.000000 -64.082764
v -139.000000 106.918213 73.000000
v 126.000000 133.154297 -15.907715
v -15.000000 130.200195 57.399414
v -63.000000 133.707275 7.707275
v 129.000000 60.000000 -64.082764
v -62.000000 133.707275 7.707275
v 45.000000 46.097656 77.000000
v -15.000000 120.000000 -64.000000
v -97.000000 133.000000 7.000000
v -96.000000 133.000000 7.000000
v -157.000000 60.983398 -70.000000
v -156.000000 60.983398 -70.000000
v -95.000000 133.000000 7.000000
v -156.000000 134.149902 -16.000000
v 126.000000 116.110107 70.000000
v -156.000000 127.200195 -53.400146
v -7.000000 19.000000 -4.000000
v -156.000000 130.200195 -49.400146
v -63.000000 136.707275 4.707275
v -62.000000 136.707275 4.707275
v -156.000000 45.918213 -70.000000
v -159.000000 45.933838 -70.000000
v -156.000000 45.933838 -70.000000
v 129.000000 13.948486 67.683838
v -156.000000 134.150146 -16.000000
v 32.000000 130.000000 7.000000
v 53.000000 46.097900 77.000000
v -95.000000 133.154297 -15.907715
v -140.000000 45.918213 -70.000000
v 31.000000 130.000000 7.000000
v 67.000000 133.000000 7.000000
v 66.000000 133.000000 7.000000
v 65.000000 133.000000 7.000000
v 126.000000 116.110352 70.000000
v -156.000000 127.199951 -53.399658
v -156.000000 130.199707 -49.399658
v -156.000000 135.000000 3.907959
v 126.000000 135.000000 3.907959
v -156.000000 134.149658 -16.000000
v 33.000000 133.707275 7.707275
v -156.000000 130.199951 -49.399658
v 32.000000 133.707275 7.707275
v 109.000000 106.918213 73.000000
v -63.000000 133.000000 7.000000
v 129.000000 45.933838 -70.000000
v -62.000000 133.000000 7.000000
v 32.000000 131.000000 7.000000
v 33.000000 136.707275 4.707275
v 126.000000 45.725342 76.961670
v -61.000000 133.000000 7.000000
v -159.000000 61.000000 78.000000
v -158.000000 61.000000 78.000000
v 32.000000 136.707275 4.707275
v -157.000000 61.000000 78.000000
v -156.000000 61.000000 78.000000
v -159.000000 45.933594 -70.000000
v 129.000000 61.000000 78.000000
v -156.000000 45.933594 -70.000000
v -159.000000 106.858887 73.000000
v 128.000000 61.000000 78.000000
v 127.000000 61.000000 78.000000
v -156.000000 106.858887 73.000000
v 126.000000 61.000000 78.000000
v -95.000000 126.000000 24.000000
v -94.000000 126.000000 24.000000
v 126.000000 106.918213 73.000000
v -72.989990 60.858643 -60.000000
v -63.000000 133.154297 -15.907959
v -75.000000 106.918213 73.000000
v -19.000000 46.097900 77.000000
v 65.000000 133.154297 -15.907715
v -83.000000 13.000000 -61.000000
v -159.000000 106.858643 73.000000
v -15.000000 127.219238 61.375244
v -159.000000 31.000000 -66.000000
v -158.000000 31.000000 -66.000000
v -156.000000 106.858643 73.000000
v 129.000000 31.000000 -66.000000
v 128.000000 31.000000 -66.000000
v 65.000000 126.000000 24.000000
v -77.000000 13.000000 -61.000000
v 64.000000 126.000000 24.000000
v -33.989746 60.858643 4.000000
v -83.000000 45.918213 -70.000000
v 129.000000 45.933594 -70.000000
v 65.000000 134.149902 -16.000000
v 64.000000 134.149902 -16.000000
v -95.000000 135.000000 3.907959
v 126.000000 45.933594 -70.000000
v -57.972900 19.231689 4.000000
v 85.000000 20.000000 -60.000000
v -95.000000 134.149658 -16.000000
v -75.000000 45.918213 -70.000000
v -64.000000 126.000000 24.000000
v 65.000000 134.149658 -16.000000
v -83.000000 106.918213 73.000000
v -63.000000 126.000000 24.000000
v -156.000000 107.110596 -63.000000
v -15.000000 119.835693 -63.013428
v -72.989990 60.858398 -60.000000
v 126.000000 136.707031 3.292969
v 125.000000 136.707031 3.292969
v -64.000000 134.149902 -16.000000
v -95.000000 134.149902 -16.000000
v 33.000000 133.000000 7.000000
v -63.000000 132.104004 24.110840
v -94.000000 134.149902 -16.000000
v -69.989990 39.858643 -60.000000
v 32.000000 133.000000 7.000000
v 69.000000 20.000000 -60.000000
v 65.000000 135.000000 3.907959
v -19.000000 46.097656 77.000000
v 68.000000 20.000000 -60.000000
v 53.000000 45.918457 -70.000000
v 31.000000 133.000000 7.000000
v 52.972900 19.231689 4.000000
v -95.000000 127.000000 24.000000
v 126.000000 60.000000 -64.082764
v 126.000000 134.149658 -16.000000
v -73.000000 20.000000 -60.000000
v -156.000000 133.154297 -15.907715
v 53.000000 106.918213 73.000000
v -33.989746 60.858398 4.000000
v -156.000000 132.104004 24.110352
v 126.000000 45.918213 -70.000000
v 126.000000 45.933838 -70.000000
v -63.000000 135.000000 3.907959
v 126.000000 134.149902 -16.000000
v 45.000000 45.918457 -70.000000
v -159.000000 113.835693 -64.013428
v -156.000000 113.835693 -64.013428
v -15.000000 127.219482 61.375000
v -95.000000 126.000000 -16.000000
v -94.000000 126.000000 -16.000000
v -11.000000 46.097900 77.000000
v 65.000000 127.000000 24.000000
v 126.000000 134.150146 -16.000000
v -15.000000 13.000000 -60.000000
v -69.989990 39.858398 -60.000000
v 52.000000 20.000000 -60.000000
v 109.000000 45.918213 -70.000000
v -57.000000 20.000000 -60.000000
v -159.000000 119.835693 -63.013672
v -156.000000 133.154053 -15.907715
v 33.000000 133.154297 -15.907959
v -156.000000 119.835693 -63.013672
v -96.000000 136.707031 3.292969
v 33.000000 132.104004 24.110840
v -95.000000 136.707031 3.292969
v -156.000000 132.103760 24.110352
v 33.000000 134.150146 -16.000000
v 34.000000 126.000000 24.000000
v 126.000000 133.154297 -15.907959
v 65.000000 126.000000 -16.000000
v 33.000000 126.000000 24.000000
v -63.000000 127.000000 24.000000
v 64.000000 126.000000 -16.000000
v 126.000000 60.000000 -64.083252
v -15.000000 113.835693 72.013428
v 34.000000 134.149902 -16.000000
v 33.000000 134.149902 -16.000000
v 129.000000 113.835693 -64.013428
v 126.000000 45.918457 -70.000000
v -57.972900 19.231445 4.000000
v -157.000000 114.000000 -44.000000
v 33.000000 133.153809 -15.907959
v -156.000000 114.000000 -44.000000
v 45.000000 45.918213 -70.000000
v -64.000000 126.000000 -16.000000
v 127.000000 114.000000 -44.000000
v 66.000000 136.707031 3.292969
v 126.000000 114.000000 -44.000000
v -63.000000 126.000000 -16.000000
v -11.000000 46.097656 77.000000
v 65.000000 136.707031 3.292969
v -95.000000 133.154297 -15.907959
v 126.000000 130.199707 -49.399658
v 129.000000 119.835693 -63.013672
v 45.000000 106.918213 73.000000
v -157.000000 45.989502 79.000000
v -156.000000 45.989502 79.000000
v 109.000000 45.918457 -70.000000
v 33.000000 135.000000 3.907959
v -159.000000 107.000000 74.000000
v 126.000000 130.199951 -49.399658
v -158.000000 107.000000 74.000000
v -156.000000 107.000000 74.000000
v -157.000000 31.000000 -63.709961
v -95.000000 127.000000 -16.000000
v -156.000000 31.000000 -63.709961
v -63.000000 136.707031 3.292969
v 129.000000 107.000000 74.000000
v 52.972900 19.231445 4.000000
v 128.000000 107.000000 74.000000
v -156.000000 130.199951 57.400146
v -62.000000 136.707031 3.292969
v 126.000000 107.000000 74.000000
v -63.000000 133.153809 -15.907959
v -95.000000 142.000000 -15.000000
v -15.000000 106.858643 73.010010
v 126.000000 130.200195 -49.400146
v 129.000000 119.835449 -63.013672
v -156.000000 132.104004 24.110596
v -140.000000 107.000000 74.000000
v -139.000000 107.000000 74.000000
v -83.000000 45.918457 -70.000000
v -34.000000 20.000000 -60.000000
v -15.000000 133.000000 7.000000
v -75.000000 45.918457 -70.000000
v -156.000000 133.707275 7.707275
v 69.010010 60.858643 4.000000
v -155.000000 133.707275 7.707275
v 65.000000 127.000000 -16.000000
v 33.000000 127.000000 24.000000
v 110.000000 107.000000 74.000000
v 109.000000 107.000000 74.000000
v -15.000000 113.835693 -64.013672
v 127.000000 107.062744 74.000000
v -75.000000 107.110107 -63.000000
v 65.000000 142.000000 -15.000000
v 126.000000 107.062744 74.000000
v -63.000000 134.149902 -16.000000
v -15.000000 133.154297 -15.907959
v -156.000000 136.707275 4.707275
v -155.000000 136.707275 4.707275
v -83.000000 46.316406 -70.051270
v 53.000000 45.918213 -70.000000
v 65.000000 133.154297 -15.907959
v 84.026611 19.231689 -60.000000
v 34.000000 126.000000 -16.000000
v -156.000000 132.103760 24.110596
v -63.000000 134.150146 -16.000000
v -159.000000 130.199951 57.399902
v 33.000000 126.000000 -16.000000
v -63.000000 127.000000 -16.000000
v -156.000000 130.199951 57.399902
v -15.000000 45.918457 -70.000000
v -63.000000 142.000000 -15.000000
v 126.000000 129.000000 -44.110352
v 129.000000 130.199951 57.399902
v -19.000000 45.918213 -70.000000
v 33.000000 136.707031 3.292969
v 69.010010 60.858398 4.000000
v 32.000000 136.707031 3.292969
v -15.000000 106.858643 73.010254
v -15.000000 106.858887 73.010010
v 126.000000 107.110107 -63.000000
v 34.000000 133.600342 6.400391
v -83.000000 107.000000 74.000000
v 33.000000 133.600342 6.400391
v -63.000000 133.600342 6.400391
v 126.000000 132.103760 24.110596
v -82.000000 107.000000 74.000000
v -76.000000 107.000000 74.000000
v -156.000000 129.000000 -44.110107
v -75.000000 107.000000 74.000000
v -11.000000 45.918457 -70.000000
v 126.000000 132.104004 24.110596
v -18.000000 20.000000 -60.000000
v 126.000000 107.110352 -63.000000
v 126.000000 11.948486 61.683838
v -157.000000 116.000000 -44.000000
v -156.000000 116.000000 -44.000000
v 127.000000 116.000000 -44.000000
v 126.000000 116.000000 -44.000000
v 33.000000 127.000000 -16.000000
v -95.000000 126.000000 23.000000
v -15.000000 135.000000 3.907959
v 126.000000 113.906006 -64.000000
v -15.000000 13.316406 -59.051025
v -159.000000 113.906006 -64.000000
v 126.000000 56.000000 24.086426
v 33.000000 142.000000 -15.000000
v -156.000000 113.906006 -64.000000
v -95.000000 132.104004 24.110596
v 53.000000 107.000000 74.000000
v 52.000000 107.000000 74.000000
v 65.000000 132.104004 24.110596
v 65.000000 126.000000 23.000000
v -11.000000 45.918213 -70.000000
v 129.000000 130.200195 57.399414
v 84.026611 19.231689 4.000000
v 46.000000 107.000000 74.000000
v 45.000000 107.000000 74.000000
v -159.000000 130.200195 57.399658
v -156.000000 130.200195 57.399658
v 127.000000 133.600342 6.400391
v 126.000000 133.600342 6.400391
v 129.000000 113.906006 -64.000000
v -63.000000 126.000000 23.000000
v -75.000000 107.110596 -63.000000
v -63.000000 132.104004 24.110596
v 126.000000 132.103760 24.110352
v 65.000000 133.600342 6.400391
v 64.000000 133.600342 6.400391
v -156.000000 117.000000 -44.000000
v 70.000000 60.000000 4.000000
v -159.000000 11.000000 62.000000
v 69.000000 60.000000 4.000000
v 126.000000 117.000000 -44.000000
v -69.989990 39.858643 4.000000
v -158.000000 11.000000 62.000000
v 68.000000 60.000000 4.000000
v 67.000000 60.000000 4.000000
v -15.000000 45.918213 -70.000000
v 126.000000 132.104004 24.110352
v 129.000000 11.000000 62.000000
v -30.989990 39.858643 -60.000000
v 128.000000 11.000000 62.000000
v -75.000000 107.110352 -63.000000
v 126.000000 11.000000 62.000000
v -64.000000 133.600342 6.400391
v -73.000000 60.000000 4.000000
v -72.000000 60.000000 4.000000
v -15.000000 133.153809 -15.907959
v -139.000000 12.000000 -60.000000
v -157.000000 128.000000 -44.000000
v -156.000000 128.000000 -44.000000
v 90.000000 39.000000 4.000000
v 127.000000 128.000000 -44.000000
v -19.000000 45.918457 -70.000000
v 126.000000 128.000000 -44.000000
v 126.000000 56.000000 24.086670
v -95.000000 133.600342 6.400391
v -15.000000 133.154297 -15.907715
v -94.000000 133.600342 6.400391
v -159.000000 47.000000 25.000000
v 73.000000 39.000000 4.000000
v -156.000000 47.000000 25.000000
v 33.000000 132.104004 24.110596
v 129.000000 47.000000 25.000000
v -69.989990 39.858398 4.000000
v 33.000000 126.000000 23.000000
v 126.000000 47.000000 25.000000
v -15.000000 113.835693 -64.013428
v 64.000000 39.000000 4.000000
v -156.000000 116.000000 -45.000000
v -69.000000 39.000000 4.000000
v 126.000000 116.000000 -45.000000
v -156.000000 136.707031 3.292969
v -155.000000 136.707031 3.292969
v -15.000000 132.103760 24.110352
v -159.000000 119.835693 -63.013428
v -156.000000 119.835693 -63.013428
v -15.000000 132.104004 24.110352
v -157.000000 107.018066 -62.000000
v -156.000000 107.018066 -62.000000
v -19.000000 107.000000 74.000000
v -77.000000 12.000000 -60.000000
v -18.000000 107.000000 74.000000
v 127.000000 79.530762 -68.251465
v 47.000000 39.000000 4.000000
v 126.000000 79.530762 -68.251465
v -139.000000 17.000000 -32.000000
v -157.000000 106.972900 74.000000
v -156.000000 106.972900 74.000000
v -157.000000 133.600342 6.400391
v -156.000000 133.154053 23.907959
v -156.000000 133.600342 6.400391
v -52.000000 39.000000 4.000000
v -157.000000 46.000000 76.000000
v -34.000000 60.000000 4.000000
v -156.000000 46.000000 76.000000
v -33.000000 60.000000 4.000000
v -153.000000 114.000000 -59.000000
v -152.000000 114.000000 -59.000000
v 127.000000 46.000000 76.000000
v 126.000000 46.000000 76.000000
v -144.000000 114.000000 -59.000000
v -143.000000 114.000000 -59.000000
v -15.000000 107.000000 74.000000
v -140.000000 46.000000 76.000000
v 129.000000 119.835693 -63.013428
v -139.000000 46.000000 76.000000
v -52.972900 40.231934 4.000000
v 70.000000 61.000000 4.000000
v -15.000000 127.199707 61.400146
v 69.000000 61.000000 4.000000
v 68.000000 61.000000 4.000000
v 110.000000 46.000000 76.000000
v 67.000000 61.000000 4.000000
v 109.000000 46.000000 76.000000
v 126.000000 129.000000 52.110352
v -73.000000 61.000000 4.000000
v -72.000000 61.000000 4.000000
v -156.000000 128.000000 -45.000000
v 90.000000 40.000000 4.000000
v -12.000000 107.000000 74.000000
v 47.972900 40.231934 4.000000
v 126.000000 128.000000 -45.000000
v -15.000000 127.199951 61.400146
v -15.000000 132.103760 24.110596
v -11.000000 107.000000 74.000000
v -159.000000 56.000000 24.086670
v -139.000000 108.000000 74.000000
v -156.000000 56.000000 24.086670
v 65.000000 131.110107 -15.000000
v -30.000000 39.000000 4.000000
v -83.000000 46.316162 -70.051270
v -15.000000 132.104004 24.110596
v -159.000000 46.000000 24.000000
v 73.000000 40.000000 4.000000
v -157.000000 18.000000 -60.000000
v -156.000000 18.000000 -60.000000
v -156.000000 46.000000 24.000000
v -15.000000 127.200195 61.399658
v -156.000000 106.858643 73.010254
v 129.000000 46.000000 24.000000
v 70.000000 40.000000 4.000000
v 127.000000 107.021973 -62.000000
v -77.000000 17.000000 -32.000000
v 69.000000 40.000000 4.000000
v 127.000000 18.000000 -60.000000
v -63.000000 133.154297 23.907471
v 126.000000 107.021973 -62.000000
v 68.000000 40.000000 4.000000
v -15.000000 119.835449 -63.013672
v 126.000000 18.000000 -60.000000
v 126.000000 46.000000 24.000000
v 67.000000 40.000000 4.000000
v 109.000000 108.000000 74.000000
v 126.000000 129.000000 -44.110107
v -141.000000 18.000000 -60.000000
v 64.000000 40.000000 4.000000
v -140.000000 18.000000 -60.000000
v -139.000000 18.000000 -60.000000
v -83.000000 46.000000 76.000000
v 129.000000 11.948486 61.683838
v -73.000000 40.000000 4.000000
v -82.000000 46.000000 76.000000
v -156.000000 133.154053 23.907715
v -159.000000 61.000000 70.000000
v -156.000000 61.000000 70.000000
v -83.000000 46.316162 -70.051514
# 350 normals
vn -0.1416 0.9899 -0.0000
vn -0.0000 0.9938 -0.1109
vn 0.0000 0.9864 -0.1646
vn 0.0000 0.9952 -0.0974
vn 1.0000 0.0000 -0.0000
vn -0.0000 0.2747 -0.9615
vn -0.0000 0.1414 -0.9899
vn -0.0000 -0.1414 0.9899
vn -0.0000 0.1414 -0.9899
vn -0.0000 -0.1414 0.9899
vn -0.9899 0.1414 -0.0000
vn 0.0000 -0.9957 0.0924
vn -0.0000 -0.9958 0.0919
vn -0.0000 -0.9937 0.1118
vn 0.0000 0.0665 0.9978
vn -0.0000 -0.9962 0.0866
vn 0.0000 0.9967 0.0815
vn 0.0000 -0.3162 0.9487
vn 0.0000 -0.3162 0.9487
vn 0.0000 0.3162 -0.9487
vn 0.0000 0.9940 0.1094
vn 0.0000 -0.9940 -0.1094
vn -0.0000 -0.0921 0.9958
vn 0.9728 -0.2316 -0.0000
vn 0.9728 0.2316 0.0000
vn -0.0000 0.0919 -0.9958
vn 0.0000 0.9616 0.2746
vn 0.0000 -0.1094 -0.9940
vn -0.0000 0.0919 -0.9958
vn -0.0000 -0.0825 0.9966
vn -0.0000 0.0825 -0.9966
vn 0.0000 0.0817 -0.9967
vn -0.0000 -0.9958 0.0919
vn -0.0000 0.9939 -0.1102
vn 0.0000 0.1644 0.9864
vn 0.0000 -0.1644 -0.9864
vn 0.0000 0.1644 0.9864
vn 0.0000 -0.1644 -0.9864
vn -0.0000 -0.1108 0.9938
vn -0.0000 0.5999 -0.8001
vn 0.0000 0.0817 0.9967
vn -0.0000 -0.9864 0.1646
vn -0.0000 -0.9952 0.0974
vn -1.0000 0.0000 -0.0000
vn 0.0000 0.9957 0.0921
vn 0.0000 0.1414 -0.9899
vn 0.9899 0.1414 -0.0000
vn 0.0000 -0.0921 -0.9957
vn 0.0000 -0.9958 0.0919
vn 0.0000 0.9957 0.0921
vn -0.0000 -0.9487 0.3162
vn -0.0000 0.9487 -0.3162
vn 0.0000 -0.0923 -0.9957
vn -0.0000 -0.9967 0.0813
vn -0.0000 -0.3162 0.9487
vn -0.0000 0.3162 -0.9487
vn 0.0000 -0.9902 -0.1400
vn 0.0000 0.9902 -0.1395
vn -0.0000 -0.9900 0.1411
vn 0.0000 -0.0939 0.9956
vn 0.1416 0.9899 0.0000
vn 0.1416 -0.9899 -0.0000
vn 0.0000 0.9900 -0.1409
vn -0.0000 -0.1125 0.9937
vn -0.0000 0.1125 -0.9937
vn 0.0000 -0.0818 -0.9966
vn -0.0000 -0.9487 0.3162
vn 0.0000 -0.0817 -0.9967
vn -0.0000 -0.1102 0.9939
vn 1.0000 0.0000 0.0000
vn 0.0000 -0.9958 0.0919
vn 0.2314 -0.9729 -0.0000
vn 0.2314 0.9729 0.0000
vn 0.0000 0.5932 0.8051
vn 0.0000 -0.0817 -0.9967
vn -0.0000 -0.9978 0.0663
vn 0.0000 0.7071 -0.7071
vn 0.0000 -0.2750 -0.9615
vn 0.0000 0.9957 0.0921
vn 0.0000 0.9963 -0.0861
vn 0.0000 -0.9937 -0.1118
vn 0.0000 0.9937 0.1121
vn 0.0000 0.9939 0.1104
vn 0.0000 -0.9615 -0.2749
vn -0.0000 -0.9939 0.1105
vn -0.0000 -0.9939 0.1105
vn 0.0000 -0.0817 0.9967
vn -0.0000 0.1025 -0.9947
vn 0.0000 0.8000 -0.6000
vn -0.0000 -0.9615 0.2749
vn 0.0000 0.0939 -0.9956
vn 0.0000 -0.9952 -0.0977
vn 0.0000 0.0914 0.9958
vn 0.0000 0.0914 0.9958
vn 0.0000 -0.0914 -0.9958
vn -0.0000 0.7069 -0.7074
vn -0.0000 -0.9864 0.1643
vn -0.0000 -0.9864 0.1643
vn 0.0000 -0.2744 0.9616
vn 0.0000 0.9939 0.1102
vn 0.0000 -0.9958 -0.0919
vn -0.0000 -0.0000 1.0000
vn -0.0000 0.0000 -1.0000
vn 0.0000 0.1027 0.9947
vn 0.2314 0.9729 0.0000
vn -1.0000 -0.0000 -0.0000
vn -0.0000 0.6248 -0.7808
vn -0.0000 0.6248 -0.7808
vn 0.0000 0.9957 -0.0923
vn -0.0000 -0.9902 0.1397
vn 0.0000 0.0866 0.9962
vn 0.0000 -0.0866 -0.9962
vn 0.0000 -0.0979 -0.9952
vn 0.0000 0.0979 0.9952
vn 0.0000 -0.1104 -0.9939
vn -0.0000 -0.7071 0.7071
vn -0.0000 0.7071 -0.7071
vn 0.0000 0.0665 -0.9978
vn -0.0000 -0.9963 0.0861
vn -0.0000 -0.8000 0.6000
vn 0.0000 -0.8000 -0.6000
vn 0.0000 -0.6176 -0.7865
vn -0.0000 -0.9939 0.1104
vn -0.0000 -0.0924 0.9957
vn -0.0000 0.0939 -0.9956
vn -0.0000 -0.0939 0.9956
vn 0.0000 0.9978 0.0658
vn 0.0000 0.9488 -0.3159
vn 0.0000 1.0000 -0.0000
vn 0.0000 0.0000 -1.0000
vn 0.0000 -0.0000 1.0000
vn -0.0000 -0.0917 0.9958
vn 0.0000 0.7809 -0.6247
vn 0.0000 -0.7809 0.6247
vn -0.0000 -0.1022 0.9948
vn -0.0000 0.1106 -0.9939
vn -0.0000 -0.1106 0.9939
vn 0.0000 -0.9939 -0.1105
vn 0.0000 -0.1104 -0.9939
vn 0.0000 -0.1104 -0.9939
vn 0.0000 -0.9939 -0.1105
vn 0.0000 -0.9953 -0.0972
vn 0.0000 0.9953 0.0972
vn 0.0000 0.9939 -0.1103
vn 0.0000 0.9952 0.0974
vn 1.0000 0.0000 0.0000
vn 0.0000 0.9488 -0.3159
vn -0.9899 -0.1414 -0.0000
vn 0.0000 -0.0665 -0.9978
vn 0.0000 0.0865 0.9963
vn 0.0000 -0.9487 -0.3162
vn 0.0000 0.9487 0.3162
vn -0.0000 0.0923 -0.9957
vn 0.0000 -0.3162 -0.9487
vn -0.0000 0.0665 -0.9978
vn -0.0000 -0.0665 0.9978
vn 0.0000 0.9957 -0.0921
vn 0.0000 0.9947 -0.1029
vn 0.0000 0.9957 -0.0922
vn 0.0000 -0.9967 -0.0813
vn 0.0000 -0.3162 -0.9487
vn -0.0000 -0.9900 0.1414
vn 0.0000 0.1099 0.9939
vn 0.0000 0.3162 0.9487
vn 0.0000 -0.3162 -0.9487
vn 0.0000 0.9487 0.3162
vn 0.0000 0.0939 -0.9956
vn 0.0000 0.9972 -0.0750
vn 0.0000 -0.1104 0.9939
vn 0.0000 0.1104 -0.9939
vn -0.0000 0.0000 -1.0000
vn -0.0000 -0.0000 1.0000
vn -0.0000 -1.0000 0.0000
vn -0.0000 -0.9488 0.3159
vn -0.0000 1.0000 -0.0000
vn -0.0000 -0.7809 0.6247
vn 0.0000 0.7070 -0.7072
vn -1.0000 -0.0000 -0.0000
vn 0.1416 -0.9899 -0.0000
vn 0.0000 0.1414 0.9899
vn 0.0000 -0.1414 -0.9899
vn 0.0000 0.1414 0.9899
vn 0.0000 -0.1414 -0.9899
vn 0.0000 0.1110 -0.9938
vn 0.9899 -0.1414 -0.0000
vn 0.9899 0.1414 0.0000
vn 0.0000 0.0867 0.9962
vn 0.0000 -0.1025 -0.9947
vn -0.0000 0.9957 -0.0921
vn 0.0000 0.9864 -0.1643
vn -0.0000 -0.9947 0.1029
vn -0.0000 0.9947 -0.1029
vn 0.0000 0.3162 0.9487
vn 0.0000 -0.9957 0.0922
vn 0.0000 0.9864 -0.1643
vn -0.9728 0.2316 -0.0000
vn 0.0000 0.9900 -0.1414
vn 0.0000 -0.9958 -0.0919
vn 0.0000 0.0753 0.9972
vn -0.0000 -0.0925 0.9957
vn -0.0000 0.1099 -0.9939
vn -0.0000 0.1099 -0.9939
vn 0.0000 0.2747 0.9615
vn 0.0000 -0.2747 -0.9615
vn 0.0000 0.0865 0.9962
vn 1.0000 0.0000 -0.0000
vn 0.0000 0.0863 0.9963
vn -0.0000 -0.9972 0.0752
vn 0.0000 0.9978 -0.0660
vn -0.0000 0.1644 -0.9864
vn -0.0000 -0.1644 0.9864
vn 0.0000 0.7071 0.7071
vn 0.0000 -0.7071 -0.7071
vn -0.0000 0.6005 -0.7996
vn 0.0000 0.9965 0.0830
vn 0.0000 0.0861 0.9963
vn 0.0000 -0.0861 -0.9963
vn 0.0000 0.8000 0.6000
vn 0.0000 -0.8000 -0.6000
vn 0.0000 0.8000 0.6000
vn 0.0000 -0.6251 -0.7806
vn 0.0000 0.6251 0.7806
vn 0.0000 -0.2750 0.9614
vn 0.0000 -0.9939 -0.1104
vn 0.0000 0.7863 -0.6178
vn 0.0000 -0.7863 0.6178
vn 0.0000 0.9967 -0.0815
vn 0.0000 -0.0753 -0.9972
vn 0.0000 0.0979 0.9952
vn 0.0000 0.9615 -0.2747
vn 0.0000 -0.2744 -0.9616
vn 0.0000 0.1104 -0.9939
vn -0.0000 -0.2747 0.9615
vn 0.0000 0.0917 0.9958
vn -0.2317 0.9728 -0.0000
vn -0.0000 0.0000 1.0000
vn 0.0000 0.3162 0.9487
vn 0.0000 0.0817 -0.9967
vn 0.0000 0.1102 0.9939
vn 0.0000 0.1102 0.9939
vn -1.0000 0.0000 -0.0000
vn -0.9728 0.2316 -0.0000
vn 0.0000 0.9940 -0.1094
vn -0.2314 -0.9729 0.0000
vn 0.0000 0.0923 0.9957
vn 0.0000 -0.9957 -0.0922
vn 0.0000 0.1644 -0.9864
vn 0.0000 0.0665 0.9978
vn 0.0000 0.1644 -0.9864
vn 0.0000 -0.1644 0.9864
vn 0.0000 -0.9965 -0.0830
vn 0.0000 0.0817 -0.9967
vn -0.0000 -0.9937 0.1118
vn 0.0000 -0.0939 0.9956
vn 0.0000 -0.0941 0.9956
vn -0.0000 -0.6003 0.7998
vn -0.0000 0.6003 -0.7998
vn -0.0000 -0.0914 0.9958
vn 0.0000 -0.6002 -0.7999
vn 0.0000 0.6002 0.7999
vn -0.0000 0.9938 -0.1109
vn -0.0000 -0.5998 0.8002
vn 0.0000 -1.0000 -0.0000
vn 0.0000 0.0000 1.0000
vn 0.0000 1.0000 0.0000
vn 0.0000 -0.9488 -0.3159
vn 0.0000 0.7809 0.6247
vn 0.0000 0.7809 0.6247
vn 0.0000 -0.7809 -0.6247
vn 0.0000 0.9901 0.1402
vn -0.9728 0.2316 -0.0000
vn -0.9728 -0.2316 0.0000
vn 0.0000 -0.9937 -0.1118
vn 0.0000 0.9939 0.1103
vn -0.2314 -0.9729 0.0000
vn 0.0000 0.9488 0.3159
vn 0.0000 -0.9488 -0.3159
vn -0.0000 -0.9940 0.1094
vn 0.0000 -0.0817 0.9967
vn 0.0000 0.0664 -0.9978
vn 0.0000 -0.9958 -0.0919
vn 0.0000 0.9957 0.0921
vn 0.0000 -0.9947 -0.1029
vn 0.0000 0.9947 0.1029
vn -0.0000 -0.0979 0.9952
vn -0.0000 0.0979 -0.9952
vn 0.0000 0.9957 0.0922
vn 0.0000 0.9487 -0.3162
vn 0.0000 0.5932 -0.8051
vn 0.0000 -0.9957 -0.0924
vn 0.0000 -0.2750 0.9615
vn -0.0000 0.0817 -0.9967
vn 0.0000 0.9864 0.1646
vn 0.0000 0.0939 -0.9956
vn 0.0000 -0.7809 -0.6247
vn 0.0000 0.9957 -0.0921
vn 0.0000 -0.7809 -0.6247
vn 0.0000 0.9939 -0.1104
vn 0.0000 -0.9939 -0.1099
vn -0.0000 -0.9616 0.2745
vn 0.0000 0.9899 0.1416
vn 0.0000 -0.1104 -0.9939
vn 0.0000 0.1104 0.9939
vn 0.0000 0.9952 -0.0977
vn -0.0000 -0.9957 0.0922
vn 0.0000 0.9486 -0.3164
vn 0.0000 -0.9958 -0.0919
vn 0.0000 0.0978 -0.9952
vn 0.0000 -0.1022 -0.9948
vn 0.0000 0.1022 0.9948
vn -0.1416 -0.9899 0.0000
vn -0.1416 0.9899 -0.0000
vn 0.0000 0.1108 0.9938
vn 0.0000 0.9938 -0.1109
vn 0.0000 0.9938 -0.1109
vn -0.0000 -0.9953 0.0972
vn 0.0000 0.0666 0.9978
vn 0.0000 0.6179 0.7863
vn 0.0000 -0.0918 -0.9958
vn -0.0000 0.6242 -0.7812
vn 0.0000 0.9938 0.1108
vn 0.0000 0.9938 0.1108
vn -0.0000 -0.9957 0.0924
vn 0.0000 -0.9956 -0.0933
vn 0.0000 0.9956 0.0933
vn 0.0000 -0.9864 -0.1643
vn 0.0000 0.9864 0.1643
vn 0.0000 0.9962 -0.0866
vn 0.0000 -0.9962 0.0866
vn 0.0000 -0.0979 0.9952
vn 0.0000 0.0979 -0.9952
vn 0.0000 0.9864 0.1643
vn 0.0000 -0.9864 -0.1643
vn 0.0000 -0.9900 -0.1414
vn 0.0000 0.9900 0.1414
vn 0.0000 -0.9900 -0.1414
vn 0.0000 0.9900 0.1414
vn 0.0000 0.0665 -0.9978
vn 0.0000 0.9957 0.0922
vn -0.0000 -0.0817 0.9967
vn 0.0000 0.1113 -0.9938
vn -0.0000 -0.6244 0.7811
vn 0.2317 0.9728 0.0000
vn -0.0000 -0.6245 0.7810
vn 0.0000 0.7072 0.7070
vn -0.0000 -0.6245 0.7810
vn -0.0000 0.0979 -0.9952
vn -0.0000 0.3164 -0.9486
vn -0.0000 -0.3164 0.9486
vn 0.0000 -0.9978 -0.0660
# 1923 texcoords
vt -0.0938 -0.9375 0.0000
vt 0.0500 -0.4922 0.0000
vt 0.4375 -0.4318 0.0000
vt 0.0625 0.1901 0.0000
vt 1.2083 -0.4016 0.0000
vt 0.7917 -0.6406 0.0000
vt 0.7610 -0.1875 0.0000
vt 0.0735 -0.3047 0.0000
vt 0.4375 -0.9583 0.0000
vt 0.5551 -0.0859 0.0000
vt 0.9688 -1.0000 0.0000
vt 0.4313 -0.7359 0.0000
vt 0.4081 -0.3281 0.0000
vt -0.2031 0.0017 0.0000
vt 0.7431 -0.3594 0.0000
vt 0.0625 -0.9375 0.0000
vt 1.4375 -1.3977 0.0000
vt 0.6812 -0.5694 0.0000
vt 0.2031 -0.6777 0.0000
vt 0.0625 -0.6776 0.0000
vt -0.6250 -0.5511 0.0000
vt 0.3281 -0.6777 0.0000
vt 0.5625 -0.1484 0.0000
vt 1.3750 -0.9659 0.0000
vt 0.1562 0.1875 0.0000
vt 0.4375 -0.1774 0.0000
vt 0.7610 -0.9523 0.0000
vt 0.9853 0.0477 0.0000
vt 0.7917 -0.8906 0.0000
vt 1.2153 -0.6147 0.0000
vt 0.4375 -0.0851 0.0000
vt 1.7917 -0.3335 0.0000
vt 0.9375 -0.2734 0.0000
vt -0.5625 -0.5511 0.0000
vt 0.2610 -0.4844 0.0000
vt 0.3542 -0.8835 0.0000
vt 0.2361 -0.3599 0.0000
vt 0.2083 -0.7903 0.0000
vt 0.1250 0.3750 0.0000
vt 0.9816 -0.0859 0.0000
vt -0.1250 -0.1399 0.0000
vt 0.2361 -0.3600 0.0000
vt 0.0882 -0.1664 0.0000
vt 0.8125 -0.3599 0.0000
vt -0.2390 -1.1875 0.0000
vt 0.2569 -0.9141 0.0000
vt 0.7917 -0.4016 0.0000
vt 0.9688 -1.0027 0.0000
vt -0.1875 -0.3438 0.0000
vt 0.7831 -0.1429 0.0000
vt 0.9236 -0.3594 0.0000
vt 0.4583 -0.3438 0.0000
vt -0.5625 -0.2045 0.0000
vt 0.2031 -0.6777 0.0000
vt 1.4375 -0.8646 0.0000
vt 0.7917 -0.4055 0.0000
vt 0.9236 -0.6172 0.0000
vt -0.0294 -0.1953 0.0000
vt 0.9306 -0.3594 0.0000
vt 0.2812 0.0625 0.0000
vt -0.4187 -0.2639 0.0000
vt -0.1063 -0.2639 0.0000
vt 0.7794 -0.7335 0.0000
vt 1.2083 -0.3438 0.0000
vt 0.7500 -0.1484 0.0000
vt 0.9853 -0.9523 0.0000
vt -0.5625 -0.9583 0.0000
vt 0.4412 -0.2008 0.0000
vt 0.5588 -0.1429 0.0000
vt 0.0938 -0.9375 0.0000
vt 0.2610 0.0469 0.0000
vt 0.4419 -0.2639 0.0000
vt 0.7625 0.2031 0.0000
vt 0.4412 -0.1664 0.0000
vt 1.0500 -0.4943 0.0000
vt 0.2361 -0.1868 0.0000
vt 0.7794 -0.4852 0.0000
vt 0.2794 -0.7335 0.0000
vt 0.7917 -0.6172 0.0000
vt -0.0294 -0.2656 0.0000
vt 1.2083 -0.6406 0.0000
vt 0.4375 -0.2045 0.0000
vt -0.6250 -0.9659 0.0000
vt 0.0188 -0.5533 0.0000
vt 0.2292 -0.2505 0.0000
vt 0.7917 -0.4055 0.0000
vt 0.7917 -0.8835 0.0000
vt 0.2083 0.1094 0.0000
vt 0.2361 -0.8828 0.0000
vt -0.2083 -0.2891 0.0000
vt 0.7625 0.2039 0.0000
vt 0.7794 -0.7335 0.0000
vt -0.0312 -1.5625 0.0000
vt 0.7831 -0.7344 0.0000
vt 0.7639 -0.3600 0.0000
vt 0.9706 -0.1429 0.0000
vt 0.4703 0.0733 0.0000
vt 0.0338 -0.5514 0.0000
vt 0.1562 -0.3099 0.0000
vt 0.7969 1.0833 0.0000
vt 0.2083 -0.7903 0.0000
vt 0.9853 -0.0859 0.0000
vt 0.1029 -0.9523 0.0000
vt 0.2153 -0.7825 0.0000
vt 0.8500 0.2031 0.0000
vt 1.2083 -0.8906 0.0000
vt 0.2361 -0.3600 0.0000
vt 0.8125 -0.3599 0.0000
vt 0.7917 0.1165 0.0000
vt 1.2153 -0.8281 0.0000
vt 0.4375 0.0469 0.0000
vt 0.4187 -0.3889 0.0000
vt 0.2794 -0.7335 0.0000
vt 1.7917 -0.2891 0.0000
vt 0.2639 -0.1064 0.0000
vt 0.0625 -0.2257 0.0000
vt 0.7463 -0.2008 0.0000
vt 0.8500 0.2039 0.0000
vt 1.3750 -0.5170 0.0000
vt 0.2361 -0.2429 0.0000
vt 0.4375 -0.1337 0.0000
vt 0.0993 0.0469 0.0000
vt 0.5956 -1.2639 0.0000
vt 1.2083 -0.4016 0.0000
vt 0.0500 -0.2756 0.0000
vt 0.8293 -0.2493 0.0000
vt 0.0919 -0.1719 0.0000
vt 0.3281 -0.4732 0.0000
vt 0.7917 -0.1008 0.0000
vt 1.2083 -0.4055 0.0000
vt 0.3187 -0.6736 0.0000
vt 0.2292 -0.4375 0.0000
vt 1.2083 -0.8917 0.0000
vt -0.2083 -0.5991 0.0000
vt 1.4375 0.4148 0.0000
vt -0.0184 -0.2656 0.0000
vt 0.1562 -0.1527 0.0000
vt 0.8125 0.0156 0.0000
vt 0.2610 -0.4852 0.0000
vt 0.5588 -0.2008 0.0000
vt 0.7188 -1.3906 0.0000
vt 0.7639 -0.3600 0.0000
vt 0.2083 -0.5108 0.0000
vt 0.7422 -1.3906 0.0000
vt -0.2500 -0.6875 0.0000
vt 0.2656 -0.4732 0.0000
vt -1.3892 0.4732 0.0000
vt 1.0187 -0.4444 0.0000
vt 0.8500 -0.4922 0.0000
vt 0.2083 -0.8917 0.0000
vt 0.8750 0.0156 0.0000
vt 0.2361 -0.2427 0.0000
vt -0.2537 -0.6016 0.0000
vt 1.2083 -0.8917 0.0000
vt 0.2153 -0.8292 0.0000
vt -0.2083 -0.5991 0.0000
vt 1.0515 -0.5938 0.0000
vt 0.1562 -0.9375 0.0000
vt 1.2153 -0.8292 0.0000
vt 0.7831 -0.1429 0.0000
vt -0.2812 -0.6875 0.0000
vt 0.4812 -0.0556 0.0000
vt 0.2969 -0.4732 0.0000
vt 0.2361 -0.3430 0.0000
vt 0.7969 0.0017 0.0000
vt 0.0882 -0.1429 0.0000
vt 0.8500 -0.2756 0.0000
vt 0.2812 0.3750 0.0000
vt 1.3750 0.4489 0.0000
vt -0.0312 -0.1562 0.0000
vt 0.5625 0.0625 0.0000
vt 0.4375 -0.0859 0.0000
vt 0.6187 -0.3542 0.0000
vt 0.0882 -0.1554 0.0000
vt -0.1250 -0.9844 0.0000
vt 0.2639 -0.8828 0.0000
vt 0.2083 -0.7903 0.0000
vt 0.3125 0.3750 0.0000
vt 0.2222 -0.9844 0.0000
vt 0.2153 -0.7825 0.0000
vt 0.4688 -0.4732 0.0000
vt -0.2031 -1.0921 0.0000
vt 0.4412 -0.1664 0.0000
vt 0.4812 -1.0556 0.0000
vt 0.7463 -0.1429 0.0000
vt 0.2361 -0.1868 0.0000
vt 1.3750 -0.5511 0.0000
vt 0.7794 -0.4852 0.0000
vt 0.5551 -0.9523 0.0000
vt 0.2794 -0.4844 0.0000
vt 0.7917 -0.2866 0.0000
vt 0.2734 -0.8625 0.0000
vt 0.4264 -0.6875 0.0000
vt 0.2083 -0.4055 0.0000
vt 1.4375 -0.5511 0.0000
vt 0.7610 -0.4844 0.0000
vt 0.2569 -0.4601 0.0000
vt 0.2083 -0.5107 0.0000
vt 0.9706 -0.1429 0.0000
vt 0.2639 -0.8839 0.0000
vt 0.2431 -0.9844 0.0000
vt -0.2031 -1.0921 0.0000
vt 0.2292 -0.4326 0.0000
vt 1.0500 0.2039 0.0000
vt -0.3187 -0.5694 0.0000
vt 0.2083 -0.8906 0.0000
vt 0.7500 0.0625 0.0000
vt 0.2188 -0.9375 0.0000
vt -0.0312 -0.3125 0.0000
vt 0.2292 0.1087 0.0000
vt 0.2153 -0.8281 0.0000
vt 0.4375 -0.1719 0.0000
vt 0.3187 -0.5903 0.0000
vt 0.3472 0.1094 0.0000
vt 0.2361 -0.2422 0.0000
vt 0.7917 -0.6172 0.0000
vt -0.1875 -0.8839 0.0000
vt -0.5625 -1.3977 0.0000
vt 0.4703 0.0732 0.0000
vt 0.8500 -0.2756 0.0000
vt 0.2361 -0.2429 0.0000
vt -0.2390 -0.9523 0.0000
vt 0.2431 -0.7825 0.0000
vt 0.2083 -0.5108 0.0000
vt -0.1875 -0.9844 0.0000
vt 0.7794 0.0469 0.0000
vt 0.2639 -0.8839 0.0000
vt 0.2083 -0.6406 0.0000
vt 1.7917 -0.8359 0.0000
vt 0.2083 -0.7139 0.0000
vt 0.2361 -0.3594 0.0000
vt 0.7463 -0.6172 0.0000
vt 0.6125 -0.6736 0.0000
vt 0.3516 -0.8625 0.0000
vt 0.8333 -0.5672 0.0000
vt 0.6528 -0.1868 0.0000
vt 0.9062 0.0625 0.0000
vt 0.2083 -0.3438 0.0000
vt 0.2639 -0.7812 0.0000
vt 0.2083 -0.6359 0.0000
vt 0.8125 0.0163 0.0000
vt 0.6562 -0.1254 0.0000
vt 0.2610 -0.4852 0.0000
vt 1.4375 -0.7500 0.0000
vt 0.9375 0.0625 0.0000
vt 0.2812 -0.9375 0.0000
vt 1.7708 -0.1008 0.0000
vt 0.2222 -0.9837 0.0000
vt 0.5588 -0.2008 0.0000
vt -0.6250 -0.4261 0.0000
vt -0.0312 -0.6250 0.0000
vt 0.5625 -0.1719 0.0000
vt 0.7917 -0.6147 0.0000
vt 0.2431 -0.7825 0.0000
vt -0.2390 -0.1875 0.0000
vt 0.7831 -0.2008 0.0000
vt -0.1063 -0.1528 0.0000
vt 0.2794 -0.1337 0.0000
vt 0.2292 -0.1399 0.0000
vt 0.9688 0.0625 0.0000
vt 0.7794 -0.1774 0.0000
vt -0.4125 -0.6875 0.0000
vt 0.9706 0.0469 0.0000
vt 0.0625 -0.2232 0.0000
vt 0.2292 -0.4326 0.0000
vt -0.0312 -0.1527 0.0000
vt 0.2083 -0.8917 0.0000
vt 0.5500 -0.1595 0.0000
vt 0.7361 -0.3672 0.0000
vt 0.9332 -0.1538 0.0000
vt 0.7917 -0.3599 0.0000
vt 1.4375 -0.2045 0.0000
vt 0.3125 -0.9375 0.0000
vt 0.6654 -0.0703 0.0000
vt 0.0625 -1.5625 0.0000
vt 0.5312 0.3750 0.0000
vt 0.8333 -0.5672 0.0000
vt 0.2431 -0.9837 0.0000
vt 0.8125 -0.3430 0.0000
vt 0.1029 -0.2665 0.0000
vt -0.2083 -0.5539 0.0000
vt -0.1875 -0.8828 0.0000
vt 0.0882 -0.1429 0.0000
vt 0.5625 0.3750 0.0000
vt 0.4375 0.4148 0.0000
vt 1.2083 -0.7903 0.0000
vt 0.5956 -0.2639 0.0000
vt 0.6187 -0.3889 0.0000
vt -0.2390 -0.9523 0.0000
vt 0.2639 -0.0547 0.0000
vt 0.3750 -0.4602 0.0000
vt 0.7610 -0.1337 0.0000
vt 0.8125 -0.6406 0.0000
vt 1.4375 -0.9583 0.0000
vt 0.8357 -0.8828 0.0000
vt 0.4062 -0.6875 0.0000
vt 0.7969 -0.0104 0.0000
vt 0.3187 -0.6875 0.0000
vt 1.2083 -0.4055 0.0000
vt 0.8750 -0.3430 0.0000
vt 0.2361 0.1711 0.0000
vt 0.1130 0.4903 0.0000
vt -0.1875 -0.6357 0.0000
vt 0.2083 -0.8917 0.0000
vt 0.5813 -0.7363 0.0000
vt 0.2794 -0.4852 0.0000
vt -0.1500 -0.7266 0.0000
vt 0.4313 -0.7360 0.0000
vt 0.9097 -0.8839 0.0000
vt 0.7500 -0.1719 0.0000
vt 0.4412 -0.0859 0.0000
vt 0.9706 -0.2008 0.0000
vt 0.2431 -0.8292 0.0000
vt 0.2222 -0.4055 0.0000
vt 0.7917 0.1094 0.0000
vt 0.7463 -0.1429 0.0000
vt 0.0625 -1.8090 0.0000
vt 0.9669 -0.1774 0.0000
vt 0.2431 0.0156 0.0000
vt 0.2271 -1.4332 0.0000
vt 1.2083 -0.7903 0.0000
vt 0.0919 -0.1953 0.0000
vt 0.4062 -0.9375 0.0000
vt 0.7794 -0.4844 0.0000
vt 0.7917 -0.1868 0.0000
vt 0.7917 -0.6147 0.0000
vt -0.1875 -0.6357 0.0000
vt 0.8500 -0.2727 0.0000
vt 0.4522 -0.3516 0.0000
vt 0.7917 -0.3599 0.0000
vt 0.4375 -0.9375 0.0000
vt -0.1875 -0.7812 0.0000
vt 0.9688 0.1875 0.0000
vt 0.8375 -0.4922 0.0000
vt 0.4412 -0.1554 0.0000
vt 0.2431 0.0234 0.0000
vt 0.6875 -0.3438 0.0000
vt 0.3542 0.1172 0.0000
vt 0.2153 -0.6147 0.0000
vt 0.7917 -0.2866 0.0000
vt 0.7917 -0.4055 0.0000
vt 0.8125 -0.3430 0.0000
vt 0.1029 -0.2665 0.0000
vt 0.8177 -1.0972 0.0000
vt -0.2083 -0.5539 0.0000
vt -0.6250 0.4489 0.0000
vt 0.5500 -1.1596 0.0000
vt -0.2578 -0.3906 0.0000
vt 0.4563 -0.2639 0.0000
vt 0.2361 -0.8292 0.0000
vt 0.1066 -0.3516 0.0000
vt 0.7917 -0.2891 0.0000
vt 0.7463 -0.4844 0.0000
vt 0.3562 -0.5694 0.0000
vt 0.1875 -0.8828 0.0000
vt -0.2083 -0.5547 0.0000
vt 0.9706 -0.0703 0.0000
vt 0.2431 0.0078 0.0000
vt 0.2083 -0.8906 0.0000
vt 0.0625 -0.1562 0.0000
vt -0.6719 -0.2257 0.0000
vt 0.3750 -0.5170 0.0000
vt 0.2292 -0.3677 0.0000
vt 0.2794 -0.0851 0.0000
vt 0.2431 -0.8292 0.0000
vt 0.8125 -0.3438 0.0000
vt 0.2639 -0.8294 0.0000
vt 0.2361 -0.8835 0.0000
vt 0.6528 -0.1868 0.0000
vt 0.2083 -0.4016 0.0000
vt -0.2083 -0.1016 0.0000
vt 1.0187 -0.5347 0.0000
vt 0.4375 -0.9523 0.0000
vt 0.1806 0.1087 0.0000
vt -0.5625 -0.5852 0.0000
vt 0.5625 -0.9375 0.0000
vt 0.7301 -0.1359 0.0000
vt 0.2083 -0.8372 0.0000
vt 0.3750 0.0057 0.0000
vt 1.0500 -0.4922 0.0000
vt 0.7831 -0.2008 0.0000
vt 0.3194 -0.3600 0.0000
vt 0.8750 -0.3438 0.0000
vt 1.0500 -0.2727 0.0000
vt 0.2292 -0.1399 0.0000
vt 0.2083 -0.6406 0.0000
vt 0.7794 -0.1774 0.0000
vt 0.4583 0.0163 0.0000
vt 0.2431 -0.0498 0.0000
vt 0.7610 -0.2665 0.0000
vt 0.2292 -0.4326 0.0000
vt 0.2083 -0.7139 0.0000
vt 0.5551 -0.9531 0.0000
vt 0.2361 -0.4609 0.0000
vt 0.7188 -0.6875 0.0000
vt 0.0919 -0.1774 0.0000
vt 0.8125 -0.3599 0.0000
vt 0.9688 0.4348 0.0000
vt -0.6250 0.0057 0.0000
vt -0.1875 -0.8292 0.0000
vt 0.7794 -0.9531 0.0000
vt 0.2639 -0.8294 0.0000
vt 1.4375 -0.5852 0.0000
vt 0.7500 -0.6875 0.0000
vt 0.2153 -0.6147 0.0000
vt 0.2431 -0.4055 0.0000
vt 0.2083 -0.6359 0.0000
vt 0.8125 -0.3600 0.0000
vt 0.8625 0.2031 0.0000
vt 0.4412 -0.1484 0.0000
vt 0.6875 -0.9375 0.0000
vt 0.0625 -0.3125 0.0000
vt 0.7647 -0.0859 0.0000
vt 0.0500 0.2031 0.0000
vt 0.7917 -0.6147 0.0000
vt 0.3750 -0.8839 0.0000
vt 0.7188 -0.9375 0.0000
vt 0.8625 0.2039 0.0000
vt 0.5562 -1.0556 0.0000
vt 0.1562 -0.1539 0.0000
vt 0.7361 -0.8292 0.0000
vt 0.2794 -0.4852 0.0000
vt -0.2031 1.0833 0.0000
vt 0.2292 -0.3677 0.0000
vt 0.0500 0.2039 0.0000
vt 0.7500 -0.9375 0.0000
vt 0.7361 -0.8281 0.0000
vt 0.2431 -0.4062 0.0000
vt 0.1562 -1.5625 0.0000
vt 0.9706 -0.2008 0.0000
vt 1.7917 0.1649 0.0000
vt 0.7301 -0.1359 0.0000
vt 0.9097 -0.8828 0.0000
vt 0.4375 -0.7500 0.0000
vt 0.2153 -0.6147 0.0000
vt 0.2431 -0.8281 0.0000
vt 0.9669 -0.1774 0.0000
vt 0.4412 -0.1774 0.0000
vt -0.2390 -0.7344 0.0000
vt 1.2083 -0.3647 0.0000
vt 0.0882 -0.2008 0.0000
vt 1.0500 0.2031 0.0000
vt 0.7917 -0.1868 0.0000
vt 0.4583 -0.1868 0.0000
vt 0.2083 -0.8372 0.0000
vt 0.2794 0.0469 0.0000
vt 0.4375 -0.1328 0.0000
vt 0.3194 -0.3600 0.0000
vt 0.1806 -0.8906 0.0000
vt 0.8438 -0.9375 0.0000
vt 0.7610 -0.2665 0.0000
vt 0.7917 -0.8292 0.0000
vt 0.0625 -0.6250 0.0000
vt 0.2153 -0.2427 0.0000
vt -0.1875 -0.8281 0.0000
vt 0.0625 -0.5982 0.0000
vt 0.2083 -0.6094 0.0000
vt 0.2292 -0.4328 0.0000
vt 0.6528 -0.3430 0.0000
vt 0.0625 -0.1527 0.0000
vt 0.8125 -0.5672 0.0000
vt 0.8125 -0.3600 0.0000
vt -0.2031 -0.0104 0.0000
vt 0.4187 -0.3542 0.0000
vt 1.2153 -0.7825 0.0000
vt 0.6062 -0.7361 0.0000
vt 0.4375 -0.1953 0.0000
vt 0.0882 -0.0703 0.0000
vt 0.9375 -0.9375 0.0000
vt 0.0846 -0.3281 0.0000
vt 0.2361 0.1719 0.0000
vt 1.3750 -0.4261 0.0000
vt 0.2153 -0.3569 0.0000
vt -0.2578 -0.4141 0.0000
vt 0.0625 -0.8099 0.0000
vt 0.7917 0.0163 0.0000
vt 0.2361 -0.8281 0.0000
vt 0.8125 -0.6357 0.0000
vt 0.2083 -0.6047 0.0000
vt 0.7917 -0.4375 0.0000
vt 0.3750 -0.8828 0.0000
vt 0.3750 0.4489 0.0000
vt 0.7978 -1.1875 0.0000
vt 0.7757 -0.0859 0.0000
vt 1.3750 -0.9034 0.0000
vt 0.8125 -0.8835 0.0000
vt 0.0500 -0.2734 0.0000
vt 0.4375 -0.2656 0.0000
vt -0.5625 -0.7500 0.0000
vt 0.7917 -0.3600 0.0000
vt 0.1437 -1.2639 0.0000
vt 0.2083 -0.6359 0.0000
vt 0.8125 -0.5672 0.0000
vt 0.1875 0.1172 0.0000
vt 0.7794 -0.1664 0.0000
vt 1.2153 -0.7825 0.0000
vt 0.2153 -0.3569 0.0000
vt 1.7708 -0.1008 0.0000
vt 0.8333 -0.5359 0.0000
vt 2.6165 -0.5268 0.0000
vt 0.3750 -0.8292 0.0000
vt -0.1500 -0.7969 0.0000
vt 0.0625 -1.2500 0.0000
vt 0.5551 0.0477 0.0000
vt 0.7917 -0.2891 0.0000
vt 0.2431 -0.9766 0.0000
vt 0.4375 -0.5511 0.0000
vt 0.3281 -1.2223 0.0000
vt -0.0312 -1.8090 0.0000
vt 0.2361 -0.8289 0.0000
vt 0.5500 -1.1598 0.0000
vt 0.2222 -0.4062 0.0000
vt 0.3750 -0.3600 0.0000
vt 0.5625 -0.1953 0.0000
vt 0.7831 -0.1774 0.0000
vt 0.1562 -0.1562 0.0000
vt 0.7361 -0.8292 0.0000
vt -0.0294 -0.0703 0.0000
vt -0.0294 0.0469 0.0000
vt 0.0938 -0.6250 0.0000
vt 0.3472 -0.3678 0.0000
vt 0.7917 -0.8281 0.0000
vt -0.0312 -0.8099 0.0000
vt -0.1250 -0.3430 0.0000
vt 0.3542 -0.3600 0.0000
vt 0.8333 -0.5359 0.0000
vt 0.2639 0.0283 0.0000
vt 0.2083 -0.8372 0.0000
vt 0.5551 -0.1337 0.0000
vt 0.4375 -0.7216 0.0000
vt -0.1875 -0.4375 0.0000
vt 0.3860 -0.3281 0.0000
vt 0.9816 -0.3516 0.0000
vt 0.8398 -0.1619 0.0000
vt 0.9669 -0.1664 0.0000
vt 0.7917 -0.3569 0.0000
vt -0.2083 0.1649 0.0000
vt -0.6250 -0.9034 0.0000
vt 0.2361 -0.1399 0.0000
vt 0.8125 -0.8839 0.0000
vt 0.7917 -0.3600 0.0000
vt 0.5813 -0.7357 0.0000
vt 0.1562 0.4348 0.0000
vt 1.2083 -0.4375 0.0000
vt 0.0882 -0.2008 0.0000
vt 0.2610 -0.7344 0.0000
vt 0.5813 -0.7353 0.0000
vt 0.7500 -0.1953 0.0000
vt 0.9706 -0.1774 0.0000
vt 0.1562 -0.3125 0.0000
vt 0.4583 -0.1868 0.0000
vt 0.2656 -0.5179 0.0000
vt -1.9375 -0.2257 0.0000
vt 0.2639 -0.5227 0.0000
vt 0.0938 -1.2500 0.0000
vt 0.2083 -0.6225 0.0000
vt 0.8125 -0.9844 0.0000
vt 0.5562 -0.0555 0.0000
vt 1.0500 -0.2727 0.0000
vt 0.2083 -0.8913 0.0000
vt 0.4437 -0.6458 0.0000
vt 0.1437 -0.0833 0.0000
vt -0.1719 -0.5179 0.0000
vt 0.3750 -0.3600 0.0000
vt 0.8125 -0.1953 0.0000
vt 0.4688 -1.2223 0.0000
vt 0.6165 -0.5982 0.0000
vt 0.8938 -0.1528 0.0000
vt 0.2639 -0.5234 0.0000
vt 0.1250 -0.6250 0.0000
vt 0.2969 -0.5179 0.0000
vt 0.8500 -0.7969 0.0000
vt 0.7917 -0.3672 0.0000
vt 0.2292 -0.4328 0.0000
vt -0.1875 -0.3430 0.0000
vt 2.4688 -0.4732 0.0000
vt 0.2153 0.1711 0.0000
vt 0.3542 -0.3600 0.0000
vt 2.4688 -0.4757 0.0000
vt 0.7647 -0.1328 0.0000
vt 0.3750 -0.8292 0.0000
vt 0.3281 -0.5179 0.0000
vt 0.3750 -0.8835 0.0000
vt 0.2083 -0.4326 0.0000
vt 0.9816 -0.1328 0.0000
vt 0.7188 -0.3906 0.0000
vt 0.7625 -0.7961 0.0000
vt 0.2794 -0.1328 0.0000
vt 0.2610 -0.7335 0.0000
vt -0.0312 -0.5652 0.0000
vt 0.3971 -0.3047 0.0000
vt 0.4375 -0.2665 0.0000
vt 0.7625 -0.4943 0.0000
vt 0.8500 -0.2734 0.0000
vt 0.0625 -0.5972 0.0000
vt 0.2431 -0.9717 0.0000
vt 0.7917 -0.3569 0.0000
vt -0.1875 -0.6047 0.0000
vt 0.7917 -0.8292 0.0000
vt 0.1562 -0.6250 0.0000
vt 1.3750 0.0057 0.0000
vt -0.2031 -1.1042 0.0000
vt -0.1250 -0.9837 0.0000
vt 0.2292 -0.6094 0.0000
vt 0.5588 -0.1554 0.0000
vt 0.2083 -0.6094 0.0000
vt 0.7831 -0.4844 0.0000
vt 1.2083 -0.3647 0.0000
vt 0.8125 -0.8828 0.0000
vt 0.3750 0.1172 0.0000
vt 0.7794 -0.1664 0.0000
vt 0.7978 -0.1875 0.0000
vt 0.2292 -0.4062 0.0000
vt 0.2292 -0.5108 0.0000
vt 0.4375 0.4432 0.0000
vt 0.7188 0.8438 0.0000
vt 0.0919 -0.1429 0.0000
vt 2.4688 -0.6786 0.0000
vt 0.9236 -0.6147 0.0000
vt -0.5625 -0.7216 0.0000
vt 0.7794 -0.1774 0.0000
vt 0.7917 0.0163 0.0000
vt 0.2610 -0.7335 0.0000
vt 0.2083 -0.6047 0.0000
vt 0.1875 -0.3600 0.0000
vt 0.8500 -0.2727 0.0000
vt 0.9750 -0.2734 0.0000
vt 0.7831 -0.1774 0.0000
vt 0.7917 -0.3599 0.0000
vt -0.1875 -0.6047 0.0000
vt 0.5500 -0.1597 0.0000
vt 0.2361 0.1172 0.0000
vt 0.4412 -0.1719 0.0000
vt 0.4688 -0.1597 0.0000
vt 1.3750 -0.4602 0.0000
vt 0.1562 -0.8101 0.0000
vt 0.7578 -1.2012 0.0000
vt 2.4688 -0.6776 0.0000
vt 0.2569 -0.9609 0.0000
vt 0.0882 -0.1774 0.0000
vt 2.4688 -0.4757 0.0000
vt 0.9816 -0.2656 0.0000
vt 0.5588 -0.1719 0.0000
vt 0.2292 -0.1406 0.0000
vt 0.8125 -0.5312 0.0000
vt 0.2292 -0.4328 0.0000
vt 0.2083 0.1087 0.0000
vt -0.1875 -0.3430 0.0000
vt -0.1250 -0.3430 0.0000
vt 0.0625 -0.2223 0.0000
vt 0.2794 -0.2656 0.0000
vt 0.0625 -0.5652 0.0000
vt 0.8357 -0.8828 0.0000
vt 0.8281 -0.5179 0.0000
vt 0.2292 -0.5108 0.0000
vt 0.2610 -0.0851 0.0000
vt 0.8438 0.8438 0.0000
vt 0.6654 -0.1953 0.0000
vt 0.0956 -0.0859 0.0000
vt 0.2794 -0.9531 0.0000
vt 0.1029 -0.2656 0.0000
vt 0.2153 -0.3569 0.0000
vt 0.2083 -0.6225 0.0000
vt 0.2639 -0.9453 0.0000
vt 0.8625 -0.7960 0.0000
vt 0.3750 -0.8281 0.0000
vt 1.2083 -0.3672 0.0000
vt 0.2431 -0.5703 0.0000
vt 0.2083 -0.1875 0.0000
vt 0.5813 -1.2639 0.0000
vt 1.3750 -1.4261 0.0000
vt 0.2083 -0.2505 0.0000
vt 0.9669 -0.1664 0.0000
vt 0.4375 -0.2665 0.0000
vt 2.4688 -0.6776 0.0000
vt 0.7639 -0.8835 0.0000
vt 1.7917 -0.2866 0.0000
vt 0.2361 -0.1399 0.0000
vt 0.8125 -0.1399 0.0000
vt 0.8125 -0.7812 0.0000
vt 0.9853 -0.0851 0.0000
vt 0.5588 -0.1664 0.0000
vt 0.2083 -0.3677 0.0000
vt 0.7917 -0.8281 0.0000
vt 0.2639 -0.9446 0.0000
vt -0.1875 -0.9837 0.0000
vt 0.9669 -0.1774 0.0000
vt 1.2083 -0.6250 0.0000
vt 0.2292 -0.9837 0.0000
vt 1.2083 -0.6087 0.0000
vt 0.9706 -0.1774 0.0000
vt 0.2569 -0.9116 0.0000
vt 0.4522 -0.3281 0.0000
vt 0.9236 -0.8835 0.0000
vt 0.7463 -0.1774 0.0000
vt 0.5956 -0.2639 0.0000
vt 0.2083 -0.6047 0.0000
vt -0.0312 0.4375 0.0000
vt 0.1875 -0.3600 0.0000
vt 0.8934 -0.3281 0.0000
vt 2.4688 -0.4757 0.0000
vt 0.2431 -0.9970 0.0000
vt 0.7917 -0.3569 0.0000
vt 0.2083 -0.4014 0.0000
vt 1.4375 -0.7216 0.0000
vt 0.7301 -0.1359 0.0000
vt 0.7917 -0.5547 0.0000
vt 0.7917 -0.8289 0.0000
vt 0.7610 -0.2656 0.0000
vt 0.1029 -0.1328 0.0000
vt 0.2031 -1.2232 0.0000
vt 0.8125 -0.9837 0.0000
vt 0.1562 -1.8090 0.0000
vt 1.2188 -0.2411 0.0000
vt 0.6528 0.0163 0.0000
vt 0.1406 -0.7411 0.0000
vt -0.0312 -0.1539 0.0000
vt 0.2812 -0.6250 0.0000
vt 0.5588 0.0469 0.0000
vt 0.1875 -0.8835 0.0000
vt 0.2153 -0.3599 0.0000
vt 0.7188 -0.4141 0.0000
vt 0.2031 -1.2223 0.0000
vt 0.4375 -0.1429 0.0000
vt 1.7917 -0.2866 0.0000
vt 0.3125 -0.6250 0.0000
vt 0.7422 -0.4141 0.0000
vt 0.8125 -0.8292 0.0000
vt 0.2361 -0.9844 0.0000
vt 0.7708 -0.5991 0.0000
vt 0.2188 -0.2411 0.0000
vt 0.2083 -0.3677 0.0000
vt 1.2083 -0.6087 0.0000
vt 0.7625 -0.4922 0.0000
vt -0.0312 -0.5625 0.0000
vt 0.7917 -0.5522 0.0000
vt 0.2292 -0.5107 0.0000
vt 0.3281 -0.5982 0.0000
vt 0.7794 -0.9523 0.0000
vt 0.2292 -0.1868 0.0000
vt 0.8938 -0.0833 0.0000
vt 0.0919 -0.1429 0.0000
vt 0.9688 -0.1539 0.0000
vt 0.7610 -0.1328 0.0000
vt 0.7917 -0.9844 0.0000
vt 0.8938 -0.2639 0.0000
vt 0.1875 0.1165 0.0000
vt 0.6528 -0.1399 0.0000
vt 0.1562 -0.7411 0.0000
vt 0.9688 -1.5625 0.0000
vt 0.8125 0.1172 0.0000
vt 0.0625 -0.1539 0.0000
vt 0.2794 -0.2665 0.0000
vt 0.7831 -0.6172 0.0000
vt 0.0882 -0.1774 0.0000
vt 0.2812 -1.2500 0.0000
vt 0.0625 -0.8090 0.0000
vt 0.7577 -1.2005 0.0000
vt -0.0312 -0.8125 0.0000
vt -0.0312 1.2500 0.0000
vt 0.8938 -1.2639 0.0000
vt -0.5625 -0.2614 0.0000
vt 0.2292 -0.4055 0.0000
vt 0.8125 0.1165 0.0000
vt 0.7610 -0.7335 0.0000
vt 0.2292 -0.5107 0.0000
vt 0.7639 -0.3594 0.0000
vt -0.4044 -0.2639 0.0000
vt 0.5813 -0.7360 0.0000
vt 0.3194 -0.3594 0.0000
vt 0.8125 0.1719 0.0000
vt 0.7188 -0.1562 0.0000
vt 0.4688 -0.5982 0.0000
vt -0.1875 -0.4055 0.0000
vt 0.6111 -0.6875 0.0000
vt 0.2639 -0.9922 0.0000
vt 0.7917 -0.6087 0.0000
vt 0.6528 -0.3438 0.0000
vt 0.4688 -1.1597 0.0000
vt 0.7625 -0.4943 0.0000
vt 0.8500 -0.7257 0.0000
vt 0.4703 -0.9269 0.0000
vt 0.5588 -0.0859 0.0000
vt 0.8125 -0.2429 0.0000
vt 0.8125 -0.6047 0.0000
vt 0.7917 -0.6357 0.0000
vt 0.8125 -0.1399 0.0000
vt 0.7463 -0.1953 0.0000
vt 1.2083 -0.6225 0.0000
vt 0.7917 0.1649 0.0000
vt 0.5588 -0.1664 0.0000
vt 0.8125 -0.8281 0.0000
vt 0.2153 -0.8281 0.0000
vt 0.3194 -0.8828 0.0000
vt 0.7639 -0.8828 0.0000
vt 0.7917 -0.8835 0.0000
vt 1.7917 -0.8351 0.0000
vt 0.2292 -0.5107 0.0000
vt 0.2083 -0.9837 0.0000
vt -0.5625 -0.8572 0.0000
vt 0.7794 -0.9523 0.0000
vt 0.8750 -0.1399 0.0000
vt -0.2537 -0.7344 0.0000
vt 0.3281 -0.2257 0.0000
vt 0.2083 -0.6225 0.0000
vt -0.0312 -0.8090 0.0000
vt 0.2610 -0.1337 0.0000
vt 0.4583 -0.9844 0.0000
vt 0.8438 -0.1562 0.0000
vt 0.7463 -0.1774 0.0000
vt 0.2292 0.0156 0.0000
vt 0.2083 -0.1875 0.0000
vt 0.2153 0.1172 0.0000
vt 0.7625 -0.7433 0.0000
vt -0.1875 -0.7188 0.0000
vt 0.7917 -0.6357 0.0000
vt -0.1875 -0.1399 0.0000
vt -0.6250 -0.4602 0.0000
vt 0.2153 -0.7812 0.0000
vt 1.2083 -0.6225 0.0000
vt 0.8125 -0.8289 0.0000
vt 0.2153 -0.8289 0.0000
vt 1.7708 -0.5522 0.0000
vt 0.7917 -0.6016 0.0000
vt -0.5625 -0.5227 0.0000
vt 1.3750 -0.4034 0.0000
vt 0.1337 -1.4250 0.0000
vt 0.5312 -0.6250 0.0000
vt 0.5813 -0.2639 0.0000
vt 0.7431 0.1165 0.0000
vt 0.3750 -0.9034 0.0000
vt 0.0515 -0.1562 0.0000
vt 0.6765 -0.3281 0.0000
vt 0.0956 -0.1328 0.0000
vt 0.5625 -0.6250 0.0000
vt 0.2222 0.0163 0.0000
vt 0.9688 -0.1562 0.0000
vt 0.2083 -0.7188 0.0000
vt 0.5938 -0.6458 0.0000
vt 0.0993 -0.2656 0.0000
vt 0.7390 -0.1172 0.0000
vt -0.2083 -0.6172 0.0000
vt 0.7917 -0.6087 0.0000
vt 0.4412 -0.2656 0.0000
vt 0.1875 -0.3594 0.0000
vt 1.7708 -0.5547 0.0000
vt 0.4375 -0.1429 0.0000
vt 1.4375 -0.2614 0.0000
vt 0.7463 -0.6016 0.0000
vt 1.2969 -0.5179 0.0000
vt 0.1029 -0.1337 0.0000
vt 0.4688 -1.2232 0.0000
vt 1.4375 -0.5568 0.0000
vt 0.7708 -0.5522 0.0000
vt 0.2292 -0.2505 0.0000
vt 1.2153 -0.3594 0.0000
vt 0.0038 -0.5514 0.0000
vt 0.9853 -0.9531 0.0000
vt 2.6165 0.4732 0.0000
vt -0.2083 0.1641 0.0000
vt -0.2083 -0.2883 0.0000
vt 0.7917 -0.8839 0.0000
vt 0.2083 -0.1399 0.0000
vt 0.5813 -0.7366 0.0000
vt 0.1806 -0.8913 0.0000
vt 1.2083 -0.6357 0.0000
vt 0.2292 -0.8906 0.0000
vt 0.2292 -0.1868 0.0000
vt 0.4412 -0.1953 0.0000
vt 0.6875 -0.6250 0.0000
vt 0.7917 -0.5991 0.0000
vt 2.4688 -0.2232 0.0000
vt 0.8125 -0.4375 0.0000
vt 0.5588 -0.1484 0.0000
vt 0.3750 0.1165 0.0000
vt 0.6528 -0.1399 0.0000
vt 0.4688 -0.2257 0.0000
vt -0.6250 -1.4261 0.0000
vt 0.7917 -0.7812 0.0000
vt 0.9236 -0.8828 0.0000
vt 0.2361 -0.2427 0.0000
vt 0.9306 0.1165 0.0000
vt 0.7625 -0.7422 0.0000
vt 0.0919 -0.1664 0.0000
vt 0.7831 -0.1774 0.0000
vt 0.9538 -0.2384 0.0000
vt 0.7917 -0.3569 0.0000
vt 1.2153 -0.8828 0.0000
vt 0.2794 -0.2665 0.0000
vt -0.1250 -0.1399 0.0000
vt 0.7500 -0.6250 0.0000
vt 0.8125 -0.8292 0.0000
vt 0.2083 -0.2500 0.0000
vt 0.5625 -1.2500 0.0000
vt 0.0500 -0.2727 0.0000
vt 0.3281 -0.5972 0.0000
vt 0.9688 -0.3125 0.0000
vt -0.1250 -0.1406 0.0000
vt 0.0625 0.4375 0.0000
vt 0.4412 -0.1328 0.0000
vt 0.5938 -1.2500 0.0000
vt 0.7639 0.1165 0.0000
vt 0.3281 -1.2232 0.0000
vt 0.4375 0.1354 0.0000
vt 1.4375 -0.5227 0.0000
vt 0.3906 -0.1161 0.0000
vt 0.5625 -0.1429 0.0000
vt 1.2083 -0.6357 0.0000
vt 1.2083 -0.8370 0.0000
vt 0.3194 -0.6172 0.0000
vt 0.5551 -0.1337 0.0000
vt 0.7917 -0.3335 0.0000
vt 1.2083 -0.8359 0.0000
vt 0.1029 -0.9531 0.0000
vt 0.7917 -0.9844 0.0000
vt 1.1875 -0.7946 0.0000
vt 0.0038 -0.5514 0.0000
vt 0.0250 -0.7980 0.0000
vt 0.1562 -0.1539 0.0000
vt 0.8125 -0.2429 0.0000
vt 0.9688 -1.8090 0.0000
vt 0.4500 -0.6875 0.0000
vt 0.3472 -0.3672 0.0000
vt 0.5551 0.0469 0.0000
vt 1.3750 -0.4205 0.0000
vt 0.9236 -0.3569 0.0000
vt 0.2639 -0.0498 0.0000
vt -0.1875 -0.5156 0.0000
vt 0.9236 0.1172 0.0000
vt 0.2083 -0.2507 0.0000
vt -0.2390 -0.4844 0.0000
vt 0.3542 -0.3594 0.0000
vt -0.2083 -0.2883 0.0000
vt 0.7647 -0.3516 0.0000
vt 0.9706 -0.1774 0.0000
vt 0.2271 -0.4332 0.0000
vt 1.1875 -0.8214 0.0000
vt 0.7917 -0.8828 0.0000
vt 0.2610 -0.0859 0.0000
vt 0.7986 0.1165 0.0000
vt 0.7917 0.1165 0.0000
vt 0.7986 -0.3600 0.0000
vt 0.4313 -0.7359 0.0000
vt 0.3438 -0.2411 0.0000
vt 0.8625 -0.7266 0.0000
vt -0.2083 -0.3594 0.0000
vt 0.6528 -0.9844 0.0000
vt 0.7708 -0.1008 0.0000
vt 0.8625 -0.7961 0.0000
vt 0.7812 -1.2500 0.0000
vt 0.7188 -0.6736 0.0000
vt 1.2153 -0.8839 0.0000
vt 0.0625 -0.5625 0.0000
vt 0.7500 -0.1429 0.0000
vt 0.2794 -0.2665 0.0000
vt -0.1875 -0.1399 0.0000
vt 0.2153 0.1165 0.0000
vt 0.2292 -0.4016 0.0000
vt 0.7917 0.1649 0.0000
vt 0.7610 -0.9531 0.0000
vt 1.4375 0.4432 0.0000
vt -0.1875 -0.1406 0.0000
vt 0.7969 -1.1042 0.0000
vt 0.3750 -1.4261 0.0000
vt 1.7708 -0.5991 0.0000
vt 0.4812 -0.0557 0.0000
vt 0.4688 -0.5972 0.0000
vt 0.6108 -0.5982 0.0000
vt 0.5875 -0.6875 0.0000
vt -1.9375 -0.5982 0.0000
vt 0.3750 -0.4545 0.0000
vt 1.2083 -0.8370 0.0000
vt 0.6806 -0.8292 0.0000
vt 0.2083 -0.1868 0.0000
vt 0.6806 -0.8281 0.0000
vt 0.0625 -0.8125 0.0000
vt 0.0625 1.2500 0.0000
vt 0.7794 -0.1337 0.0000
vt 0.4412 -0.1316 0.0000
vt 0.6654 -0.1554 0.0000
vt 0.8125 -0.2429 0.0000
vt 0.6165 0.4732 0.0000
vt 0.3750 -0.3594 0.0000
vt 0.0250 -0.7969 0.0000
vt 1.7708 -0.6016 0.0000
vt 0.3194 -0.8835 0.0000
vt -0.6250 -0.4205 0.0000
vt 0.1029 -0.1337 0.0000
vt 0.7188 -0.7411 0.0000
vt 0.7478 -0.1359 0.0000
vt 0.2361 -0.3438 0.0000
vt 0.7031 -0.7411 0.0000
vt 0.7917 -0.5156 0.0000
vt 0.4375 -0.1664 0.0000
vt 0.2083 -0.2507 0.0000
vt 1.7708 -0.5991 0.0000
vt 1.2153 -0.6172 0.0000
vt 0.7917 -0.4062 0.0000
vt 0.8500 -0.7266 0.0000
vt -0.1250 0.0163 0.0000
vt 0.6108 0.4732 0.0000
vt 0.7986 -0.3600 0.0000
vt 0.4419 -1.2639 0.0000
vt 0.8293 0.7507 0.0000
vt 0.2083 -0.7188 0.0000
vt 0.2083 -0.7891 0.0000
vt 0.1875 0.1165 0.0000
vt 0.2361 -0.9133 0.0000
vt 1.0625 -1.2500 0.0000
vt 0.7794 -0.2008 0.0000
vt 0.2083 0.0156 0.0000
vt 0.0919 -0.1664 0.0000
vt 0.7610 -0.1562 0.0000
vt 0.0337 -0.5514 0.0000
vt 0.0188 -0.5347 0.0000
vt 0.8125 -0.2427 0.0000
vt 0.7917 -0.1406 0.0000
vt -0.2083 -0.5522 0.0000
vt -0.6250 -0.4034 0.0000
vt 0.8125 0.1165 0.0000
vt 0.5625 -0.1429 0.0000
vt 0.2153 0.1719 0.0000
vt 0.8235 -0.1562 0.0000
vt -0.1875 -0.4062 0.0000
vt 0.8177 -1.0970 0.0000
vt 0.9853 0.0469 0.0000
vt 0.9853 -0.1337 0.0000
vt 0.4375 0.0477 0.0000
vt -0.5625 -0.5568 0.0000
vt -0.2500 0.3125 0.0000
vt -0.6719 -0.5982 0.0000
vt 0.2083 -0.4328 0.0000
vt 0.4688 -0.6786 0.0000
vt 0.7969 -0.0921 0.0000
vt 0.7625 -0.7980 0.0000
vt 0.4375 -0.2614 0.0000
vt 1.4375 -0.8572 0.0000
vt 0.7986 0.1172 0.0000
vt -0.0312 -1.3125 0.0000
vt 0.1562 0.4375 0.0000
vt 0.3472 -0.8906 0.0000
vt 0.9669 -0.2008 0.0000
vt 0.6875 -0.5703 0.0000
vt -0.1875 0.0163 0.0000
vt 0.4688 -0.4757 0.0000
vt 0.6806 -0.8292 0.0000
vt 0.8934 -0.3516 0.0000
vt 0.7917 -0.3335 0.0000
vt -0.6719 -0.5972 0.0000
vt 0.1806 -0.3678 0.0000
vt 1.2083 -0.5156 0.0000
vt 0.7463 -0.1774 0.0000
vt 0.7031 0.0714 0.0000
vt 0.0625 -0.6777 0.0000
vt 0.8625 -0.2756 0.0000
vt 0.4688 -0.9286 0.0000
vt -0.0294 -0.9531 0.0000
vt 1.2083 -0.4062 0.0000
vt -0.4062 -0.6458 0.0000
vt 0.7500 -0.1429 0.0000
vt 0.7301 -0.1359 0.0000
vt 0.3281 -0.4757 0.0000
vt 0.1337 -0.4250 0.0000
vt 0.7917 -0.3359 0.0000
vt -0.0312 -1.8125 0.0000
vt 0.2292 -0.4016 0.0000
vt 1.4375 0.1354 0.0000
vt 0.4688 -0.2223 0.0000
vt 0.1406 -0.1161 0.0000
vt 0.4583 -0.1406 0.0000
vt -0.1875 -0.4326 0.0000
vt 0.4375 -0.6932 0.0000
vt 0.7831 -0.1953 0.0000
vt 1.2153 -0.8294 0.0000
vt 0.7431 0.1165 0.0000
vt 0.7794 -0.1719 0.0000
vt 0.8125 -0.2422 0.0000
vt 0.2292 -0.2500 0.0000
vt 0.7917 -0.8828 0.0000
vt 0.2083 -0.3430 0.0000
vt 0.7625 -0.2756 0.0000
vt 0.0037 -0.5514 0.0000
vt 1.2083 -0.1406 0.0000
vt 0.1875 -0.8214 0.0000
vt 0.0882 -0.9531 0.0000
vt -0.3812 -0.3542 0.0000
vt 0.2431 -0.4062 0.0000
vt 0.3750 -0.4034 0.0000
vt 0.8125 -0.2429 0.0000
vt -0.6719 -0.5972 0.0000
vt 0.4081 -0.3516 0.0000
vt 0.9688 -1.3099 0.0000
vt -0.0312 -0.0000 0.0000
vt -0.0312 -2.6250 0.0000
vt 0.1562 -0.5625 0.0000
vt 0.9097 -0.8292 0.0000
vt -0.3438 -0.5903 0.0000
vt -0.1875 -0.7139 0.0000
vt 0.4375 -0.5227 0.0000
vt 0.4688 -0.4757 0.0000
vt 0.4375 -0.1664 0.0000
vt 0.8125 -0.3594 0.0000
vt 0.7625 -0.7969 0.0000
vt 0.3281 -0.6786 0.0000
vt 0.2083 -0.1868 0.0000
vt 0.1562 -0.8125 0.0000
vt 0.1562 1.2500 0.0000
vt 0.1562 0.1901 0.0000
vt 0.2292 -0.2507 0.0000
vt 0.9688 -1.8102 0.0000
vt 0.2431 -0.8839 0.0000
vt 0.3125 -0.8214 0.0000
vt 0.3750 0.1165 0.0000
vt 0.9706 -0.1953 0.0000
vt 0.8625 -0.2756 0.0000
vt 0.7794 -0.2008 0.0000
vt 0.3125 -0.7946 0.0000
vt 0.9669 -0.1719 0.0000
vt 0.7917 -0.2429 0.0000
vt -0.6250 -0.4545 0.0000
vt 0.7794 -0.0859 0.0000
vt -0.2812 -0.5903 0.0000
vt 0.0919 -0.1774 0.0000
vt 0.2031 -0.6786 0.0000
vt 0.0250 -0.7433 0.0000
vt 0.7708 -0.1016 0.0000
vt 0.3194 0.1165 0.0000
vt 0.7639 0.1165 0.0000
vt 1.0187 -0.5533 0.0000
vt 0.7917 -0.4062 0.0000
vt 1.7917 0.1641 0.0000
vt 0.0625 -0.3281 0.0000
vt 0.7969 -0.1042 0.0000
vt 0.7625 -0.2756 0.0000
vt 0.8125 -0.4328 0.0000
vt 0.2431 -0.8839 0.0000
vt 0.8125 -0.4055 0.0000
vt 0.2083 -0.7891 0.0000
vt 0.5625 -0.1664 0.0000
vt 0.8125 -0.7188 0.0000
vt 0.2292 -0.1875 0.0000
vt 0.2153 -0.7812 0.0000
vt 0.2031 -0.9286 0.0000
vt 0.4264 -0.6875 0.0000
vt 1.3750 -0.4545 0.0000
vt 0.3438 -0.2679 0.0000
vt -0.2390 -0.4852 0.0000
vt 0.2431 0.0283 0.0000
vt 0.2431 0.0030 0.0000
vt 0.2083 -0.6357 0.0000
vt 0.0515 -0.5938 0.0000
vt 0.7917 -0.3430 0.0000
vt 0.2031 -0.2223 0.0000
vt 0.2361 -0.9609 0.0000
vt 0.8333 -0.5625 0.0000
vt 0.2292 -0.8913 0.0000
vt -0.5625 -0.6932 0.0000
vt 0.2083 -0.1406 0.0000
vt 0.9669 -0.2008 0.0000
vt -0.5625 0.4432 0.0000
vt 0.7794 0.0477 0.0000
vt 0.7986 0.1165 0.0000
vt -0.1875 -0.6094 0.0000
vt 0.7917 0.1165 0.0000
vt -0.2083 -0.3335 0.0000
vt 0.2610 -0.1337 0.0000
vt 0.4812 -1.0557 0.0000
vt -0.0312 -0.2500 0.0000
vt 1.2083 -0.3430 0.0000
vt 0.7917 0.0156 0.0000
vt 0.2292 0.1087 0.0000
vt 0.2292 -0.2507 0.0000
vt 0.2292 0.0163 0.0000
vt 0.3750 0.0341 0.0000
vt 0.2361 -0.3599 0.0000
vt 0.2431 -0.1016 0.0000
vt 0.5588 -0.9531 0.0000
vt 0.2153 0.1165 0.0000
vt 0.2153 -0.3600 0.0000
vt 0.9706 -0.1554 0.0000
vt 0.5551 -0.0851 0.0000
vt 0.2083 -0.4062 0.0000
vt 0.2361 0.0156 0.0000
vt 0.9706 -0.2656 0.0000
vt 0.7917 -0.3594 0.0000
vt 1.0312 0.0714 0.0000
vt -0.2390 -0.9531 0.0000
vt 2.4688 -0.2257 0.0000
vt 0.7969 -0.9167 0.0000
vt 0.8125 -0.4326 0.0000
vt -0.1875 -0.4326 0.0000
vt 0.2153 -0.8294 0.0000
vt 0.7500 -0.1664 0.0000
vt 0.0250 -0.7422 0.0000
vt 0.8625 -0.2734 0.0000
vt -0.0312 -0.0027 0.0000
vt 0.2083 -0.5156 0.0000
vt -0.0312 -0.1539 0.0000
vt -0.1875 -0.5107 0.0000
vt 0.1806 -0.3672 0.0000
vt 0.2083 -0.3430 0.0000
vt 0.4703 -0.9270 0.0000
vt 0.4688 -0.6776 0.0000
vt 0.1406 -0.9286 0.0000
vt 0.9097 -0.8281 0.0000
vt 0.5551 -0.2665 0.0000
vt 0.7610 -0.0851 0.0000
vt 0.8125 -0.1554 0.0000
vt 0.7917 -0.3359 0.0000
vt 0.4875 -0.1599 0.0000
vt 0.6528 -0.1875 0.0000
vt 0.3472 -0.8913 0.0000
vt 1.4375 -0.9510 0.0000
vt 0.7625 -0.2734 0.0000
vt 0.4375 0.1428 0.0000
vt -0.5625 -0.9510 0.0000
vt 0.2639 -0.7825 0.0000
vt 0.4375 -0.1774 0.0000
vt 0.8125 0.0163 0.0000
vt 0.2083 -0.1868 0.0000
vt -0.2083 -0.3335 0.0000
vt 0.8125 -0.0703 0.0000
vt 0.4583 0.0156 0.0000
vt 0.0625 -1.3125 0.0000
vt -0.2031 0.0017 0.0000
vt 0.2431 -0.8828 0.0000
vt 0.0625 -0.1539 0.0000
vt -0.0184 0.0469 0.0000
vt 0.0703 -0.0312 0.0000
vt 0.7917 -0.2429 0.0000
vt 0.8750 0.0163 0.0000
vt -0.0312 -0.7500 0.0000
vt 0.1562 -1.3099 0.0000
vt 0.2153 -0.3600 0.0000
vt 0.3281 -0.6776 0.0000
vt 0.7463 -0.1484 0.0000
vt 0.3281 -0.2223 0.0000
vt 1.3750 -0.8750 0.0000
vt 0.0919 -0.1774 0.0000
vt 0.8125 -0.2427 0.0000
vt 0.7625 -0.2727 0.0000
vt 0.8125 -0.5156 0.0000
vt -1.9375 -0.5972 0.0000
vt 1.2083 -0.7891 0.0000
vt 0.2639 -0.7825 0.0000
vt -0.1875 -0.5107 0.0000
vt 0.4563 -1.2639 0.0000
vt 0.7917 0.1641 0.0000
vt 0.0625 -1.8125 0.0000
vt -0.6719 -0.6776 0.0000
vt 2.4688 -0.5982 0.0000
vt 0.0625 -0.6777 0.0000
vt -0.1250 -0.1868 0.0000
vt 0.2083 -0.3430 0.0000
vt -0.1875 -0.4328 0.0000
vt 0.8125 -0.4055 0.0000
vt 0.8375 -0.5312 0.0000
vt 0.0625 -0.3516 0.0000
vt 0.5625 -0.1664 0.0000
vt -0.0312 -1.0000 0.0000
vt 2.4688 -0.5972 0.0000
vt 0.2375 -0.5206 0.0000
vt 0.2153 -0.6172 0.0000
vt 0.1562 -1.8102 0.0000
vt -0.2390 -0.4852 0.0000
vt 0.7610 -1.1875 0.0000
vt -1.9375 -0.5972 0.0000
vt 0.7917 -0.3430 0.0000
vt 0.4583 -0.3430 0.0000
vt 0.2292 -0.3678 0.0000
vt 0.8125 -0.1406 0.0000
vt 0.0625 -0.0000 0.0000
vt 0.1562 -0.5652 0.0000
vt 0.0625 -2.6250 0.0000
vt 0.9531 -0.1161 0.0000
vt 0.2083 -0.8370 0.0000
vt 0.5562 -1.0554 0.0000
vt 0.2361 -0.9141 0.0000
vt 0.9236 -0.3600 0.0000
vt -0.5625 0.1354 0.0000
vt 0.2569 -0.9585 0.0000
vt 0.5813 -0.7364 0.0000
vt 0.2431 -0.7812 0.0000
vt 0.0703 -0.0625 0.0000
vt 0.7500 0.3125 0.0000
vt 0.4412 -0.0703 0.0000
vt 0.4264 -0.6875 0.0000
vt 0.4250 -0.6875 0.0000
vt 0.8125 -0.1868 0.0000
vt -0.6719 -0.6776 0.0000
vt 0.0882 -0.2656 0.0000
vt 0.8750 -0.1406 0.0000
vt -0.2031 -0.1042 0.0000
vt 0.7917 -0.2429 0.0000
vt 2.4688 -0.5972 0.0000
vt 0.7188 -0.5903 0.0000
vt 0.4583 -0.1399 0.0000
vt 0.2083 -0.8913 0.0000
vt 0.9097 -0.8292 0.0000
vt 0.2794 -0.9523 0.0000
vt 0.7794 -0.1484 0.0000
vt 0.0993 -0.9531 0.0000
vt 0.2083 -0.6357 0.0000
vt 0.8750 -0.1868 0.0000
vt 0.7431 -0.3600 0.0000
vt -0.1875 -0.7825 0.0000
vt 0.3812 -0.4028 0.0000
vt 0.8625 -0.7969 0.0000
vt 0.2153 -0.8839 0.0000
vt 0.7500 -0.1664 0.0000
vt 0.6562 -0.5903 0.0000
vt 0.0625 -0.0027 0.0000
vt 0.2431 -0.8294 0.0000
vt 0.2031 -0.2232 0.0000
vt 0.6875 -0.4062 0.0000
vt 0.7917 -0.5539 0.0000
vt 0.7831 -0.1719 0.0000
vt -0.1875 -0.1868 0.0000
vt 0.7794 -0.1337 0.0000
vt 0.7917 0.0156 0.0000
vt 0.6654 -0.1554 0.0000
vt 0.2031 -0.2223 0.0000
vt 0.7301 -0.1359 0.0000
vt 0.0846 -0.3516 0.0000
vt 0.1406 0.0714 0.0000
vt 0.0919 -0.2008 0.0000
vt 0.7917 -0.7188 0.0000
vt 0.8125 0.1711 0.0000
vt 0.1875 -0.7946 0.0000
vt 0.4703 0.0732 0.0000
vt 0.2639 -0.8292 0.0000
vt 1.7917 -0.3359 0.0000
vt 0.2639 -0.8281 0.0000
vt 0.7500 -0.4062 0.0000
vt 0.2083 -0.6357 0.0000
vt 0.4412 0.0469 0.0000
vt 0.2083 -0.4062 0.0000
vt 0.8235 -0.5938 0.0000
vt 0.7917 -0.3430 0.0000
vt 0.7917 -0.2427 0.0000
vt 0.7917 -0.3594 0.0000
vt -1.9375 -0.6776 0.0000
vt 0.6528 -0.9837 0.0000
vt 0.7031 -0.1161 0.0000
vt -0.1500 -0.7257 0.0000
vt 0.2083 -0.5156 0.0000
vt 0.9236 -0.3600 0.0000
vt -1.9375 -0.6786 0.0000
vt -0.0312 -0.3099 0.0000
vt 0.2431 -0.8294 0.0000
vt 0.2083 -0.8359 0.0000
vt 0.8625 -0.2727 0.0000
vt 0.1250 -0.0312 0.0000
vt 0.9669 -0.1484 0.0000
vt 0.5588 -0.1774 0.0000
vt 0.4375 -0.1774 0.0000
vt 0.2188 -0.2679 0.0000
vt 1.0312 -0.9286 0.0000
vt 0.3281 -0.2223 0.0000
vt 0.8125 -0.4062 0.0000
vt 0.5588 -0.1328 0.0000
vt 0.0625 -0.4732 0.0000
vt 0.9306 -0.3600 0.0000
vt 0.5551 -0.1328 0.0000
vt -0.2031 -0.0921 0.0000
vt 0.7917 0.1711 0.0000
vt 0.7639 0.1172 0.0000
vt 0.3194 0.1172 0.0000
vt -1.9375 -0.4757 0.0000
vt 0.7610 0.0477 0.0000
vt 0.6313 -0.6875 0.0000
vt 0.2431 -0.0498 0.0000
vt 0.2794 -0.7344 0.0000
vt 0.2794 -0.9523 0.0000
vt 0.9306 -0.8835 0.0000
vt 0.1406 -0.0312 0.0000
vt 0.1437 -1.0833 0.0000
vt -1.9375 -0.6776 0.0000
vt 0.0882 -0.1953 0.0000
vt 0.9688 0.4375 0.0000
vt 0.7831 -0.6016 0.0000
vt 0.8125 -0.7139 0.0000
vt -0.1875 -0.6359 0.0000
vt 0.9706 -0.1719 0.0000
vt 0.7431 -0.3600 0.0000
vt 0.0625 -0.2500 0.0000
vt 0.8125 -0.2427 0.0000
vt 0.1484 -0.0312 0.0000
vt -0.3438 -0.4028 0.0000
vt 0.2153 -0.8828 0.0000
vt -0.6250 -1.4205 0.0000
vt 0.5588 -0.1953 0.0000
vt 0.2794 0.0477 0.0000
vt -0.1500 -0.7257 0.0000
vt 0.8125 -0.5625 0.0000
vt 1.2188 -0.2679 0.0000
vt 0.3194 0.1165 0.0000
vt 0.7917 -0.4328 0.0000
vt 2.6165 -0.5982 0.0000
vt 0.0625 -1.0027 0.0000
vt 1.4375 -0.6932 0.0000
vt -0.1250 -0.1868 0.0000
vt -0.1875 -0.4328 0.0000
vt 0.1562 -1.3125 0.0000
vt 0.2639 -0.9766 0.0000
vt 1.3750 -0.9943 0.0000
vt 0.0625 -0.0027 0.0000
vt 0.7361 0.1087 0.0000
vt -0.1250 -0.1875 0.0000
vt 0.0625 -0.3099 0.0000
vt 0.9853 -0.1337 0.0000
vt 0.5500 -1.1597 0.0000
vt 0.2639 -0.8292 0.0000
vt 0.2153 -0.3594 0.0000
vt 1.4375 0.1428 0.0000
vt 0.5625 -0.1774 0.0000
vt 0.1250 -0.0625 0.0000
vt -0.2083 -0.6147 0.0000
vt -0.2083 -0.2866 0.0000
vt 0.4583 -0.3430 0.0000
vt 0.5588 -0.2656 0.0000
vt -0.2390 -0.2656 0.0000
vt 0.5551 -0.2656 0.0000
vt 1.7708 -0.5539 0.0000
vt 0.7917 -0.8294 0.0000
vt -0.0184 -0.9531 0.0000
vt 1.2083 -0.7188 0.0000
vt 0.4375 -0.9510 0.0000
vt 0.2431 0.0163 0.0000
vt 0.1406 -0.0625 0.0000
vt 0.7656 -0.9286 0.0000
vt 0.9236 0.1165 0.0000
vt 0.7917 -0.2422 0.0000
vt 0.7917 0.1641 0.0000
vt 0.1562 -1.8125 0.0000
vt 0.8333 -0.5312 0.0000
vt 0.1484 -0.0625 0.0000
vt 0.4688 -0.2223 0.0000
vt 0.2292 -0.4014 0.0000
vt 0.7917 -0.2429 0.0000
vt 0.7917 -0.1016 0.0000
vt -0.6719 -0.4757 0.0000
vt 0.2431 -0.1064 0.0000
vt 0.2083 -0.9844 0.0000
vt 0.2292 -0.6087 0.0000
vt 0.7794 -0.2665 0.0000
vt 1.4375 -0.9510 0.0000
vt 0.3472 0.1087 0.0000
vt 0.7463 -0.1664 0.0000
vt -0.0312 -1.0027 0.0000
vt -1.9375 -0.4757 0.0000
vt -0.1875 -0.6087 0.0000
vt 0.7578 -1.2011 0.0000
vt -0.6250 -0.8750 0.0000
vt 0.0938 -0.2500 0.0000
vt 0.2292 -0.3672 0.0000
vt 0.7917 0.1087 0.0000
vt 0.2361 -0.1875 0.0000
vt 1.2153 -0.7812 0.0000
vt 0.1562 -0.0000 0.0000
vt 0.1562 -2.6250 0.0000
vt -0.2537 -0.4844 0.0000
vt 1.3750 -1.4205 0.0000
vt 0.2031 -0.2223 0.0000
vt 0.2083 -0.8370 0.0000
vt -0.1875 -0.8294 0.0000
vt 1.4375 -0.7784 0.0000
vt 0.9688 1.2500 0.0000
vt 0.2083 -0.3678 0.0000
vt 0.7708 -0.5539 0.0000
vt 0.7431 -0.8835 0.0000
vt 0.9688 0.1901 0.0000
vt -1.3892 -0.5268 0.0000
vt 0.8500 -0.7960 0.0000
vt 0.7500 -0.1774 0.0000
vt 0.0625 -0.7500 0.0000
vt 0.8125 -0.4016 0.0000
vt 0.3750 -0.8750 0.0000
vt -0.1875 -0.1868 0.0000
vt -0.2390 -0.7335 0.0000
vt -0.2083 -0.6016 0.0000
vt 0.7917 0.0163 0.0000
vt 0.0919 -0.2008 0.0000
vt -0.1875 -0.1875 0.0000
vt 1.2083 -0.4328 0.0000
vt 0.2292 -0.6087 0.0000
vt 0.7794 -0.0851 0.0000
vt 0.4875 -0.1597 0.0000
vt 0.8177 -1.0972 0.0000
vt 0.7757 -0.1328 0.0000
vt -0.2083 -0.2866 0.0000
vt 0.2610 -0.2656 0.0000
vt 0.7917 -0.9837 0.0000
vt -1.3892 -0.5982 0.0000
vt -0.5625 0.1428 0.0000
vt 0.0625 -1.0000 0.0000
vt -0.6250 0.0341 0.0000
vt 1.7708 -0.5539 0.0000
vt 0.1562 -0.0027 0.0000
vt 0.1806 0.1094 0.0000
vt 0.4688 -0.2232 0.0000
vt 0.8125 -0.5107 0.0000
vt 0.5588 -0.1774 0.0000
vt -0.2083 -0.8351 0.0000
vt 0.2794 -0.0859 0.0000
vt 0.7986 -0.8835 0.0000
vt 0.4250 -0.6736 0.0000
vt 0.8125 -0.1316 0.0000
vt -0.2390 -0.7335 0.0000
vt -0.5625 -0.4318 0.0000
vt 0.4375 -0.2008 0.0000
vt 0.4688 0.0714 0.0000
vt 0.7794 -0.2665 0.0000
vt 0.2083 -0.6087 0.0000
vt 0.3194 -0.6147 0.0000
vt -0.2537 -0.6172 0.0000
vt 0.7031 -0.9286 0.0000
vt 0.8333 -0.8828 0.0000
vt 0.6806 -0.8839 0.0000
vt -0.2083 -0.6147 0.0000
vt -0.1875 -0.6087 0.0000
vt 0.0500 -0.4943 0.0000
vt 0.6806 -0.8828 0.0000
vt 1.2153 -0.3569 0.0000
vt 1.2083 -0.6047 0.0000
vt 0.2083 -0.8370 0.0000
vt 0.7917 -0.8294 0.0000
vt 0.7463 -0.1719 0.0000
vt 0.7917 -0.4328 0.0000
vt 0.2083 -0.8359 0.0000
vt 0.8125 -0.6094 0.0000
vt 0.7361 0.1094 0.0000
vt 0.2153 -0.3599 0.0000
vt -0.6719 -0.4757 0.0000
vt -0.5625 -0.9510 0.0000
vt 0.3281 -0.2232 0.0000
vt 0.7431 -0.8828 0.0000
vt 0.2610 -0.1328 0.0000
vt 0.4875 -0.1596 0.0000
vt 0.7917 -0.1875 0.0000
vt -0.2031 0.0017 0.0000
vt 0.2292 -0.6087 0.0000
vt -0.1500 -0.7960 0.0000
vt 0.5625 -0.1774 0.0000
vt 0.1562 -0.2500 0.0000
vt -0.5625 -0.7784 0.0000
vt 1.3750 0.0341 0.0000
vt 0.4703 0.0731 0.0000
vt 0.7647 -0.3281 0.0000
vt 0.7463 -0.7344 0.0000
vt 0.3194 -0.3569 0.0000
vt 0.1029 -0.0851 0.0000
vt -0.0312 -1.3099 0.0000
vt -0.0312 0.0625 0.0000
vt -0.2031 -0.9167 0.0000
vt 0.8625 -0.4943 0.0000
vt -0.6719 -0.6786 0.0000
vt 0.7917 -0.1399 0.0000
vt 0.9538 0.7616 0.0000
vt 0.7463 -0.1664 0.0000
vt 0.0882 0.0469 0.0000
vt 0.7431 0.1172 0.0000
vt -0.2083 -0.8359 0.0000
vt 0.8125 -0.6359 0.0000
vt 0.7390 -0.1380 0.0000
vt 0.2083 -0.3647 0.0000
vt 1.0500 -0.2756 0.0000
vt 0.7969 0.0017 0.0000
vt 0.5688 -0.1597 0.0000
vt 0.7625 -0.2727 0.0000
vt 0.9306 -0.8828 0.0000
vt 0.2361 0.0163 0.0000
vt 0.8125 -0.7825 0.0000
vt 0.8125 -0.8835 0.0000
vt 0.6528 0.0156 0.0000
vt 1.2083 -0.6047 0.0000
vt 0.7978 -0.1562 0.0000
vt 0.2292 -0.3438 0.0000
vt 0.7917 -0.4328 0.0000
vt -0.0312 -1.8102 0.0000
vt 0.7500 -0.1774 0.0000
vt 1.7708 -0.1016 0.0000
vt -0.1875 -0.4055 0.0000
vt 0.2431 -0.5234 0.0000
vt 0.0882 -0.1719 0.0000
vt -0.6250 -0.9943 0.0000
vt 0.2083 -0.6250 0.0000
vt 0.4583 -0.1875 0.0000
vt 0.2610 -0.2665 0.0000
vt -0.2390 -0.2665 0.0000
vt 1.2083 -0.4328 0.0000
vt 0.7831 -0.1484 0.0000
vt 0.3194 -0.6147 0.0000
vt 0.8125 -0.1554 0.0000
vt 0.0625 -1.3099 0.0000
vt 0.7361 -0.3678 0.0000
vt 0.7917 -0.2427 0.0000
vt -0.0294 -0.1316 0.0000
vt 0.7361 -0.8839 0.0000
vt 0.7917 -0.7139 0.0000
vt 0.7794 -0.7344 0.0000
vt 0.9853 -0.2665 0.0000
vt 0.9706 -0.1316 0.0000
vt 0.7361 -0.8828 0.0000
vt 0.5688 -1.1597 0.0000
vt 0.2083 -0.3672 0.0000
vt 0.2083 -0.1399 0.0000
vt 0.1562 -0.1527 0.0000
vt 0.3194 -0.3569 0.0000
vt 0.1562 -0.7500 0.0000
vt 0.9306 0.1172 0.0000
vt 0.2292 -0.9844 0.0000
vt 0.0625 -1.2232 0.0000
vt 0.0038 -0.5514 0.0000
vt 0.7917 -0.6047 0.0000
vt 0.2610 0.0477 0.0000
vt 0.4375 -0.2008 0.0000
vt 0.7986 -0.8828 0.0000
vt 0.7917 -0.4326 0.0000
vt -0.0312 0.1875 0.0000
vt 0.2083 -0.6087 0.0000
vt 1.4375 -0.3977 0.0000
vt 0.0625 -1.8102 0.0000
vt 0.1130 -0.5097 0.0000
vt 0.8125 -0.6087 0.0000
vt -0.6719 -0.4732 0.0000
vt 0.1562 -1.0000 0.0000
vt 0.2153 -0.6147 0.0000
vt 0.3125 -0.1875 0.0000
vt 0.9706 -0.1484 0.0000
vt 1.2083 -0.4326 0.0000
vt 0.7986 -0.3594 0.0000
vt 0.2812 -0.2500 0.0000
vt 0.9816 -0.3281 0.0000
vt 0.2569 -0.4609 0.0000
vt 0.7917 -0.6047 0.0000
vt -0.2083 -0.1008 0.0000
vt 0.3750 -1.4205 0.0000
vt 0.2153 -0.2429 0.0000
vt -0.2390 -0.2665 0.0000
vt 0.2292 -0.6087 0.0000
vt 0.2083 -0.6087 0.0000
vt 0.8625 -0.7257 0.0000
vt 0.1562 -0.8090 0.0000
vt 0.7917 -0.9837 0.0000
vt 0.8125 -0.7825 0.0000
vt 0.5625 -0.2008 0.0000
vt 0.4412 -0.1774 0.0000
vt 0.8500 -0.4943 0.0000
vt 1.4375 -0.4318 0.0000
vt 0.8625 -0.2727 0.0000
vt 0.9236 0.1165 0.0000
vt 0.2639 0.0078 0.0000
vt 0.7917 0.1719 0.0000
vt 0.2083 0.0163 0.0000
vt 0.7917 -0.4326 0.0000
vt 0.0337 -0.5514 0.0000
vt 0.2639 -0.9717 0.0000
vt 0.8625 -0.7257 0.0000
vt 0.4375 -0.9531 0.0000
vt 0.1029 -0.0859 0.0000
vt 0.5588 -0.1316 0.0000
vt 0.8625 -0.4922 0.0000
vt 1.2153 -0.3569 0.0000
vt 0.2153 -0.2427 0.0000
vt 0.7917 -0.7139 0.0000
vt 0.2431 -0.5227 0.0000
vt 0.8125 -0.5359 0.0000
vt 0.1029 0.0477 0.0000
vt 0.8125 -0.8294 0.0000
vt 0.4375 -0.1875 0.0000
vt 0.2639 0.0234 0.0000
vt -0.1250 0.0156 0.0000
vt 0.7625 -0.5312 0.0000
vt 0.2222 0.0156 0.0000
vt 0.4875 -1.1597 0.0000
vt 0.4375 -0.1337 0.0000
vt 0.3125 0.8125 0.0000
vt 0.2083 -0.4375 0.0000
vt 0.1066 -0.3281 0.0000
vt 0.7500 -0.2008 0.0000
vt 0.6765 -0.3516 0.0000
vt 0.3542 0.1165 0.0000
vt 0.2610 -0.2665 0.0000
vt 0.2639 -0.9970 0.0000
vt 0.5813 -0.7361 0.0000
vt 0.7610 -0.7344 0.0000
vt 0.2083 -0.3647 0.0000
vt 0.6769 -0.3438 0.0000
vt 0.2292 -0.3430 0.0000
vt 0.7917 -0.2427 0.0000
vt 0.0625 -0.8101 0.0000
vt 0.4583 -0.9837 0.0000
vt -0.6719 -0.2232 0.0000
vt 0.8125 -0.5359 0.0000
vt 0.7794 -0.1429 0.0000
vt 0.7917 -0.6094 0.0000
vt 0.2083 -0.1399 0.0000
vt 0.7917 -0.5107 0.0000
vt 0.2375 0.4794 0.0000
vt 0.5588 -0.1774 0.0000
vt 0.9688 -1.3125 0.0000
vt 0.0515 -1.1562 0.0000
vt -0.0938 0.0625 0.0000
vt 0.1437 -0.2639 0.0000
vt 0.7610 -0.0859 0.0000
vt 0.8500 -0.7961 0.0000
vt 0.8625 -0.4943 0.0000
vt 0.2431 -0.9453 0.0000
vt 0.1029 0.0469 0.0000
vt 0.6528 -0.1406 0.0000
vt 0.6562 -0.1250 0.0000
vt 0.2153 -0.3594 0.0000
vt 0.2083 -0.6250 0.0000
vt 0.7708 -0.6016 0.0000
vt 0.5625 -0.1875 0.0000
vt -0.0312 -0.1527 0.0000
vt 0.2153 -0.6172 0.0000
vt 0.8125 0.1165 0.0000
vt 0.6654 -0.1316 0.0000
vt 0.7831 -0.1664 0.0000
vt 0.2431 -0.0547 0.0000
vt 0.0625 0.0625 0.0000
vt 0.2153 -0.8835 0.0000
vt 0.7794 -0.2656 0.0000
vt 0.9688 -1.8125 0.0000
vt 0.6111 -0.6875 0.0000
vt 0.2083 -0.3672 0.0000
vt -0.3812 -0.3889 0.0000
vt 1.2083 -0.4326 0.0000
vt -0.1875 0.0156 0.0000
vt -0.1875 -0.4016 0.0000
vt 0.0625 -1.2223 0.0000
vt 0.2361 -0.9585 0.0000
vt 0.5588 -0.0703 0.0000
vt 0.2153 -0.2422 0.0000
vt 0.7917 -0.2883 0.0000
vt -0.0312 -0.9375 0.0000
vt 0.5625 -0.2500 0.0000
vt -0.5625 -0.8646 0.0000
vt -0.0312 -0.8101 0.0000
vt 0.6769 -0.3438 0.0000
vt 0.4375 0.8125 0.0000
vt 0.2361 -0.9837 0.0000
vt 1.2083 -0.6359 0.0000
vt 0.9669 -0.1429 0.0000
vt 0.2153 -0.2429 0.0000
vt 0.6875 -0.1875 0.0000
vt 0.5938 -0.2500 0.0000
vt 0.2610 -0.2665 0.0000
vt 0.2083 0.1087 0.0000
vt 0.7478 -0.1359 0.0000
vt 0.5625 -0.1774 0.0000
vt 0.2361 -0.4601 0.0000
vt 0.7917 -0.7825 0.0000
vt 0.9688 -2.6250 0.0000
vt 0.7188 -0.1875 0.0000
vt 0.2292 -0.3430 0.0000
vt 0.4375 -0.7784 0.0000
vt 0.7610 0.0469 0.0000
vt -0.5625 -0.3977 0.0000
vt 0.0037 -0.5514 0.0000
vt 0.5625 -0.2008 0.0000
vt 0.4313 -0.7361 0.0000
vt 0.8125 -0.8294 0.0000
vt 0.2153 -0.8294 0.0000
vt 0.7917 -0.5107 0.0000
vt 0.4412 -0.1774 0.0000
vt 0.7917 0.1172 0.0000
vt 0.4375 -1.3977 0.0000
vt 1.0515 -0.1562 0.0000
vt 0.9706 -0.1664 0.0000
vt 0.1562 -1.0027 0.0000
vt -0.0294 -0.1554 0.0000
vt 0.6094 -0.4167 0.0000
vt -0.2083 -0.3569 0.0000
vt -1.9375 -0.2232 0.0000
vt 0.4412 -0.1429 0.0000
vt 0.1437 -0.1528 0.0000
vt 0.5938 -0.4167 0.0000
vt 1.2083 -0.7139 0.0000
vt 1.2083 -0.6359 0.0000
vt 0.7794 -0.1328 0.0000
vt 0.7917 -0.1399 0.0000
vt 1.2083 -0.6094 0.0000
vt 0.8125 -0.1875 0.0000
vt 0.2639 0.0030 0.0000
vt 0.7917 -0.4326 0.0000
vt 0.8281 -0.4732 0.0000
vt 0.0882 -0.1316 0.0000
vt -0.2083 -0.3359 0.0000
vt 0.3542 -0.8828 0.0000
vt 0.7969 -1.0921 0.0000
vt 0.0938 0.0625 0.0000
vt 0.2610 -0.9531 0.0000
vt 0.8438 -0.1875 0.0000
vt 0.3281 -0.6777 0.0000
vt 0.6094 -0.1562 0.0000
vt 0.7500 -0.2500 0.0000
vt 0.2431 -0.9446 0.0000
vt 0.5625 0.8125 0.0000
vt 0.2153 -0.7825 0.0000
vt 0.5938 -0.1562 0.0000
vt 0.2639 -0.1016 0.0000
vt 0.8750 -0.1875 0.0000
vt 0.7812 -0.2500 0.0000
vt 0.7917 -0.5107 0.0000
vt 0.0625 0.1875 0.0000
vt 0.2292 -0.8913 0.0000
vt 0.7500 -0.1774 0.0000
vt 0.0919 -0.1484 0.0000
vt 1.2969 -0.4732 0.0000
vt 0.6562 -0.4028 0.0000
vt 0.7794 -0.1953 0.0000
vt 0.8125 -0.2500 0.0000
vt 0.7478 -0.1359 0.0000
vt 0.0625 -0.6786 0.0000
vt 0.7500 -0.2008 0.0000
vt -1.9375 -0.4732 0.0000
vt 0.4313 -0.7360 0.0000
vt -0.0312 0.4348 0.0000
vt 0.2083 -0.2505 0.0000
vt 0.3281 -0.6777 0.0000
vt 1.0500 -0.7961 0.0000
vt 0.0625 -0.4757 0.0000
vt 0.7978 -1.1562 0.0000
vt 0.2031 -0.6777 0.0000
vt 0.7361 -0.8913 0.0000
vt 0.0882 -0.1484 0.0000
vt 0.2292 -0.5156 0.0000
vt 1.0500 -0.4943 0.0000
vt 0.7969 -1.0921 0.0000
vt 0.6875 0.8125 0.0000
vt 0.7969 0.0017 0.0000
vt 0.5956 -1.2639 0.0000
vt 0.7794 -0.1429 0.0000
vt 1.7917 -0.2883 0.0000
vt 0.4688 -0.6777 0.0000
vt 0.8500 -0.4943 0.0000
vt 0.7917 -0.8913 0.0000
vt 0.7188 0.8125 0.0000
vt 0.2610 -0.9523 0.0000
vt -0.5625 0.4148 0.0000
vt -0.2578 -1.3906 0.0000
vt -0.6250 -0.5170 0.0000
vt 0.2794 -0.1337 0.0000
vt 0.2431 -0.9922 0.0000
vt 0.1562 -0.8099 0.0000
vt 0.9688 -0.2500 0.0000
vt 1.2083 -0.5107 0.0000
vt 0.7831 -0.1664 0.0000
vt 0.7708 -0.5547 0.0000
vt 0.7917 -0.7825 0.0000
vt 0.9853 -0.1328 0.0000
vt 0.9669 -0.1953 0.0000
vt 0.0882 -0.1774 0.0000
vt 0.0882 -0.1664 0.0000
vt 0.9816 0.0469 0.0000
vt 0.4688 -0.6777 0.0000
vt 0.7917 -0.4016 0.0000
vt 0.4412 -0.9531 0.0000
vt 0.7917 -0.6359 0.0000
vt 1.2083 -0.1399 0.0000
vt 0.2083 0.1094 0.0000
vt 0.0625 0.4348 0.0000
vt 0.2734 -0.8500 0.0000
vt 0.8438 0.8125 0.0000
vt 0.2361 0.1165 0.0000
vt -0.1875 -0.4016 0.0000
vt -0.1719 -0.4732 0.0000
vt 0.2569 -0.9133 0.0000
vt 1.0500 -0.2734 0.0000
vt 0.7610 -0.1337 0.0000
vt 0.2361 -0.9116 0.0000
vt -0.2083 -0.1008 0.0000
vt 0.9669 -0.1429 0.0000
vt 1.2083 -0.8372 0.0000
vt 0.3860 -0.3516 0.0000
vt 0.4412 -0.2008 0.0000
vt 0.7610 -1.1562 0.0000
vt 0.1562 0.0625 0.0000
vt 0.5588 -0.1429 0.0000
vt 0.2083 -0.3647 0.0000
vt 0.0188 -0.4444 0.0000
vt -0.0312 0.1901 0.0000
vt 0.3516 -0.8500 0.0000
vt 0.2361 -0.1406 0.0000
vt 0.2292 0.1094 0.0000
vt 0.2639 -0.0498 0.0000
vt 0.7610 -0.4852 0.0000
vt 0.7361 -0.8906 0.0000
vt 1.7917 -0.2883 0.0000
vt 0.7917 -0.3678 0.0000
vt 0.2361 -0.8839 0.0000
vt 1.0500 -0.7969 0.0000
vt 0.8938 -1.0833 0.0000
vt 0.9706 -0.1664 0.0000
vt 0.2610 -0.9523 0.0000
vt 0.8235 -1.1562 0.0000
vt 0.9853 -0.2656 0.0000
vt 0.7917 -0.2883 0.0000
vt 0.4412 -0.1429 0.0000
vt -0.1875 -0.6406 0.0000
vt 1.2153 -0.6147 0.0000
vt 1.7917 -0.3335 0.0000
vt 0.6125 -0.6875 0.0000
vt 0.7917 -0.1399 0.0000
vt 0.4583 -0.1399 0.0000
vt 1.2083 -0.8372 0.0000
vt 0.4375 -0.1484 0.0000
vt 1.2083 -0.5107 0.0000
vt 0.0938 0.3750 0.0000
vt 0.4688 -0.6777 0.0000
vt 0.9688 -0.1527 0.0000
vt -0.1250 -0.3438 0.0000
vt 0.7917 -0.3438 0.0000
vt 1.0515 -1.1562 0.0000
vt 0.2292 -0.4055 0.0000
vt 0.7917 0.1172 0.0000
vt 0.0625 -0.1527 0.0000
vt 0.7463 -0.2008 0.0000
vt 0.9332 -1.1538 0.0000
vt 0.8398 -1.1619 0.0000
o Selection
s off
g Tram2
usemtl SUBWAY_SEAT
f 1910/1215/130 1869/1428/130 1095/9/130 837/904/130
f 2/904/264 2187/9/264 1512/1428/264 2103/1215/264
f 2/1067/47 837/1280/47 1095/67/47 2187/294/47
f 1684/1216/148 16/1495/148 680/1415/148 630/1213/148
f 2134/1037/179 1941/800/179 837/1740/179 2/55/179
f 1902/1535/1 1555/1447/1 2187/294/1 1095/67/1
g Tram3
usemtl SUBWAY_SEAT2
f 992/963/131 34/297/131 2177/1568/131 1892/1793/131
f 1140/1793/130 620/1568/130 858/297/130 328/963/130
f 328/963/24 858/297/24 34/463/24 992/602/24
f 1295/202/271 1651/1225/271 1220/1568/271 1596/1832/271
f 738/1834/343 58/1541/343 34/463/343 858/297/343
f 1966/1365/244 1219/1034/244 328/1133/244 992/1293/244
g Tram4
usemtl SUBWAY_SEAT2
f 310/963/44 950/602/44 2186/423/44 1092/100/44
f 1095/100/5 2187/423/5 953/602/5 311/963/5
f 953/963/264 2187/100/264 2186/100/264 950/963/264
f 310/963/130 1092/100/130 1095/100/130 311/963/130
f 1092/1189/265 2186/1555/265 2187/1555/265 1095/1189/265
f 950/1293/173 310/1133/173 311/1133/173 953/1293/173
g Tram5
usemtl SUBWAY_CEILING
f 835/1720/5 2024/1508/5 206/1222/5 1292/274/5
f 1905/1508/44 721/1720/44 1287/274/44 205/1222/44
f 835/1720/264 1292/274/264 1287/274/264 721/1720/264
f 1905/1508/130 205/1222/130 206/1222/130 2024/1508/130
f 721/1720/173 1905/1508/173 2024/1508/173 835/1720/173
f 205/1222/265 1287/274/265 1292/274/265 206/1222/265
g Tram6
usemtl SUBWAY_CEILING
f 1243/432/5 929/1565/5 1423/1752/5 1639/841/5
f 1533/1752/44 1105/1565/44 1319/432/44 1636/841/44
f 1105/1565/81 407/990/81 319/990/81 929/1565/81
f 446/706/14 1105/1565/14 929/1565/14 354/706/14
f 2053/377/345 1639/841/345 1636/841/345 2114/377/345
f 1539/1816/177 1636/841/177 1639/841/177 1430/1816/177
g Tram7
usemtl SUBWAY_CEILING
f 433/1594/44 1971/565/44 1896/658/44 1472/1321/44 1105/1565/44
f 1971/565/130 433/1594/130 494/1594/130 1975/565/130
f 1899/658/264 1544/1321/264 1472/1321/264 1896/658/264
f 1896/658/173 1971/565/173 1975/565/173 1899/658/173
f 1899/658/206 1975/565/206 494/1594/206 929/1565/206 1544/1321/206
f 1105/1565/274 1488/980/274 1531/980/274 929/1565/274
f 440/1208/144 1105/1565/144 929/1565/144 479/1208/144
g Tram8
usemtl SUBWAY_CEILING
f 1501/1321/5 1867/658/5 1936/565/5 454/1594/5 1076/1565/5
f 1867/658/264 1501/1321/264 1498/1321/264 1866/658/264
f 1935/565/130 449/1594/130 454/1594/130 1936/565/130
f 1866/658/173 1935/565/173 1936/565/173 1867/658/173
f 1935/565/106 1866/658/106 1498/1321/106 1075/1565/106 449/1594/106
f 442/1208/144 1075/1565/144 1076/1565/144 444/1208/144
f 1075/1565/274 1492/980/274 1493/980/274 1076/1565/274
g Tram9
usemtl SUBWAY_CEILING
f 1535/1752/44 1075/1565/44 458/1061/44 1607/841/44
f 1076/1565/5 1536/1752/5 1609/841/5 459/1061/5
f 1075/1565/81 409/990/81 410/990/81 1076/1565/81
f 1541/1816/177 1607/841/177 1609/841/177 1542/1816/177
f 2128/377/345 1609/841/345 1607/841/345 2126/377/345
f 748/1323/253 1075/1565/253 1076/1565/253 750/1323/253
g Tram10
usemtl SUBWAY_CEILING
f 1906/1508/44 724/1720/44 1251/274/44 155/1222/44
f 156/1222/5 1255/274/5 727/1720/5 1909/1508/5
f 727/1720/264 1255/274/264 1251/274/264 724/1720/264
f 1906/1508/130 155/1222/130 156/1222/130 1909/1508/130
f 155/1222/265 1251/274/265 1255/274/265 156/1222/265
f 724/1720/173 1906/1508/173 1909/1508/173 727/1720/173
g Tram11
usemtl SUBWAY_CEILING
f 420/1594/44 1959/565/44 1884/658/44 1461/1321/44 1096/1565/44
f 1959/565/130 420/1594/130 418/1594/130 1956/565/130
f 1882/658/264 1458/1321/264 1461/1321/264 1884/658/264
f 1884/658/173 1959/565/173 1956/565/173 1882/658/173
f 1882/658/206 1956/565/206 418/1594/206 1094/1565/206 1458/1321/206
f 1096/1565/274 1470/980/274 1466/980/274 1094/1565/274
f 429/1208/144 1096/1565/144 1094/1565/144 427/1208/144
g Tram12
usemtl SUBWAY_CEILING
f 1309/432/5 1094/1565/5 1515/1752/5 1620/841/5
f 1517/1752/44 1096/1565/44 1311/432/44 1621/841/44
f 1096/1565/81 400/990/81 399/990/81 1094/1565/81
f 434/706/14 1096/1565/14 1094/1565/14 432/706/14
f 2096/377/345 1620/841/345 1621/841/345 2097/377/345
f 1527/1816/177 1621/841/177 1620/841/177 1525/1816/177
g Tram13
usemtl SUBWAY_CEILING
f 705/1720/5 1888/1508/5 183/1222/5 1275/274/5
f 1889/1508/44 707/1720/44 1277/274/44 185/1222/44
f 705/1720/264 1275/274/264 1277/274/264 707/1720/264
f 1889/1508/130 185/1222/130 183/1222/130 1888/1508/130
f 707/1720/173 1889/1508/173 1888/1508/173 705/1720/173
f 185/1222/265 1277/274/265 1275/274/265 183/1222/265
g Tram14
usemtl SUBWAY_CEILING
f 1540/1321/5 1954/658/5 2032/565/5 489/1594/5 1012/1565/5
f 1954/658/264 1540/1321/264 1543/1321/264 1957/658/264
f 2036/565/130 493/1594/130 489/1594/130 2032/565/130
f 1957/658/173 2036/565/173 2032/565/173 1954/658/173
f 2036/565/106 1957/658/106 1543/1321/106 1016/1565/106 493/1594/106
f 503/1208/144 1016/1565/144 1012/1565/144 501/1208/144
f 1016/1565/274 1553/980/274 1551/980/274 1012/1565/274
g Tram15
usemtl SUBWAY_CEILING
f 1441/1752/44 1016/1565/44 363/1061/44 1689/841/44
f 1012/1565/5 1439/1752/5 1688/841/5 360/1061/5
f 1016/1565/81 340/990/81 337/990/81 1012/1565/81
f 1445/1816/177 1689/841/177 1688/841/177 1444/1816/177
f 2050/377/345 1688/841/345 1689/841/345 2052/377/345
f 655/1323/253 1016/1565/253 1012/1565/253 651/1323/253
g Tram16
usemtl SUBWAY_CEILING
f 1963/1508/44 773/1720/44 1334/274/44 261/1222/44
f 257/1222/5 1331/274/5 769/1720/5 1962/1508/5
f 769/1720/264 1331/274/264 1334/274/264 773/1720/264
f 1963/1508/130 261/1222/130 257/1222/130 1962/1508/130
f 261/1222/265 1334/274/265 1331/274/265 257/1222/265
f 773/1720/173 1963/1508/173 1962/1508/173 769/1720/173
g Tram17
usemtl SUBWAY_SEAT
f 1307/1215/131 88/1428/131 2183/9/131 2226/904/131
f 820/904/130 1086/9/130 1047/1428/130 481/1215/130
f 820/1280/11 2226/1067/11 2183/294/11 1086/67/11
f 88/1213/185 1307/1415/185 481/1495/185 1047/1216/185
f 2226/55/311 820/1740/311 522/800/311 1339/1037/311
f 1086/67/61 2183/294/61 142/1447/61 1084/1535/61
g Tram18
usemtl SUBWAY_SEAT2
f 326/963/130 856/297/130 644/1568/130 1165/1793/130
f 1918/1793/264 2191/1568/264 30/297/264 990/963/264
f 990/602/272 30/463/272 856/297/272 326/963/272
f 558/1793/25 90/1834/25 591/1541/25 238/182/25
f 856/297/235 30/463/235 3/1541/235 691/1834/235
f 990/1293/72 326/1133/72 1240/1034/72 1995/1365/72
g Tram19
usemtl SUBWAY_OUTSIDE
f 2218/668/5 809/1043/5 1085/1315/5 2181/428/5
f 1086/1315/44 813/1043/44 2222/668/44 2183/428/44
f 813/1043/130 1086/1315/130 1085/1315/130 809/1043/130
f 2218/668/264 2181/428/264 2183/428/264 2222/668/264
f 2222/668/173 813/1043/173 809/1043/173 2218/668/173
f 1086/1315/265 2183/428/265 2181/428/265 1085/1315/265
g Tram20
usemtl SUBWAY_SEAT2
f 302/963/146 809/297/146 2218/463/146 941/602/146
f 943/602/44 2222/463/44 813/297/44 304/963/44
f 941/963/264 2218/297/264 2222/297/264 943/963/264
f 304/963/130 813/297/130 809/297/130 302/963/130
f 813/297/265 2222/463/265 2218/463/265 809/297/265
f 943/1293/173 304/1133/173 302/1133/173 941/1293/173
g Tram21
usemtl AIR_C1
f 974/1430/44 1209/1417/44 2167/1353/44 171/1376/44
f 2168/1353/146 1210/1417/146 975/1430/146 172/1376/146
f 1210/1417/264 2168/1353/264 2167/1353/264 1209/1417/264
f 974/1430/130 171/1376/130 172/1376/130 975/1430/130
f 1209/1417/173 974/1430/173 975/1430/173 1210/1417/173
f 171/1376/265 2167/1353/265 2168/1353/265 172/1376/265
g Tram22
usemtl GENERIC025
f 1224/1334/5 983/1360/5 180/1815/5 2172/1799/5
f 178/1815/44 981/1360/44 1222/1334/44 2171/1799/44
f 981/1360/130 178/1815/130 180/1815/130 983/1360/130
f 1224/1334/264 2172/1799/264 2171/1799/264 1222/1334/264
f 1222/1334/173 981/1360/173 983/1360/173 1224/1334/173
f 178/1815/265 2171/1799/265 2172/1799/265 180/1815/265
g Tram23
usemtl EXIT1
f 874/141/146 291/722/146 2172/722/146 1224/141/146
f 1209/144/44 2167/727/44 287/727/44 868/144/44
f 1209/1844/172 1224/141/172 2172/722/172 2167/474/172
f 291/722/130 874/141/130 868/1844/130 287/474/130
f 868/348/263 874/586/263 1224/586/263 1209/348/263
f 2167/474/129 2172/722/129 291/722/129 287/474/129
g Tram24
usemtl GENERIC025
f 974/891/44 1209/870/44 1050/870/44 815/891/44
f 1224/411/5 983/426/5 827/426/5 1057/411/5
f 1209/870/172 1224/411/172 1057/411/172 1050/870/172
f 983/426/171 974/891/171 815/891/171 827/426/171
f 1209/870/173 974/891/173 983/426/173 1224/411/173
f 815/891/265 1050/870/265 1057/411/265 827/426/265
g Tram25
usemtl SUBWAY_INPANEL
f 876/181/146 2170/1501/146 1851/877/146 266/1045/146
f 414/1825/178 1664/116/178 2165/264/178 872/1362/178
f 876/576/6 872/1819/6 2165/1777/6 2170/872/6
f 373/1451/233 315/641/233 1851/1188/233 1664/553/233
f 872/1819/84 876/576/84 266/701/84 414/1369/84
f 1664/553/27 1851/1188/27 2170/872/27 2165/1777/27
g Tram26
usemtl GENERIC025
f 2184/1922/178 141/1923/178 2018/1004/178 392/1559/178
f 141/534/173 2184/270/173 2182/270/173 138/534/173
f 392/886/265 2018/126/265 2017/126/265 389/886/265
f 2184/1922/113 392/1559/113 389/1559/113 2182/1922/113
f 138/1923/41 2017/1004/41 2018/1004/41 141/1923/41
f 138/1923/206 2182/1922/206 389/1559/206 2017/1004/206
g Tram27
usemtl GENERIC025
f 1073/827/5 1233/320/5 825/1700/5 1009/302/5
f 1074/1063/173 1234/936/173 1233/936/173 1073/1063/173
f 829/1262/265 1011/1624/265 1009/1624/265 825/1262/265
f 1234/320/252 829/1700/252 825/1700/252 1233/320/252
f 1073/827/330 1009/302/330 1011/302/330 1074/827/330
f 1234/320/241 1074/827/241 1011/302/241 829/1700/241
g Tram28
usemtl GENERIC025
f 53/1922/178 246/1923/178 2086/1004/178 469/1559/178
f 246/534/173 53/270/173 52/270/173 242/534/173
f 469/886/265 2086/126/265 2085/126/265 465/886/265
f 53/1922/113 469/1559/113 465/1559/113 52/1922/113
f 242/1923/41 2085/1004/41 2086/1004/41 246/1923/41
f 242/1923/206 52/1922/206 465/1559/206 2085/1004/206
g Tram29
usemtl GENERIC025
f 1159/827/5 1315/320/5 908/1700/5 1106/302/5
f 1162/1063/173 1317/936/173 1315/936/173 1159/1063/173
f 910/1262/265 1111/1624/265 1106/1624/265 908/1262/265
f 1317/320/252 910/1700/252 908/1700/252 1315/320/252
f 1159/827/330 1106/302/330 1111/302/330 1162/827/330
f 1317/320/241 1162/827/241 1111/302/241 910/1700/241
g Tram30
usemtl GENERIC025
f 173/1922/178 334/1923/178 2150/1004/178 570/1559/178
f 334/534/173 173/270/173 179/270/173 341/534/173
f 570/886/265 2150/126/265 2152/126/265 580/886/265
f 173/1922/113 570/1559/113 580/1559/113 179/1922/113
f 341/1923/41 2152/1004/41 2150/1004/41 334/1923/41
f 341/1923/206 179/1922/206 580/1559/206 2152/1004/206
g Tram31
usemtl GENERIC025
f 1271/827/5 1389/320/5 1038/1700/5 1223/302/5
f 1269/1063/173 1385/936/173 1389/936/173 1271/1063/173
f 1035/1262/265 1211/1624/265 1223/1624/265 1038/1262/265
f 1385/320/252 1035/1700/252 1038/1700/252 1389/320/252
f 1271/827/330 1223/302/330 1211/302/330 1269/827/330
f 1385/320/241 1269/827/241 1211/302/241 1035/1700/241
g Tram32
usemtl SUBWAY_CEILING
f 884/1258/130 967/1132/130 965/1132/130 882/1258/130
f 1741/1324/264 1833/470/264 1834/470/264 1743/1324/264
f 1743/1324/173 884/1258/173 882/1258/173 1741/1324/173
f 1743/1324/241 1834/470/241 1618/8/241 967/1132/241 884/1258/241
f 882/1258/70 965/1132/70 1617/8/70 1833/470/70 1741/1324/70
f 967/1132/77 1618/8/77 1617/8/77 965/1132/77
f 1833/470/212 1617/8/212 1618/8/212 1834/470/212
g Tram33
usemtl SUBWAY_CEILING
f 1674/1324/5 832/1258/5 896/1132/5 1567/8/5 1756/470/5
f 834/1258/130 899/1132/130 896/1132/130 832/1258/130
f 1674/1324/264 1756/470/264 1758/470/264 1679/1324/264
f 1679/1324/173 834/1258/173 832/1258/173 1674/1324/173
f 899/1132/241 834/1258/241 1679/1324/241 1758/470/241 1568/8/241
f 1756/470/212 1567/8/212 1568/8/212 1758/470/212
f 899/1132/77 1568/8/77 1567/8/77 896/1132/77
g Tram34
usemtl SUBWAY_LIGHTS
f 711/968/44 217/1001/44 74/1001/44 589/968/44
f 596/567/146 78/982/146 219/982/146 715/567/146
f 596/1399/171 589/1494/171 74/147/171 78/859/171
f 217/147/264 711/1494/264 715/1399/264 219/859/264
f 589/1494/263 596/1399/263 715/1399/263 711/1494/263
f 217/1473/129 219/500/129 78/500/129 74/1473/129
g Tram35
usemtl SUBWAY_LIGHTS
f 2141/567/146 2192/982/146 2124/982/146 2067/567/146
f 2065/968/44 2120/1001/44 2188/1001/44 2139/968/44
f 2065/1494/172 2067/1399/172 2124/859/172 2120/147/172
f 2192/859/130 2141/1399/130 2139/1494/130 2188/147/130
f 2139/1494/263 2141/1399/263 2067/1399/263 2065/1494/263
f 2120/1473/129 2124/500/129 2192/500/129 2188/1473/129
g Tram36
usemtl SUBWAY_DOOR
f 177/1556/5 436/1115/5 1123/1195/5 68/1663/5
f 60/734/178 1113/1214/178 461/1134/178 166/593/178
f 60/734/203 68/1663/203 1123/1195/203 1113/1214/203
f 610/1055/204 388/1556/204 383/593/204 594/1081/204
f 252/780/90 259/1708/90 68/1663/90 60/734/90
f 1113/1214/230 1123/1195/230 730/1055/230 713/1081/230
g Tram37
usemtl SUBWAY_DOOR
f 395/1522/5 668/125/5 1060/487/5 2227/2/5
f 2206/149/178 1048/594/178 658/220/178 386/1649/178
f 2206/149/203 2227/380/203 1060/1872/203 1048/594/203
f 537/1567/204 188/75/204 174/1649/204 531/167/204
f 318/1839/90 325/1831/90 2227/380/90 2206/149/90
f 1048/594/230 1060/1872/230 500/1567/230 488/167/230
g Tram38
usemtl SUBWAY_INPANEL
f 68/128/178 1123/1536/178 730/804/178 177/1062/178
f 83/1100/5 641/877/5 1055/1501/5 2220/181/5
f 2220/576/203 1055/872/203 1123/1694/203 68/1626/203
f 177/1534/204 730/361/204 641/1188/204 83/641/204
f 1123/1694/230 1055/872/230 641/1188/230 730/361/230
f 679/1442/300 600/579/300 2220/576/300 68/1626/300
g Tram39
usemtl SUBWAY_INPANEL
f 8/903/5 430/1104/5 638/22/5 1730/508/5
f 1724/723/178 629/1827/178 422/1124/178 2229/711/178
f 8/903/113 2229/711/113 422/1124/113 430/1104/113
f 1724/723/229 1730/508/229 638/22/229 629/1827/229
f 2229/1314/316 8/1536/316 1760/1237/316 1749/1464/316
f 696/19/4 659/1823/4 430/1104/4 422/1124/4
g Tram40
usemtl SUBWAY_INPANEL
f 1872/723/178 223/1827/178 570/1124/178 173/711/178
f 241/903/5 634/1104/5 283/22/5 1937/508/5
f 241/903/113 173/711/113 570/1124/113 634/1104/113
f 223/1827/229 1872/723/229 1937/508/229 283/22/229
f 173/1314/316 241/1536/316 1976/1237/316 1914/1464/316
f 245/19/4 327/1823/4 634/1104/4 570/1124/4
g Tram41
usemtl SUBWAY_INPANEL
f 2176/903/5 380/1104/5 586/1823/5 1661/508/5
f 1650/1733/178 577/1054/178 365/1817/178 2165/1613/178
f 2176/903/113 2165/1613/113 365/1817/113 380/1104/113
f 1650/1733/114 1661/508/114 586/1823/114 577/1054/114
f 2165/264/43 2176/1536/43 1661/1359/43 1650/650/43
f 556/1252/304 561/22/304 380/1104/304 365/1817/304
g Tram42
usemtl SUBWAY_INPANEL
f 2170/852/5 370/1033/5 622/1859/5 1732/566/5
f 1744/723/178 609/19/178 392/1124/178 2184/711/178
f 2170/852/113 2184/711/113 392/1124/113 370/1033/113
f 1744/723/114 1732/566/114 622/1859/114 609/19/114
f 2184/1314/43 2170/1501/43 1732/1438/43 1744/1322/43
f 661/1827/304 639/1913/304 370/1033/304 392/1124/304
g Tram43
usemtl SUBWAY_INPANEL
f 28/903/5 451/1104/5 743/22/5 1829/508/5
f 1769/723/178 689/1827/178 469/1124/178 53/711/178
f 28/903/113 53/711/113 469/1124/113 451/1104/113
f 1769/723/229 1829/508/229 743/22/229 689/1827/229
f 53/1314/316 28/1536/316 1793/1237/316 1809/1464/316
f 744/19/4 690/1823/4 451/1104/4 469/1124/4
g Tram44
usemtl SUBWAY_OUTSIDE
f 1036/1050/5 1529/374/5 2195/1500/5 390/1200/5
f 353/1606/178 2173/1864/178 1490/647/178 984/1469/178
f 353/1606/41 390/1200/41 2195/1500/41 2173/1864/41
f 1529/374/75 1036/1050/75 984/1469/75 1490/647/75
f 984/1469/54 1036/1050/54 390/1200/54 353/1606/54
f 2173/206/227 2195/449/227 1529/865/227 1490/560/227
g Tram45
usemtl SUBWAY_OUTSIDE
f 101/1102/178 1989/751/178 1798/764/178 746/462/178
f 755/1363/5 1803/882/5 2007/1611/5 130/59/5
f 101/1102/41 130/59/41 2007/1611/41 1989/751/41
f 755/1363/75 746/462/75 1798/764/75 1803/882/75
f 746/462/54 755/1363/54 130/59/54 101/1102/54
f 1989/609/227 2007/1571/227 1803/1375/227 1798/486/227
g Tram46
usemtl SUBWAY_OUTSIDE
f 141/923/178 2018/214/178 1845/1448/178 921/521/178
f 912/1270/5 1868/210/5 1999/1888/5 124/1456/5
f 141/923/41 124/1456/41 1999/1888/41 2018/214/41
f 912/1270/75 921/521/75 1845/1448/75 1868/210/75
f 921/521/54 912/1270/54 124/1456/54 141/923/54
f 2018/1041/227 1999/867/227 1868/1156/227 1845/1212/227
g Tram47
usemtl SUBWAY_OUTSIDE
f 866/1596/5 1924/1408/5 2078/1532/5 224/269/5
f 246/573/178 2086/315/178 1981/1457/178 880/1893/178
f 246/573/41 224/269/41 2078/1532/41 2086/315/41
f 1924/1408/75 866/1596/75 880/1893/75 1981/1457/75
f 880/1893/54 866/1596/54 224/269/54 246/573/54
f 2086/29/227 2078/1891/227 1924/1828/227 1981/1840/227
g Tram48
usemtl SUBWAY_OUTSIDE
f 951/564/5 1871/1113/5 2058/610/5 203/983/5
f 191/770/178 2051/1368/178 1898/1397/178 940/382/178
f 191/770/41 203/983/41 2058/610/41 2051/1368/41
f 1871/1113/75 951/564/75 940/382/75 1898/1397/75
f 940/382/54 951/564/54 203/983/54 191/770/54
f 2051/794/227 2058/481/227 1871/583/227 1898/986/227
g Tram49
usemtl SUBWAY_OUTSIDE
f 984/541/5 1490/941/5 2173/1769/5 353/1185/5
f 334/767/178 2150/1367/178 1433/902/178 1121/142/178
f 334/767/41 353/1185/41 2173/1769/41 2150/1367/41
f 1490/941/75 984/541/75 1121/142/75 1433/902/75
f 1121/142/54 984/541/54 353/1185/54 334/767/54
f 2150/795/227 2173/938/227 1490/796/227 1433/676/227
g Tram50
usemtl SUBWAY_INPANEL
f 370/1033/5 575/773/5 1836/967/5 1505/1203/5
f 1380/20/178 1675/595/178 567/456/178 365/1817/178
f 370/618/302 365/1348/302 567/970/302 575/1251/302
f 1380/1378/303 1505/638/303 1836/1261/303 1675/1267/303
f 365/1348/278 370/618/278 1481/675/278 1390/1342/278
f 1695/1243/243 1817/1295/243 575/1251/243 567/970/243
g Tram51
usemtl GENERIC025
f 229/1922/178 384/1923/178 2190/1004/178 626/1559/178
f 384/534/173 229/270/173 241/270/173 390/534/173
f 626/886/265 2190/126/265 2195/126/265 634/886/265
f 390/1923/41 2195/1004/41 2190/1004/41 384/1923/41
f 229/1922/113 626/1559/113 634/1559/113 241/1922/113
f 390/1923/206 241/1922/206 634/1559/206 2195/1004/206
g Tram52
usemtl GENERIC025
f 1314/827/5 1425/320/5 1091/1700/5 1273/302/5
f 1308/1063/173 1416/936/173 1425/936/173 1314/1063/173
f 1082/1262/265 1262/1624/265 1273/1624/265 1091/1262/265
f 1314/827/330 1273/302/330 1262/302/330 1308/827/330
f 1416/320/252 1082/1700/252 1091/1700/252 1425/320/252
f 1416/320/241 1308/827/241 1262/302/241 1082/1700/241
g Tram53
usemtl SUBWAY_DOOR
f 1048/594/178 973/105/178 1153/118/178 457/626/178
f 462/895/146 1168/425/146 988/414/146 1060/487/146
f 1048/594/285 1060/1872/285 988/442/285 973/105/285
f 462/559/286 457/626/286 1153/118/286 1168/204/286
f 496/328/142 506/384/142 1060/1872/142 1048/594/142
f 973/572/143 988/1895/143 1188/1824/143 1173/1707/143
g Tram54
usemtl SUBWAY_DOOR
f 538/1651/146 1235/418/146 1072/409/146 1123/1195/146
f 1113/1214/178 1063/73/178 1265/91/178 532/1570/178
f 1113/1214/285 1123/1195/285 1072/409/285 1063/73/285
f 1235/418/286 538/1651/286 532/1570/286 1265/91/286
f 557/1241/142 563/1352/142 1123/1195/142 1113/1214/142
f 1063/1103/143 1072/1308/143 1256/949/143 1244/587/143
g Tram55
usemtl SUBWAY_INPANEL
f 1074/711/178 1011/1124/178 1182/19/178 550/723/178
f 540/566/146 1199/1859/146 979/1033/146 1055/852/146
f 1074/711/285 1055/852/285 979/1033/285 1011/1124/285
f 540/566/347 550/723/347 1200/54/347 1180/1838/347
f 592/1153/92 565/1068/92 1055/1501/92 1074/1314/92
f 1011/1124/145 979/1033/145 1199/1859/145 1182/19/145
g Tram56
usemtl SUBWAY_INPANEL
f 633/508/146 1260/1823/146 1093/1104/146 1144/903/146
f 1162/711/178 1111/1124/178 1306/19/178 573/723/178
f 1162/711/285 1144/903/285 1093/1104/285 1111/1124/285
f 1260/1823/286 633/508/286 573/723/286 1306/19/286
f 614/1464/142 598/1237/142 1144/1536/142 1162/1314/142
f 1111/1124/143 1093/1104/143 1280/1797/143 1294/54/143
g Tram57
usemtl SUBWAY_INPANEL
f 1269/711/178 1211/1124/178 777/19/178 695/723/178
f 747/508/146 877/1823/146 1273/1104/146 1314/903/146
f 1314/903/330 1273/1104/330 1211/1124/330 1269/711/330
f 695/723/331 777/19/331 877/1823/331 747/508/331
f 1211/1124/143 1273/1104/143 862/1797/143 798/54/143
f 735/1464/142 776/1237/142 1314/1536/142 1269/1314/142
g Tram58
usemtl SUBWAY_OUTSIDE
f 1218/231/146 796/632/146 678/1868/146 1927/42/146
f 1943/578/178 656/1683/178 829/338/178 1234/932/178
f 1218/231/292 1234/932/292 829/338/292 796/632/292
f 1984/525/340 1965/107/340 678/1868/340 656/1683/340
f 1234/932/160 1218/231/160 1965/107/160 1984/525/160
f 656/36/17 678/368/17 796/89/17 829/1792/17
g Tram59
usemtl SUBWAY_OUTSIDE
f 1300/15/146 888/1562/146 739/830/146 2029/1385/146
f 1970/942/178 779/940/178 910/1038/178 1317/1632/178
f 1300/15/292 1317/1632/292 910/1038/292 888/1562/292
f 1970/942/340 2029/1385/340 756/1075/340 771/1162/340
f 1317/1632/160 1300/15/160 1916/1305/160 1931/1002/160
f 779/1506/17 739/1471/17 888/1537/17 910/1618/17
g Tram60
usemtl SUBWAY_OUTSIDE
f 1398/1185/146 1058/1769/146 317/941/146 2107/490/146
f 2043/95/178 263/902/178 1035/1367/178 1385/767/178
f 1398/1185/292 1385/767/292 1035/1367/292 1058/1769/292
f 2043/95/340 2107/490/340 303/1164/340 281/1128/340
f 1385/767/160 1398/1185/160 2039/541/160 2123/142/160
f 263/676/17 317/796/17 1058/938/17 1035/795/17
g Tram61
usemtl SUBWAY_OUTSIDE
f 1285/983/146 870/610/146 686/1113/146 1895/513/146
f 1886/448/178 716/1397/178 863/1368/178 1278/770/178
f 1285/983/292 1278/770/292 863/1368/292 870/610/292
f 1886/448/340 1895/513/340 706/875/340 697/1127/340
f 1278/770/160 1285/983/160 2011/564/160 2008/382/160
f 716/986/17 686/583/17 870/481/17 863/794/17
g Tram62
usemtl SUBWAY_OUTSIDE
f 1226/51/146 804/929/146 613/1432/146 1831/1279/146
f 1823/408/178 606/764/178 791/751/178 1206/1102/178
f 1226/51/292 1206/1102/292 791/751/292 804/929/292
f 1823/408/340 1831/1279/340 631/1652/340 621/1020/340
f 1206/1102/160 1226/51/160 1796/1347/160 1784/462/160
f 606/486/17 613/694/17 804/880/17 791/609/17
g Tram63
usemtl SUBWAY_OUTSIDE
f 2107/1179/178 317/1178/178 1058/813/178 1398/1414/178
f 1425/845/146 1091/494/146 349/1007/146 2082/625/146
f 1425/845/292 1398/1414/292 1058/813/292 1091/494/292
f 303/957/340 2107/1179/340 2082/625/340 329/747/340
f 1398/1414/160 1425/845/160 2059/699/160 2039/1234/160
f 317/1724/17 349/720/17 1091/355/17 1058/1390/17
g Tram64
usemtl SUBWAY_OUTSIDE
f 1131/1619/5 460/1807/5 1810/993/5 1214/480/5
f 249/1502/178 878/1190/178 942/873/178 1576/1242/178
f 942/531/133 1214/480/133 1810/993/133 1576/928/133
f 87/1199/176 441/1699/176 1116/1788/176 758/1191/176
f 515/1767/221 189/1246/221 1576/928/221 1810/993/221
f 836/1071/222 1192/1656/222 1214/480/222 942/531/222
g Tram65
usemtl SUBWAY_OUTSIDE
f 460/198/178 1131/584/178 1214/1679/178 1810/1197/178
f 905/203/5 277/766/5 1584/1830/5 947/132/5
f 1810/1051/133 1214/544/133 947/132/133 1584/1830/133
f 1056/391/134 1116/1631/134 441/1911/134 391/737/134
f 1192/1730/222 959/265/222 947/132/222 1214/544/222
f 320/798/221 515/1850/221 1810/1051/221 1584/1830/221
g Tram66
usemtl SUBWAY_CEILING
f 350/1760/178 890/1706/178 7/1207/178 976/1370/178
f 935/102/5 398/1026/5 1052/28/5 65/681/5
f 890/1706/85 379/1760/85 449/1026/85 935/102/85
f 1042/28/2 966/1370/2 7/1207/2 65/681/2
f 398/858/139 350/960/139 901/27/139 1118/66/139
f 890/1706/239 935/102/239 65/681/239 7/1207/239
g Tram67
usemtl SUBWAY_CEILING
f 657/71/178 1149/939/178 279/656/178 1237/1616/178
f 1064/172/5 478/111/5 1146/1028/5 208/31/5
f 1149/939/86 645/71/86 493/111/86 1064/172/86
f 1232/1616/314 279/656/314 208/31/314 1152/1028/314
f 1149/939/240 1064/172/240 208/31/240 279/656/240
f 478/1660/140 657/1795/140 1164/1842/140 1078/373/140
g Tram68
usemtl SUBWAY_CEILING
f 1149/1505/5 657/446/5 1246/1393/5 279/364/5
f 504/1710/178 993/1661/178 114/1552/178 1100/1669/178
f 993/1661/86 494/1710/86 645/446/86 1149/1505/86
f 279/364/261 1237/1393/261 1088/1669/261 114/1552/261
f 657/660/115 504/914/115 1021/103/115 1171/1300/115
f 993/1661/240 1149/1505/240 279/364/240 114/1552/240
g Tram69
usemtl SUBWAY_CEILING
f 895/1121/5 411/226/5 1030/1161/5 37/1487/5
f 406/924/178 968/10/178 131/1181/178 1080/504/178
f 418/924/85 403/226/85 895/1121/85 968/10/85
f 131/1181/315 37/1487/315 1014/1161/315 1090/504/315
f 968/10/239 895/1121/239 37/1487/239 131/1181/239
f 411/401/139 406/393/139 1147/189/139 1102/801/139
g Tram70
usemtl SUBWAY_CEILING
f 645/660/5 115/1373/5 293/78/5 1171/1300/5
f 2120/1687/178 379/960/178 879/27/178 22/765/178
f 379/1187/123 2120/439/123 115/1373/123 645/660/123
f 1181/1300/34 293/78/34 22/1509/34 883/289/34
f 115/1373/28 2120/439/28 2057/1480/28 85/113/28
f 379/1187/163 645/660/163 1032/1374/163 1318/222/163
g Tram71
usemtl SUBWAY_CEILING
f 115/546/178 645/1795/178 1171/1842/178 293/589/178
f 403/401/5 2124/1601/5 2041/63/5 1110/801/5
f 645/1795/123 115/546/123 2124/1601/123 403/401/123
f 2041/63/34 293/589/34 1181/1842/34 1115/801/34
f 2124/1601/28 115/546/28 85/623/28 2224/92/28
f 645/1795/163 403/401/163 1253/739/163 1032/1898/163
g Tram72
usemtl SUBWAY_OUTSIDE
f 1464/1032/178 1608/370/178 848/1182/178 1214/1679/178
f 1979/958/5 1697/646/5 947/132/5 607/613/5
f 1214/544/89 848/1058/89 607/613/89 947/132/89
f 1467/5/120 1552/1485/120 1624/574/120 2003/1066/120
f 1611/458/259 1530/1591/259 1214/544/259 947/132/259
f 1614/124/260 1987/958/260 607/613/260 848/1058/260
g Tram73
usemtl SUBWAY_OUTSIDE
f 1736/1135/178 1838/1477/178 599/1360/178 942/873/178
f 1608/1860/5 1464/1579/5 1214/480/5 848/998/5
f 942/531/89 599/1024/89 848/998/89 1214/480/89
f 1820/1869/120 1818/1403/120 1552/1529/120 1467/47/120
f 1530/1398/259 1837/1255/259 942/531/259 1214/480/259
f 1843/1732/260 1614/1860/260 848/998/260 599/1024/260
g Tram74
usemtl SUBWAY_CEILING
f 1406/709/44 74/196/44 272/1890/44 1952/451/44
f 336/190/5 1677/651/5 2144/889/5 491/422/5
f 74/931/224 1413/1422/224 1686/651/224 336/190/224
f 1926/1640/100 272/1147/100 491/422/100 2147/889/100
f 74/931/69 336/190/69 415/306/69 204/1265/69
f 1677/651/136 1406/1422/136 2033/1590/136 2194/955/136
g Tram75
usemtl SUBWAY_CEILING
f 1677/1492/44 336/35/44 491/243/44 2144/1684/44
f 78/324/5 1443/1725/5 2095/1513/5 2185/77/5
f 336/35/224 1686/1492/224 1448/1725/224 78/324/224
f 2147/1684/100 491/243/100 2185/77/100 2108/1513/100
f 336/35/69 78/324/69 27/188/69 415/139/69
f 1443/1725/136 1677/1492/136 2194/1750/136 2054/1446/136
g Tram76
usemtl SUBWAY_CEILING
f 1750/744/44 1413/709/44 2005/390/44 36/1873/44
f 1498/1900/5 1815/1854/5 93/1027/5 2077/1602/5
f 1815/1854/141 1492/1900/141 1406/709/141 1750/744/141
f 36/1873/322 2005/390/322 2077/1602/322 93/1027/322
f 1413/709/137 1498/1900/137 2077/1602/137 2005/390/137
f 1815/1854/201 1750/744/201 916/292/201 971/1411/201
g Tram77
usemtl SUBWAY_CEILING
f 1686/651/5 2010/588/5 307/258/5 2202/955/5
f 1846/710/44 1544/661/44 2094/343/44 148/851/44
f 1846/710/138 2010/588/138 1677/651/138 1531/661/138
f 2094/343/321 2202/955/321 307/258/321 148/851/321
f 1544/661/39 1686/651/39 63/753/39 1908/280/39
f 2010/588/202 1846/710/202 1029/988/202 572/1846/202
g Tram78
usemtl SUBWAY_CEILING
f 2010/1538/44 1686/1492/44 2202/1750/44 307/1166/44
f 1543/488/5 1907/447/5 243/121/5 2132/674/5
f 1907/447/138 1553/488/138 1677/1492/138 2010/1538/138
f 307/1166/321 2202/1750/321 2132/674/321 243/121/321
f 1686/1492/39 1543/488/39 1950/592/39 63/1589/39
f 1907/447/202 2010/1538/202 572/807/202 1108/1677/202
g Tram79
usemtl SUBWAY_CEILING
f 1448/1725/5 1755/1783/5 71/978/5 2060/1446/5
f 1835/1364/44 1458/1423/44 2080/1206/44 157/529/44
f 1835/1364/141 1755/1783/141 1443/1725/141 1466/1423/141
f 2080/1206/322 2060/1446/322 71/978/322 157/529/322
f 1458/1423/137 1448/1725/137 2060/1446/137 2080/1206/137
f 1755/1783/201 1835/1364/201 1039/911/201 938/1319/201
g Tram80
usemtl SUBWAY_CEILING
f 1729/1878/5 867/1091/5 934/13/5 1606/591/5 1812/532/5
f 865/1091/130 933/13/130 934/13/130 867/1091/130
f 1729/1878/264 1812/532/264 1811/532/264 1728/1878/264
f 1728/1878/173 865/1091/173 867/1091/173 1729/1878/173
f 933/13/241 865/1091/241 1728/1878/241 1811/532/241 1605/591/241
f 1812/532/212 1606/591/212 1605/591/212 1811/532/212
f 933/13/77 1605/591/77 1606/591/77 934/13/77
g Tram81
usemtl SUBWAY_CEILING
f 903/1091/130 994/13/130 999/13/130 906/1091/130
f 1770/1878/264 1852/532/264 1848/532/264 1767/1878/264
f 1767/1878/173 903/1091/173 906/1091/173 1770/1878/173
f 1767/1878/241 1848/532/241 1642/591/241 994/13/241 903/1091/241
f 906/1091/70 999/13/70 1643/591/70 1852/532/70 1770/1878/70
f 994/13/77 1642/591/77 1643/591/77 999/13/77
f 1852/532/212 1643/591/212 1642/591/212 1848/532/212
g Tram82
usemtl SUBWAY_CEILING
f 1828/1878/5 957/1091/5 1068/13/5 1693/591/5 1911/532/5
f 964/1091/130 1070/13/130 1068/13/130 957/1091/130
f 1828/1878/264 1911/532/264 1917/532/264 1832/1878/264
f 1832/1878/173 964/1091/173 957/1091/173 1828/1878/173
f 1070/13/241 964/1091/241 1832/1878/241 1917/532/241 1698/591/241
f 1911/532/212 1693/591/212 1698/591/212 1917/532/212
f 1070/13/77 1698/591/77 1693/591/77 1068/13/77
g Tram83
usemtl SUBWAY_CEILING
f 371/351/44 439/1680/44 994/1680/44 903/351/44
f 957/329/146 1068/693/146 499/693/146 412/329/146
f 957/329/171 903/351/171 994/1680/171 1068/693/171
f 439/1680/264 371/351/264 412/329/264 499/693/264
f 903/351/263 957/329/263 412/329/263 371/351/263
f 439/1680/129 499/693/129 1068/693/129 994/1680/129
g Tram84
usemtl SUBWAY_CEILING
f 867/533/146 934/1634/146 402/1634/146 338/533/146
f 290/934/44 362/1549/44 893/1549/44 821/934/44
f 867/533/171 821/934/171 893/1549/171 934/1634/171
f 290/934/172 338/533/172 402/1634/172 362/1549/172
f 821/934/263 867/533/263 338/533/263 290/934/263
f 362/1549/129 402/1634/129 934/1634/129 893/1549/129
g Tram85
usemtl SUBWAY_CEILING
f 352/1047/44 423/700/44 967/700/44 884/1047/44
f 832/1682/146 896/833/146 367/833/146 295/1682/146
f 832/1682/171 884/1047/171 967/700/171 896/833/171
f 423/700/264 352/1047/264 295/1682/264 367/833/264
f 884/1047/263 832/1682/263 295/1682/263 352/1047/263
f 423/700/129 367/833/129 896/833/129 967/700/129
g Tram86
usemtl SUBWAY_CEILING
f 1701/1921/178 1716/695/178 1558/1528/178 1750/788/178
f 1751/548/5 1560/310/5 1718/1475/5 1702/1681/5
f 1751/548/213 1750/788/213 1558/1528/213 1560/310/213
f 2026/810/212 2012/117/212 2014/1818/212 2027/1581/212
f 1750/788/116 1751/548/116 1702/1681/116 1701/1921/116
f 1560/310/96 1558/1528/96 1434/1052/96 1436/1810/96
g Tram87
usemtl SUBWAY_CEILING
f 1815/1114/5 1607/1384/5 1471/549/5 1457/312/5
f 1455/1042/178 1468/318/178 1606/1118/178 1812/1855/178
f 1815/1114/213 1812/1855/213 1606/1118/213 1607/1384/213
f 1742/1159/212 1764/430/212 1780/691/212 1753/437/212
f 1812/1855/116 1815/1114/116 1457/312/116 1455/1042/116
f 1607/1384/96 1606/1118/96 1242/687/96 1261/935/96
g Tram88
usemtl SUBWAY_CEILING
f 1848/322/5 1642/127/5 1518/1239/5 1510/1483/5
f 1506/545/178 1513/755/178 1639/1585/178 1846/1379/178
f 1848/322/213 1846/1379/213 1639/1585/213 1642/127/213
f 1806/441/212 1808/1326/212 1822/1123/212 1821/640/212
f 1846/1379/116 1848/322/116 1510/1483/116 1506/545/116
f 1642/127/96 1639/1585/96 1296/1856/96 1297/396/96
g Tram89
usemtl SUBWAY_CEILING
f 1907/869/5 1689/633/5 1581/1768/5 1569/68/5
f 1570/1617/178 1586/1356/178 1693/212/178 1911/467/178
f 1907/869/213 1911/467/213 1693/212/213 1689/633/213
f 1844/1511/212 1842/1879/212 1850/1648/212 1855/1218/212
f 1911/467/116 1907/869/116 1569/68/116 1570/1617/116
f 1689/633/96 1693/212/96 1324/26/96 1321/438/96
g Tram90
usemtl SUBWAY_CEILING
f 1755/1073/5 1566/1317/5 1429/515/5 1417/256/5
f 1418/1010/178 1431/261/178 1567/1076/178 1756/1814/178
f 1755/1073/213 1756/1814/213 1567/1076/213 1566/1317/213
f 1723/1116/212 1721/381/212 1731/628/212 1733/387/212
f 1756/1814/116 1755/1073/116 1417/256/116 1418/1010/116
f 1566/1317/96 1567/1076/96 1217/621/96 1215/885/96
g Tram91
usemtl SUBWAY_CEILING
f 1834/514/5 1618/252/5 1496/1416/5 1482/1647/5
f 1484/140/178 1497/1355/178 1620/643/178 1835/1392/178
f 1834/514/213 1835/1392/213 1620/643/213 1618/252/213
f 1768/249/212 1765/1763/212 1781/1544/212 1782/1503/212
f 1835/1392/116 1834/514/116 1482/1647/116 1484/140/116
f 1618/252/96 1620/643/96 1266/1701/96 1263/1753/96
g Tram92
usemtl SUBWAY_CEILING
f 1743/1047/44 1834/700/44 1019/700/44 918/1047/44
f 860/1682/146 923/833/146 1756/833/146 1674/1682/146
f 1743/1047/172 1674/1682/172 1756/833/172 1834/700/172
f 860/1682/171 918/1047/171 1019/700/171 923/833/171
f 918/1047/263 860/1682/263 1674/1682/263 1743/1047/263
f 1834/700/129 1756/833/129 923/833/129 1019/700/129
g Tram93
usemtl SUBWAY_CEILING
f 1010/329/146 1101/693/146 1911/693/146 1828/329/146
f 1767/351/44 1848/1680/44 1045/1680/44 927/351/44
f 1767/351/172 1828/329/172 1911/693/172 1848/1680/172
f 1101/693/130 1010/329/130 927/351/130 1045/1680/130
f 927/351/263 1010/329/263 1828/329/263 1767/351/263
f 1848/1680/129 1911/693/129 1101/693/129 1045/1680/129
g Tram94
usemtl SUBWAY_CEILING
f 897/533/146 989/1634/146 1812/1634/146 1729/533/146
f 1670/934/44 1751/1549/44 919/1549/44 855/934/44
f 1670/934/172 1729/533/172 1812/1634/172 1751/1549/172
f 989/1634/130 897/533/130 855/934/130 919/1549/130
f 855/934/263 897/533/263 1729/533/263 1670/934/263
f 1751/1549/129 1812/1634/129 989/1634/129 919/1549/129
g Tram95
usemtl SUBWAY_CEILING
f 993/1829/178 1639/1585/178 1993/43/178 627/283/178
f 1642/127/5 994/1811/5 632/742/5 1998/1012/5
f 993/1829/116 994/1811/116 1642/127/116 1639/1585/116
f 765/617/117 764/166/117 417/1857/117 421/884/117
f 994/1811/213 993/1829/213 627/283/213 632/742/213
f 1639/1585/212 1642/127/212 1998/1012/212 1993/43/212
g Tram96
usemtl SUBWAY_CEILING
f 968/874/178 1620/643/178 1977/682/178 637/1882/178
f 1618/252/5 967/23/5 635/907/5 1973/1139/5
f 968/874/116 967/23/116 1618/252/116 1620/643/116
f 787/1021/117 788/69/117 419/791/117 416/1259/117
f 967/23/213 968/874/213 637/1882/213 635/907/213
f 1620/643/212 1618/252/212 1973/1139/212 1977/682/212
g Tram97
usemtl SUBWAY_CEILING
f 890/1236/178 1558/1528/178 2142/1449/178 840/185/178
f 1560/310/5 893/65/5 842/954/5 2143/1193/5
f 890/1236/116 893/65/116 1560/310/116 1558/1528/116
f 554/1060/117 553/316/117 250/1560/117 251/1310/117
f 893/65/213 890/1236/213 840/185/213 842/954/213
f 1558/1528/212 1560/310/212 2143/1193/212 2142/1449/212
g Tram98
usemtl SUBWAY_CEILING
f 934/1354/178 1606/1118/178 1949/535/178 584/1746/178
f 1607/1384/5 935/1630/5 587/96/5 1951/1772/5
f 934/1354/116 935/1630/116 1607/1384/116 1606/1118/116
f 794/199/117 818/1876/117 468/673/117 450/1897/117
f 935/1630/213 934/1354/213 584/1746/213 587/96/213
f 1606/1118/212 1607/1384/212 1951/1772/212 1949/535/212
g Tram99
usemtl SUBWAY_CEILING
f 1566/1317/5 895/1592/5 559/50/5 1903/1721/5
f 896/1301/178 1567/1076/178 1904/495/178 560/1696/178
f 896/1301/116 895/1592/116 1566/1317/116 1567/1076/116
f 472/1851/117 852/160/117 854/1836/117 474/611/117
f 895/1592/213 896/1301/213 560/1696/213 559/50/213
f 1567/1076/212 1566/1317/212 1903/1721/212 1904/495/212
g Tram100
usemtl SUBWAY_CEILING
f 1068/1910/178 1693/212/178 2046/1101/178 726/847/178
f 1689/633/5 1064/410/5 720/1902/5 2044/183/5
f 1068/1910/116 1064/410/116 1689/633/116 1693/212/116
f 733/1778/117 734/724/117 361/994/117 359/74/117
f 1064/410/213 1068/1910/213 726/847/213 720/1902/213
f 1693/212/212 1689/633/212 2044/183/212 2046/1101/212
g Tram101
usemtl GENERIC025
f 1114/827/5 1279/320/5 864/1700/5 1066/302/5
f 1113/1063/173 1278/936/173 1279/936/173 1114/1063/173
f 863/1262/265 1063/1624/265 1066/1624/265 864/1262/265
f 1278/320/252 863/1700/252 864/1700/252 1279/320/252
f 1114/827/330 1066/302/330 1063/302/330 1113/827/330
f 1278/320/241 1113/827/241 1063/302/241 863/1700/241
g Tram102
usemtl SUBWAY_DOOR
f 1757/1257/178 60/334/178 1113/33/178 1278/627/178
f 1279/627/146 1114/33/146 62/334/146 1761/1257/146
f 1761/1257/264 62/334/264 60/334/264 1757/1257/264
f 1278/627/265 1113/33/265 1114/33/265 1279/627/265
f 62/334/203 1114/33/203 1113/33/203 60/334/203
f 1757/1257/161 1278/627/161 1279/627/161 1761/1257/161
g Tram103
usemtl GENERIC025
f 2229/1922/178 191/1923/178 2051/1004/178 422/1559/178
f 191/534/173 2229/270/173 2232/270/173 194/534/173
f 422/886/265 2051/126/265 2055/126/265 424/886/265
f 2229/1922/113 422/1559/113 424/1559/113 2232/1922/113
f 194/1923/41 2055/1004/41 2051/1004/41 191/1923/41
f 194/1923/206 2232/1922/206 424/1559/206 2055/1004/206
g Tram104
usemtl GENERIC025
f 1123/827/5 1285/320/5 870/1700/5 1072/302/5
f 1119/1063/173 1283/936/173 1285/936/173 1123/1063/173
f 869/1262/265 1071/1624/265 1072/1624/265 870/1262/265
f 1123/827/330 1072/302/330 1071/302/330 1119/827/330
f 1283/320/252 869/1700/252 870/1700/252 1285/320/252
f 1283/320/241 1119/827/241 1071/302/241 869/1700/241
g Tram105
usemtl GENERIC025
f 5/1922/178 200/1923/178 2056/1004/178 428/1559/178
f 200/534/173 5/270/173 8/270/173 203/534/173
f 428/886/265 2056/126/265 2058/126/265 430/886/265
f 203/1923/41 2058/1004/41 2056/1004/41 200/1923/41
f 5/1922/113 428/1559/113 430/1559/113 8/1922/113
f 203/1923/206 8/1922/206 430/1559/206 2058/1004/206
g Tram106
usemtl AIR_C1
f 868/1284/44 287/1229/44 171/1229/44 974/1284/44
f 983/1437/146 180/1388/146 291/1388/146 874/1437/146
f 983/1437/171 974/1284/171 171/1229/171 180/1388/171
f 287/1229/264 868/1284/264 874/1437/264 291/1388/264
f 974/1284/263 983/1437/263 874/1437/263 868/1284/263
f 287/1229/129 291/1388/129 180/1388/129 171/1229/129
g Tram107
usemtl SUBWAY_OUTSIDE
f 1361/1599/178 1632/421/178 1384/427/178 863/1604/178
f 870/1523/146 1388/975/146 1641/973/146 1362/1519/146
f 870/1523/7 863/1604/7 1384/427/7 1388/975/7
f 969/421/8 643/1599/8 615/1519/8 928/973/8
f 863/1604/336 870/1523/336 1362/1519/336 1361/1599/336
f 1646/517/301 1619/1046/301 1388/975/301 1384/427/301
g Tram108
usemtl SUBWAY_DOOR
f 1163/918/178 1427/1125/178 1359/1194/178 802/984/178
f 863/1103/146 1384/883/146 1632/814/146 1361/1035/146
f 863/1103/7 802/984/7 1359/1194/7 1384/883/7
f 1040/1125/8 701/918/8 643/1035/8 969/814/8
f 802/984/336 863/1103/336 1361/1035/336 1163/918/336
f 1427/1125/337 1632/814/337 1384/883/337 1359/1194/337
g Tram109
usemtl SUBWAY_OUTSIDE
f 802/433/146 1359/1205/146 1427/1096/146 1163/309/146
f 1150/540/178 1419/728/178 1343/792/178 791/609/178
f 802/433/7 791/609/7 1343/792/7 1359/1205/7
f 1104/540/8 1112/309/8 1394/1096/8 1386/728/8
f 791/609/336 802/433/336 1163/309/336 1150/540/336
f 1405/892/301 1412/1299/301 1359/1205/301 1343/792/301
g Tram110
usemtl SUBWAY_OUTSIDE
f 615/416/178 928/581/178 1388/666/178 870/481/178
f 1058/938/146 1538/522/146 722/452/146 393/862/146
f 1058/938/7 870/481/7 1388/666/7 1538/522/7
f 1641/581/8 1362/416/8 801/862/8 1143/452/8
f 870/481/57 1058/938/57 393/862/57 615/416/57
f 955/501/270 698/599/270 1538/522/270 1388/666/270
g Tram111
usemtl SUBWAY_OUTSIDE
f 801/1309/178 1143/155/178 1538/211/178 1058/1390/178
f 796/89/146 1352/477/146 1603/350/146 1320/1894/146
f 796/89/9 1058/888/9 1538/110/9 1352/477/9
f 1198/159/10 861/952/10 1367/1894/10 1649/350/10
f 1058/888/334 796/89/334 1320/1894/334 801/952/334
f 1143/159/335 1603/350/335 1352/477/335 1538/110/335
g Tram112
usemtl SUBWAY_DOOR
f 973/572/178 476/999/178 1272/781/178 1900/1474/178
f 2093/665/146 1428/1643/146 552/945/146 1072/1308/146
f 1072/1308/169 552/945/169 476/307/169 973/502/169
f 1900/1543/232 1272/1345/232 1428/1643/232 2093/665/232
f 476/307/21 552/945/21 1360/1659/21 1288/1394/21
f 1900/1543/299 2093/665/299 1072/1308/299 973/502/299
g Tram113
usemtl SUBWAY_INPANEL
f 1072/1104/178 552/738/178 1428/896/178 2112/1235/178
f 2062/1203/146 1383/967/146 485/773/146 979/1033/146
f 979/618/169 485/1251/169 552/1031/169 1072/1557/169
f 2112/1290/170 1428/1090/170 1383/1261/170 2062/638/170
f 552/1031/21 485/1251/21 1375/1295/21 1360/1049/21
f 2021/1250/22 2049/675/22 979/618/22 1072/1557/22
g Tram114
usemtl SUBWAY_INPANEL
f 741/563/5 1705/552/5 2228/146/5 162/1870/5
f 160/1870/44 2227/146/44 1704/552/44 740/563/44
f 1704/552/130 2227/146/130 2228/146/130 1705/552/130
f 741/654/264 162/1789/264 160/1789/264 740/654/264
f 2227/146/265 160/1870/265 162/1870/265 2228/146/265
f 740/563/173 1704/552/173 1705/552/173 741/563/173
g Tram115
usemtl GENERIC025
f 2174/1922/178 129/1923/178 2006/1004/178 378/1559/178
f 129/534/173 2174/270/173 2176/270/173 130/534/173
f 378/886/265 2006/126/265 2007/126/265 380/886/265
f 130/1923/41 2007/1004/41 2006/1004/41 129/1923/41
f 2174/1922/113 378/1559/113 380/1559/113 2176/1922/113
f 130/1923/206 2176/1922/206 380/1559/206 2007/1004/206
g Tram116
usemtl SUBWAY_INPANEL
f 1771/552/44 795/563/44 235/1870/44 66/146/44
f 797/563/5 1774/552/5 67/146/5 237/1870/5
f 1771/552/130 66/146/130 67/146/130 1774/552/130
f 797/654/264 237/1789/264 235/1789/264 795/654/264
f 795/563/173 1771/552/173 1774/552/173 797/563/173
f 66/146/265 235/1870/265 237/1870/265 67/146/265
g Tram117
usemtl SUBWAY_SEAT2
f 920/963/131 2189/297/131 154/1568/131 1516/1793/131
f 332/1793/130 1475/1568/130 780/297/130 285/963/130
f 285/963/24 780/297/24 2189/463/24 920/602/24
f 2084/182/242 737/1225/242 930/1568/242 2031/1793/242
f 581/165/105 926/14/105 2189/463/105 780/297/105
f 619/1365/275 1136/1034/275 285/1133/275 920/1293/275
g Tram118
usemtl SUBWAY_SEAT
f 310/538/44 950/485/44 1196/485/44 1922/538/44
f 992/1406/5 328/1586/5 1944/1586/5 1229/1406/5
f 328/379/171 310/831/171 1922/831/171 1944/379/171
f 950/831/172 992/379/172 1229/379/172 1196/831/172
f 950/485/173 310/538/173 328/399/173 992/601/173
f 1944/399/129 1922/538/129 1196/485/129 1229/601/129
g Tram119
usemtl SUBWAY_SEAT
f 326/250/44 990/472/44 1228/472/44 1942/250/44
f 941/119/5 302/1845/5 1915/1845/5 1187/119/5
f 302/362/171 326/964/171 1942/964/171 1915/362/171
f 990/964/172 941/362/172 1187/362/172 1228/964/172
f 990/671/173 326/878/173 302/1845/173 941/119/173
f 1915/1845/129 1942/878/129 1228/671/129 1187/119/129
g Tram120
usemtl SUBWAY_SEAT
f 381/1454/44 1061/1238/44 1276/1238/44 2009/1454/44
f 1125/24/5 431/83/5 2061/83/5 1330/24/5
f 431/1174/171 381/1478/171 2009/1478/171 2061/1174/171
f 1061/1478/172 1125/1174/172 1330/1174/172 1276/1478/172
f 1061/1238/173 381/1454/173 431/1497/173 1125/1547/173
f 2061/1497/129 2009/1454/129 1276/1238/129 1330/1547/129
g Tram121
usemtl SUBWAY_SEAT
f 300/818/44 939/635/44 1185/635/44 1912/818/44
f 920/187/5 285/21/5 1893/21/5 1166/187/5
f 285/482/171 300/291/171 1912/291/171 1893/482/171
f 939/291/172 920/482/172 1166/482/172 1185/291/172
f 939/635/173 300/818/173 285/346/173 920/169/173
f 1893/346/129 1912/818/129 1185/635/129 1166/169/129
g Tram122
usemtl SUBWAY_SEAT2
f 1125/963/131 218/297/131 1446/1834/131 1194/1793/131
f 1480/1793/130 1013/1834/130 1015/297/130 431/963/130
f 431/963/24 1015/297/24 218/463/24 1125/602/24
f 84/202/196 1454/1541/196 1002/1834/196 437/1832/196
f 958/165/73 1415/14/73 218/463/73 1015/297/73
f 1122/1365/244 1414/1034/244 431/1133/244 1125/1293/244
g Tram123
usemtl GENERIC025
f 29/1922/178 226/1923/178 2079/1004/178 455/1559/178
f 226/534/173 29/270/173 28/270/173 224/534/173
f 455/886/265 2079/126/265 2078/126/265 451/886/265
f 224/1923/41 2078/1004/41 2079/1004/41 226/1923/41
f 29/1922/113 455/1559/113 451/1559/113 28/1922/113
f 224/1923/206 28/1922/206 451/1559/206 2078/1004/206
g Tram124
usemtl GENERIC025
f 1144/827/5 1300/320/5 888/1700/5 1093/302/5
f 1145/1063/173 1303/936/173 1300/936/173 1144/1063/173
f 892/1262/265 1099/1624/265 1093/1624/265 888/1262/265
f 1144/827/330 1093/302/330 1099/302/330 1145/827/330
f 1303/320/252 892/1700/252 888/1700/252 1300/320/252
f 1303/320/241 1145/827/241 1099/302/241 892/1700/241
g Tram125
usemtl SUBWAY_SEAT
f 1041/1215/130 1672/1428/130 1170/9/130 907/904/130
f 92/904/264 44/9/264 1885/1428/264 670/1215/264
f 92/1067/47 907/1280/47 1170/67/47 44/294/47
f 1151/1216/148 2110/1495/148 1790/1415/148 209/1213/148
f 628/1037/62 991/800/62 907/1740/62 92/55/62
f 1713/1535/312 1925/1447/312 44/294/312 1170/67/312
g Tram126
usemtl SUBWAY_SEAT2
f 381/963/44 1061/602/44 40/423/44 1169/100/44
f 1062/602/5 382/963/5 1170/100/5 44/423/5
f 381/963/130 1169/100/130 1170/100/130 382/963/130
f 1062/963/264 44/100/264 40/100/264 1061/963/264
f 1061/1293/173 381/1133/173 382/1133/173 1062/1293/173
f 1169/1189/265 40/1555/265 44/1555/265 1170/1189/265
g Tram127
usemtl SUBWAY_SEAT
f 1545/34/44 2140/195/44 2/195/44 837/34/44
f 2162/403/5 1587/375/5 858/375/5 34/403/5
f 2140/507/172 2162/285/172 34/285/172 2/507/172
f 1587/285/171 1545/507/171 837/507/171 858/285/171
f 837/34/265 2/195/265 34/135/265 858/1843/265
f 2162/135/263 2140/195/263 1545/34/263 1587/1843/263
g Tram128
usemtl SUBWAY_SEAT
f 1623/825/44 2200/905/44 92/905/44 907/825/44
f 75/853/5 1720/1029/5 1015/1029/5 218/853/5
f 2200/1099/172 75/615/172 218/615/172 92/1099/172
f 1720/615/171 1623/1099/171 907/1099/171 1015/615/171
f 907/825/265 92/905/265 218/961/265 1015/1160/265
f 75/961/263 2200/905/263 1623/825/263 1720/1160/263
g Tram129
usemtl SUBWAY_SEAT
f 1582/1761/44 2154/1622/44 30/1622/44 856/1761/44
f 2138/1650/5 1534/1510/5 820/1510/5 2226/1650/5
f 2154/1770/172 2138/3/172 2226/3/172 30/1770/172
f 1534/3/171 1582/1770/171 856/1770/171 820/3/171
f 856/218/265 30/17/265 2226/1650/265 820/1510/265
f 2138/1650/263 2154/17/263 1582/218/263 1534/1510/263
g Tram130
usemtl SUBWAY_SEAT
f 1521/987/44 2130/925/44 2204/925/44 805/987/44
f 2121/1145/5 1500/1120/5 780/1120/5 2189/1145/5
f 2130/1638/172 2121/971/172 2189/971/172 2204/1638/172
f 1500/971/171 1521/1638/171 805/1638/171 780/971/171
f 805/1391/265 2204/1463/265 2189/1145/265 780/1120/265
f 2121/1145/263 2130/1463/263 1521/1391/263 1500/1120/263
g Tram131
usemtl SUBWAY_INPANEL
f 1061/1344/44 79/1053/44 673/1053/44 1583/1344/44
f 1635/1275/171 1583/1344/171 673/1053/171 774/1186/171
f 1583/1344/263 1635/1275/263 1125/1275/263 1061/1344/263
f 79/1517/129 218/1358/129 774/1358/129 673/1517/129
f 1635/1275/24 774/1186/24 218/1186/24 1125/1275/24
f 1061/1344/236 1125/1275/236 218/1186/236 79/1053/236
g Tram132
usemtl SUBWAY_INPANEL
f 79/1517/44 40/992/44 1745/992/44 673/1517/44
f 693/1431/171 673/1517/171 1745/992/171 1746/989/171
f 673/1517/263 693/1431/263 92/1431/263 79/1517/263
f 40/992/129 44/989/129 1746/989/129 1745/992/129
f 693/1431/186 1746/989/186 44/989/186 92/1431/186
f 79/1517/102 92/1431/102 44/989/102 40/992/102
g Tram133
usemtl SUBWAY_INPANEL
f 2214/1517/44 2180/992/44 1660/992/44 574/1517/44
f 566/1431/171 574/1517/171 1660/992/171 1658/989/171
f 574/1517/263 566/1431/263 2204/1431/263 2214/1517/263
f 2180/992/129 2178/989/129 1658/989/129 1660/992/129
f 566/1431/186 1658/989/186 2178/989/186 2204/1431/186
f 2214/1517/102 2204/1431/102 2178/989/102 2180/992/102
g Tram134
usemtl SUBWAY_INPANEL
f 939/1344/44 2214/1053/44 574/1053/44 1474/1344/44
f 1453/1275/171 1474/1344/171 574/1053/171 549/1186/171
f 1474/1344/263 1453/1275/263 920/1275/263 939/1344/263
f 2214/1517/129 2189/1358/129 549/1358/129 574/1517/129
f 1453/1275/24 549/1186/24 2189/1186/24 920/1275/24
f 939/1344/236 920/1275/236 2189/1186/236 2214/1053/236
g Tram135
usemtl SUBWAY_INPANEL
f 1477/1069/146 579/1325/146 2218/1325/146 941/1069/146
f 990/906/172 941/1069/172 2218/1325/172 30/1512/172
f 1514/906/263 1477/1069/263 941/1069/263 990/906/263
f 30/1056/129 2218/1204/129 579/1204/129 624/1056/129
f 990/906/272 30/1512/272 624/1512/272 1514/906/272
f 1477/1069/103 1514/906/103 624/1512/103 579/1325/103
g Tram136
usemtl SUBWAY_INPANEL
f 579/1204/146 1662/716/146 2181/716/146 2218/1204/146
f 2226/1143/172 2218/1204/172 2181/716/172 2183/749/172
f 582/1143/263 579/1204/263 2218/1204/263 2226/1143/263
f 2183/749/129 2181/716/129 1662/716/129 1663/749/129
f 2226/1143/11 2183/749/11 1663/749/11 582/1143/11
f 579/1204/103 582/1143/103 1663/749/103 1662/716/103
g Tram137
usemtl SUBWAY_INPANEL
f 950/1344/44 2231/1053/44 583/1053/44 1489/1344/44
f 1519/1275/171 1489/1344/171 583/1053/171 625/1186/171
f 1489/1344/263 1519/1275/263 992/1275/263 950/1344/263
f 2231/1517/129 34/1358/129 625/1358/129 583/1517/129
f 1519/1275/24 625/1186/24 34/1186/24 992/1275/24
f 950/1344/236 992/1275/236 34/1186/236 2231/1053/236
g Tram138
usemtl SUBWAY_INPANEL
f 2231/1517/44 2186/992/44 1666/992/44 583/1517/44
f 590/1431/171 583/1517/171 1666/992/171 1667/989/171
f 583/1517/263 590/1431/263 2/1431/263 2231/1517/263
f 2186/992/129 2187/989/129 1667/989/129 1666/992/129
f 590/1431/186 1667/989/186 2187/989/186 2/1431/186
f 2231/1517/102 2/1431/102 2187/989/102 2186/992/102
g Tram139
usemtl SUBWAY_DOOR
f 1757/1674/44 60/734/44 193/734/44 1874/1674/44
f 1883/1257/146 199/334/146 66/334/146 1771/1257/146
f 1757/1674/172 1771/1257/172 66/334/172 60/734/172
f 1883/1257/171 1874/1674/171 193/734/171 199/334/171
f 1874/1674/263 1883/1257/263 1771/1257/263 1757/1674/263
f 60/734/129 66/334/129 199/334/129 193/734/129
g Tram140
usemtl SUBWAY_SEAT
f 302/894/146 809/171/146 710/171/146 612/894/146
f 640/503/172 612/894/172 710/171/172 749/1704/172
f 326/1386/263 302/1739/263 612/1739/263 640/1386/263
f 749/1/129 710/376/129 809/376/129 856/1/129
f 640/1009/272 749/237/272 856/237/272 326/1009/272
f 302/894/103 326/503/103 856/1704/103 809/171/103
g Tram141
usemtl SUBWAY_SEAT
f 809/376/146 1085/284/146 1575/284/146 710/376/146
f 714/331/172 710/376/172 1575/284/172 1577/276/172
f 820/331/263 809/376/263 710/376/263 714/331/263
f 1577/828/129 1575/835/129 1085/835/129 1086/828/129
f 714/331/11 1577/276/11 1086/276/11 820/331/11
f 809/376/103 820/331/103 1086/276/103 1085/284/103
g Tram142
usemtl SUBWAY_SEAT
f 617/555/44 718/1794/44 828/1794/44 310/555/44
f 328/901/171 310/555/171 828/1794/171 858/207/171
f 310/1455/263 328/1749/263 642/1749/263 617/1455/263
f 718/70/129 752/426/129 858/426/129 828/70/129
f 328/901/24 858/207/24 752/207/24 642/901/24
f 617/555/236 642/901/236 752/207/236 718/1794/236
g Tram143
usemtl SUBWAY_SEAT
f 718/70/44 1588/1912/44 1092/1912/44 828/70/44
f 837/208/171 828/70/171 1092/1912/171 1095/39/171
f 828/70/263 837/208/263 728/208/263 718/70/263
f 1588/520/129 1589/570/129 1095/570/129 1092/520/129
f 837/208/186 1095/39/186 1589/39/186 728/208/186
f 718/70/102 728/208/102 1589/39/102 1588/1912/102
g Tram144
usemtl SUBWAY_SEAT2
f 1705/1775/146 2228/1798/146 772/1798/146 215/1775/146
f 213/1780/44 770/1803/44 2227/1803/44 1704/1780/44
f 1704/1780/130 2227/1803/130 2228/1798/130 1705/1775/130
f 215/1775/264 772/1798/264 770/1803/264 213/1780/264
f 770/1803/129 772/1798/129 2228/1798/129 2227/1803/129
f 1704/1780/263 1705/1775/263 215/1775/263 213/1780/263
g Tram145
usemtl SUBWAY_SEAT
f 611/756/44 709/60/44 807/60/44 300/756/44
f 285/950/171 300/756/171 807/60/171 780/245/171
f 300/1633/263 285/1806/263 585/1806/263 611/1633/263
f 709/246/129 683/469/129 780/469/129 807/246/129
f 285/950/24 780/245/24 683/245/24 585/950/24
f 611/756/236 585/950/236 683/245/236 709/60/236
g Tram146
usemtl SUBWAY_SEAT
f 704/555/44 783/1794/44 891/1794/44 381/555/44
f 431/901/171 381/555/171 891/1794/171 1015/207/171
f 381/1455/263 431/1749/263 767/1749/263 704/1455/263
f 783/70/129 887/426/129 1015/426/129 891/70/129
f 431/901/24 1015/207/24 887/207/24 767/901/24
f 704/555/236 767/901/236 887/207/236 783/1794/236
g Tram147
usemtl SUBWAY_SEAT
f 783/70/44 1645/1912/44 1169/1912/44 891/70/44
f 907/208/171 891/70/171 1169/1912/171 1170/39/171
f 891/70/263 907/208/263 800/208/263 783/70/263
f 1645/520/129 1652/570/129 1170/570/129 1169/520/129
f 907/208/186 1170/39/186 1652/39/186 800/208/186
f 783/70/102 800/208/102 1652/39/102 1645/1912/102
g Tram148
usemtl SUBWAY_SEAT
f 709/246/44 1572/168/44 1083/168/44 807/246/44
f 805/323/171 807/246/171 1083/168/171 1081/178/171
f 807/246/263 805/323/263 703/323/263 709/246/263
f 1572/718/129 1571/726/129 1081/726/129 1083/718/129
f 805/323/186 1081/178/186 1571/178/186 703/323/186
f 709/246/102 703/323/102 1571/178/102 1572/168/102
g Tram149
usemtl SUBWAY_SEAT
f 1401/1215/130 267/1428/130 1081/9/130 805/904/130
f 2204/904/264 2178/9/264 2013/1428/264 1451/1215/264
f 2204/1067/47 805/1280/47 1081/67/47 2178/294/47
f 267/1216/148 1401/1495/148 1451/1415/148 2013/1213/148
f 1491/1037/179 1432/800/179 805/1740/179 2204/55/179
f 301/1535/1 2045/1447/1 2178/294/1 1081/67/1
g Tram150
usemtl SUBWAY_SEAT2
f 939/602/44 2214/463/44 807/297/44 300/963/44
f 298/963/146 806/297/146 2211/463/146 937/602/146
f 300/963/130 807/297/130 806/297/130 298/963/130
f 937/963/264 2211/297/264 2214/297/264 939/963/264
f 807/297/265 2214/463/265 2211/463/265 806/297/265
f 939/1293/173 300/1133/173 298/1133/173 937/1293/173
g Tram151
usemtl SUBWAY_OUTSIDE
f 807/1043/44 2214/668/44 2180/428/44 1083/1315/44
f 2178/428/146 2211/668/146 806/1043/146 1081/1315/146
f 2211/668/264 2178/428/264 2180/428/264 2214/668/264
f 807/1043/130 1083/1315/130 1081/1315/130 806/1043/130
f 2214/668/173 807/1043/173 806/1043/173 2211/668/173
f 1083/1315/265 2180/428/265 2178/428/265 1081/1315/265
g Tram152
usemtl SUBWAY_DOOR
f 1226/627/146 1060/33/146 2227/334/146 1704/1257/146
f 1703/1257/178 2225/334/178 1059/33/178 1225/627/178
f 1704/1257/264 2227/334/264 2225/334/264 1703/1257/264
f 1225/627/265 1059/33/265 1060/33/265 1226/627/265
f 2227/334/203 1060/33/203 1059/33/203 2225/334/203
f 1703/1257/161 1225/627/161 1226/627/161 1704/1257/161
g Tram153
usemtl GENERIC025
f 1060/827/5 1226/320/5 804/1700/5 988/302/5
f 1059/1063/173 1225/936/173 1226/936/173 1060/1063/173
f 803/1262/265 987/1624/265 988/1624/265 804/1262/265
f 1060/827/330 988/302/330 987/302/330 1059/827/330
f 1225/320/252 803/1700/252 804/1700/252 1226/320/252
f 1225/320/241 1059/827/241 987/302/241 803/1700/241
g Tram154
usemtl SUBWAY_OUTSIDE
f 1176/653/44 791/1518/44 1391/344/44
f 1393/344/5 792/1518/5 1177/653/5
f 791/1518/265 1176/653/265 1177/653/265 792/1518/265
f 1289/1025/238 791/1518/238 792/1518/238 1291/1025/238
f 1678/1489/254 886/295/254 885/295/254 1676/1489/254
g Tram155
usemtl GENERIC025
f 791/337/44 1176/1742/44 1343/1712/44
f 1176/1742/173 791/337/173 792/337/173 1177/1742/173
f 791/337/46 1343/1712/46 1345/1712/46 792/337/46
f 1157/1689/255 165/242/255 164/242/255 1156/1689/255
f 1177/1742/206 792/337/206 1345/1712/206
g Tram156
usemtl SUBWAY_INEND
f 1638/769/146 1857/419/146 1983/511/146
f 1982/511/178 1856/419/178 1637/769/178
f 101/631/15 1000/558/15 998/558/15 99/631/15
f 1326/1277/150 986/547/150 985/547/150 1325/1277/150
f 99/1412/68 2157/305/68 2158/305/68 101/1412/68
g Tram157
usemtl SUBWAY_INEND
f 345/123/146 1712/761/146 21/1896/146 519/1371/146 810/775/146 365/466/146 2165/1605/146
f 1711/746/130 20/741/130 21/741/130 1712/746/130
f 344/287/173 1711/746/173 1712/746/173 345/287/173
f 518/1371/265 808/775/265 810/775/265 519/1371/265
f 20/1896/106 1711/761/106 344/123/106 2163/1605/106 364/466/106 808/775/106 518/1371/106
f 345/287/291 2165/1569/291 2163/1569/291 344/287/291
f 2165/1605/114 365/466/114 364/466/114 2163/1605/114
f 365/466/313 841/1727/313 839/1727/313 364/466/313
f 20/1896/289 518/1371/289 519/1371/289 21/1896/289
g Tram158
usemtl SUBWAY_INEND
f 1787/1705/146 1347/1779/146 106/257/146 1712/62/146
f 1711/62/44 104/257/44 1346/1779/44 1786/1705/44
f 1712/746/264 106/568/264 104/568/264 1711/746/264
f 1786/1705/130 1346/1779/130 1347/1779/130 1787/1705/130
f 1346/1779/265 104/257/265 106/257/265 1347/1779/265
f 1711/62/173 1786/1705/173 1787/1705/173 1712/62/173
g Tram159
usemtl SUBWAY_INEND
f 477/161/5 1969/298/5 2120/213/5 859/84/5 74/1122/5
f 2119/213/44 1967/298/44 475/161/44 73/1122/44 857/84/44
f 1967/298/130 2119/213/130 2120/213/130 1969/298/130
f 477/395/264 74/1296/264 73/1296/264 475/395/264
f 475/161/173 1967/298/173 1969/298/173 477/161/173
f 857/1129/83 73/1296/83 74/1296/83 859/1129/83
f 2119/213/298 857/84/298 859/84/298 2120/213/298
g Tram160
usemtl SUBWAY_INEND
f 1969/298/5 170/1288/5 476/1507/5 2065/131/5
f 473/1507/44 168/1288/44 1967/298/44 2064/131/44
f 168/1288/130 473/1507/130 476/1507/130 170/1288/130
f 1969/298/264 2065/131/264 2064/131/264 1967/298/264
f 1967/298/173 168/1288/173 170/1288/173 1969/298/173
f 473/1507/265 2064/131/265 2065/131/265 476/1507/265
g Tram161
usemtl SUBWAY_INEND
f 1377/1614/5 859/84/5 1597/1014/5 1558/1015/5
f 1557/1015/44 1595/1014/44 857/84/44 1376/1614/44
f 1600/1657/177 1557/1015/177 1558/1015/177 1601/1657/177
f 857/84/81 463/98/81 464/98/81 859/84/81
f 508/857/14 857/84/14 859/84/14 509/857/14
f 2161/1762/345 1558/1015/345 1557/1015/345 2159/1762/345
g Tram162
usemtl SUBWAY_INEND
f 900/1906/5 477/395/5 589/951/5 567/233/5
f 588/951/44 475/395/44 898/1906/44 564/233/44
f 475/395/130 588/951/130 589/951/130 477/395/130
f 900/1906/264 567/233/264 564/233/264 898/1906/264
f 898/1906/173 475/395/173 477/395/173 900/1906/173
f 588/951/265 564/233/265 567/233/265 589/951/265
g Tram163
usemtl SUBWAY_INEND
f 872/1086/5 2206/464/5 1992/72/5 358/768/5
f 871/1086/173 2205/464/173 2206/464/173 872/1086/173
f 1990/72/265 357/768/265 358/768/265 1992/72/265
f 2205/464/231 1990/72/231 1992/72/231 2206/464/231
f 872/173/99 345/287/99 344/287/99 871/173/99
f 1990/72/241 2205/464/241 871/1086/241 357/768/241
g Tram164
usemtl SUBWAY_INEND
f 1206/1488/5 666/162/5 925/1330/5
f 665/162/44 1205/1488/44 924/1330/44
f 1017/1210/338 1813/966/338 1814/966/338 1018/1210/338
f 1438/1539/87 694/1548/87 692/1548/87 1437/1539/87
f 1625/1167/91 914/1202/91 917/1202/91 1626/1167/91
g Tram165
usemtl SUBWAY_INEND
f 1787/491/146 1992/1003/146 1048/779/146 973/1764/146 270/1287/146 41/296/146 107/1377/146
f 1787/1705/264 107/562/264 105/562/264 1786/1705/264
f 1786/1705/173 1990/72/173 1992/72/173 1787/1705/173
f 268/1287/265 39/296/265 41/296/265 270/1287/265
f 1046/779/241 1990/1003/241 1786/491/241 105/1377/241 39/296/241 268/1287/241 972/1764/241
f 1990/72/78 1046/634/78 1048/634/78 1992/72/78
f 107/1377/74 41/296/74 39/296/74 105/1377/74
f 2148/1820/184 232/1144/184 233/1144/184 2149/1820/184
f 1046/779/331 972/1764/331 973/1764/331 1048/779/331
g Tram166
usemtl SUBWAY_OUTSIDE
f 1206/1102/146 666/1077/146 1282/1016/146 1860/108/146
f 1858/330/178 1281/1340/178 663/1433/178 1202/1341/178
f 1206/1102/155 1202/1341/155 663/1433/155 666/1077/155
f 1858/330/156 1860/108/156 1282/1016/156 1281/1340/156
f 1202/1341/350 1206/1102/350 1825/397/350 1824/629/350
f 1203/1597/127 1207/1240/127 666/1077/127 663/1433/127
g Tram167
usemtl SUBWAY_OUTSIDE
f 1208/1713/146 669/1736/146 1302/1665/146 1887/721/146
f 1891/1175/178 1305/152/178 674/215/178 1218/231/178
f 1208/1713/155 1218/231/155 674/215/155 669/1736/155
f 1891/1175/156 1887/721/156 1302/1665/156 1305/152/156
f 1218/231/350 1208/1713/350 1847/1533/350 1928/37/350
f 1366/881/127 1239/454/127 669/1736/127 674/215/127
g Tram168
usemtl GENERIC025
f 1960/1472/44 1424/1092/44 127/1702/44 551/333/44
f 1421/1595/5 1766/4/5 548/1808/5 113/1224/5
f 551/1620/215 127/1039/215 113/1224/215 548/1808/215
f 1421/1595/251 1424/1553/251 1960/1885/251 1766/4/251
f 1127/1349/30 1270/1410/30 113/412/30 127/209/30
f 1807/475/31 1920/523/31 551/759/31 548/976/31
g Tram169
usemtl GENERIC025
f 1759/4/44 1399/1595/44 98/1224/44 546/1808/44
f 1400/1233/5 1763/1108/5 547/25/5 107/1404/5
f 546/1808/215 98/1224/215 107/1404/215 547/25/215
f 1400/1233/251 1399/1595/251 1759/4/251 1763/1108/251
f 1236/1410/30 1238/99/30 107/550/30 98/412/30
f 1802/1848/31 1801/475/31 546/976/31 547/1106/31
g Tram170
usemtl SUBWAY_OUTSIDE
f 1940/79/5 1398/1185/5 323/536/5 1301/415/5
f 1508/1515/178 2201/1609/178 1278/770/178 1757/910/178
f 1757/910/161 1278/770/161 1398/1185/161 1940/79/161
f 1161/326/237 346/536/237 2236/1609/237 1647/1593/237
f 2028/1551/306 1681/597/306 1398/1185/306 1278/770/306
f 1757/910/67 1940/79/67 1301/415/67 1508/1515/67
g Tram171
usemtl SUBWAY_OUTSIDE
f 1301/1628/178 323/497/178 1398/1414/178 1940/1263/178
f 1694/1718/5 1208/1713/5 69/473/5 1594/435/5
f 1694/1718/161 1940/997/161 1398/856/161 1208/1713/161
f 377/1664/193 2072/1904/193 1762/405/193 11/473/193
f 1940/997/174 1694/1718/174 1469/339/174 1274/30/174
f 347/1524/128 51/662/128 1208/1713/128 1398/856/128
g Tram172
usemtl SUBWAY_OUTSIDE
f 1704/57/5 1226/51/5 31/926/5 1602/619/5
f 1592/253/178 19/887/178 1202/1341/178 1690/216/178
f 1690/216/161 1202/1341/161 1226/51/161 1704/57/161
f 1602/619/193 31/926/193 19/887/193 1592/253/193
f 19/887/147 31/926/147 1226/51/147 1202/1341/147
f 1690/216/67 1704/57/67 1602/619/67 1592/253/67
g Tram173
usemtl SUBWAY_OUTSIDE
f 1690/1209/44 1369/505/44 1604/340/44 136/1048/44
f 1373/352/5 1694/1064/5 161/912/5 1630/191/5
f 1369/90/151 1690/1791/151 1694/1332/151 1373/114/151
f 161/1905/152 136/1165/152 1604/1419/152 1630/677/152
f 1694/1332/348 1690/1791/348 169/1221/348 210/32/348
f 1369/90/349 1373/114/349 1665/725/349 1634/1491/349
g Tram174
usemtl SUBWAY_OUTSIDE
f 1128/1635/178 2113/46/178 1511/1871/178 1230/197/178
f 2109/1278/5 1124/394/5 1227/1754/5 1338/1008/5
f 2113/46/191 1128/1635/191 1124/394/191 2109/1278/191
f 1227/1754/192 1230/197/192 1511/1871/192 1338/1008/192
f 1124/394/309 1128/1635/309 1230/197/309 1227/1754/309
f 2113/46/310 2109/1278/310 1338/1008/310 1511/1871/310
g Tram175
usemtl SUBWAY_OUTSIDE
f 2113/1852/5 1128/1126/5 1230/948/5 1511/1470/5
f 1117/1441/178 2100/707/178 1312/1316/178 1221/129/178
f 1117/371/191 1128/1582/191 2113/846/191 2100/356/191
f 1312/281/158 1511/1424/158 1230/247/158 1221/1875/158
f 2100/356/104 2113/846/104 1435/1498/104 1368/345/104
f 1128/1582/188 1117/371/188 1734/1637/188 1735/498/188
g Tram176
usemtl SUBWAY_OUTSIDE
f 1124/1248/5 1373/352/5 1129/1901/5 1197/790/5
f 1369/505/44 1117/1434/44 1195/959/44 1103/1737/44
f 1369/90/283 1373/114/283 1124/1131/283 1117/860/283
f 1195/537/284 1197/431/284 1129/1837/284 1103/861/284
f 1117/1563/135 1124/229/135 1197/797/135 1195/1504/135
f 1373/114/88 1369/90/88 1135/933/88 1167/1892/88
g Tram177
usemtl SUBWAY_OUTSIDE
f 1410/1715/5 2113/1852/5 254/854/5 1422/730/5
f 2100/707/178 1403/824/178 1395/871/178 134/736/178
f 2100/356/51 2113/846/51 1410/985/51 1403/1481/51
f 1402/134/288 1409/996/288 76/823/288 286/1018/288
f 1403/1481/164 1410/985/164 1422/965/164 1395/156/164
f 2113/846/165 2100/356/165 134/1018/165 254/823/165
g Tram178
usemtl SUBWAY_OUTSIDE
f 2113/46/178 1410/639/178 1422/1281/178 254/692/178
f 1407/1154/5 2109/1278/5 163/1874/5 1396/1734/5
f 1410/639/51 2113/46/51 2109/1278/51 1407/1154/51
f 2230/1874/52 2063/692/52 1580/1281/52 1826/1734/52
f 2109/1278/165 2113/46/165 254/692/165 163/1874/165
f 1410/639/164 1407/1154/164 1396/1734/164 1422/1281/164
g Tram179
usemtl GENERIC025
f 1342/1386/44 98/1723/44 330/1723/44 1133/1386/44
f 1137/1545/146 331/1881/146 107/1881/146 1347/1545/146
f 1347/1545/264 107/1881/264 98/1723/264 1342/1386/264
f 1133/1386/130 330/1723/130 331/1881/130 1137/1545/130
f 98/16/129 107/158/129 331/158/129 330/16/129
f 1133/1386/263 1137/1545/263 1347/1545/263 1342/1386/263
g Tram180
usemtl GENERIC025
f 1355/1849/44 127/260/44 339/260/44 1142/1849/44
f 1141/1386/146 335/1723/146 113/1723/146 1350/1386/146
f 1350/1386/264 113/1723/264 127/1554/264 1355/1168/264
f 1142/1168/130 339/1554/130 335/1723/130 1141/1386/130
f 127/1738/129 113/16/129 335/16/129 339/1738/129
f 1142/1168/263 1141/1386/263 1350/1386/263 1355/1168/263
g Tram181
usemtl SUBWAY_CEILING
f 2024/1790/146 206/468/146 2040/468/146 1590/1790/146
f 1456/1603/44 2001/357/44 155/357/44 1906/1603/44
f 1906/1598/130 155/518/130 206/468/130 2024/1790/130
f 1590/1790/264 2040/468/264 2001/518/264 1456/1598/264
f 2001/518/129 2040/468/129 206/468/129 155/518/129
f 1906/1598/263 2024/1790/263 1590/1790/263 1456/1598/263
g Tram182
usemtl SUBWAY_CEILING
f 1975/1379/146 494/174/146 57/174/146 137/1379/146
f 80/1114/44 13/1180/44 449/1180/44 1935/1114/44
f 1975/1379/171 1935/58/171 449/1774/171 494/174/171
f 80/58/172 137/1379/172 57/174/172 13/1774/172
f 1935/58/263 1975/1379/263 137/1379/263 80/58/263
f 13/1774/129 57/174/129 494/174/129 449/1774/129
g Tram183
usemtl SUBWAY_CEILING
f 1956/1392/146 418/605/146 2199/605/146 120/1392/146
f 201/869/44 56/335/44 493/335/44 2036/869/44
f 1956/1392/171 2036/869/171 493/335/171 418/605/171
f 201/869/172 120/1392/172 2199/605/172 56/335/172
f 2036/869/263 1956/1392/263 120/1392/263 201/869/263
f 56/335/129 2199/605/129 418/605/129 493/335/129
g Tram184
usemtl SUBWAY_CEILING
f 1888/1662/146 183/1735/146 2022/1735/146 1447/1662/146
f 1526/979/44 2075/1286/44 261/1286/44 1963/979/44
f 1963/979/130 261/1286/130 183/1735/130 1888/1662/130
f 1447/1662/264 2022/1735/264 2075/1286/264 1526/979/264
f 2075/1286/129 2022/1735/129 183/1735/129 261/1286/129
f 1963/979/263 1888/1662/263 1447/1662/263 1526/979/263
g Tram185
usemtl SUBWAY_OUTSIDE
f 1644/1587/178 353/1606/178 1524/1566/178 1193/805/178
f 838/663/146 1299/1688/146 110/1728/146 1407/1714/146
f 1407/1714/19 110/1728/19 353/667/19 1644/688/19
f 1193/789/20 1524/608/20 1299/1688/20 838/663/20
f 353/667/276 110/1728/276 1290/1883/276 1546/440/276
f 1034/820/277 708/556/277 1407/1714/277 1644/688/277
g Tram186
usemtl SUBWAY_OUTSIDE
f 1172/415/146 1502/536/146 353/1185/146 1644/79/146
f 1403/216/178 95/1341/178 1313/703/178 847/253/178
f 1403/842/55 1644/79/55 353/1185/55 95/946/55
f 1502/536/56 1172/415/56 847/1520/56 1313/1776/56
f 729/1418/266 1005/326/266 1644/79/266 1403/842/266
f 95/946/166 353/1185/166 1502/536/166 1313/1776/166
g Tram187
usemtl SUBWAY_OUTSIDE
f 124/1456/178 1865/1078/178 228/85/178 1633/363/178
f 1700/683/5 225/1822/5 1859/893/5 110/1728/5
f 124/1456/248 110/1728/248 1859/893/248 1865/1078/248
f 1700/683/149 1633/363/149 228/85/149 225/1822/149
f 851/424/76 849/732/76 110/1728/76 124/1456/76
f 1865/1078/209 1859/893/209 187/672/209 265/855/209
g Tram188
usemtl SUBWAY_OUTSIDE
f 95/1341/178 1853/1433/178 197/1340/178 1668/271/178
f 1669/44/5 198/1016/5 1857/1077/5 101/1102/5
f 95/1341/248 101/1102/248 1857/1077/248 1853/1433/248
f 1669/44/149 1668/271/149 197/1340/149 198/1016/149
f 814/330/76 816/108/76 101/1102/76 95/1341/76
f 1853/1433/209 1857/1077/209 152/1387/209 150/1691/209
g Tram189
usemtl SUBWAY_CEILING
f 1866/1114/44 1498/1180/44 1337/1180/44 2069/1114/44
f 2092/1379/146 1365/174/146 1544/174/146 1899/1379/146
f 1866/58/172 1899/1379/172 1544/174/172 1498/1774/172
f 2092/1379/171 2069/58/171 1337/1774/171 1365/174/171
f 2069/58/263 2092/1379/263 1899/1379/263 1866/58/263
f 1498/1774/129 1544/174/129 1365/174/129 1337/1774/129
g Tram190
usemtl SUBWAY_CEILING
f 724/1603/44 1251/357/44 578/357/44 490/1603/44
f 608/1790/146 618/468/146 1292/468/146 835/1790/146
f 835/1790/264 1292/468/264 1251/518/264 724/1598/264
f 490/1598/130 578/518/130 618/468/130 608/1790/130
f 1251/518/129 1292/468/129 618/468/129 578/518/129
f 490/1598/263 608/1790/263 835/1790/263 724/1598/263
g Tram191
usemtl SUBWAY_CEILING
f 1957/869/44 1543/335/44 1364/335/44 2135/869/44
f 2081/1392/146 1304/605/146 1458/605/146 1882/1392/146
f 1957/869/172 1882/1392/172 1458/605/172 1543/335/172
f 2081/1392/171 2135/869/171 1364/335/171 1304/605/171
f 2135/869/263 2081/1392/263 1882/1392/263 1957/869/263
f 1543/335/129 1458/605/129 1304/605/129 1364/335/129
g Tram192
usemtl SUBWAY_CEILING
f 773/979/44 1334/1286/44 681/1286/44 544/979/44
f 471/1662/146 603/1735/146 1275/1735/146 705/1662/146
f 705/1662/264 1275/1735/264 1334/1286/264 773/979/264
f 544/979/130 681/1286/130 603/1735/130 471/1662/130
f 1334/1286/129 1275/1735/129 603/1735/129 681/1286/129
f 544/979/263 471/1662/263 705/1662/263 773/979/263
g Tram193
usemtl GENERIC025
f 106/1545/146 21/1881/146 271/1881/146 2131/1545/146
f 2129/1386/44 269/1723/44 17/1723/44 97/1386/44
f 97/1386/130 17/1723/130 21/1881/130 106/1545/130
f 2131/1545/264 271/1881/264 269/1723/264 2129/1386/264
f 269/16/129 271/158/129 21/158/129 17/16/129
f 97/1386/263 106/1545/263 2131/1545/263 2129/1386/263
g Tram194
usemtl GENERIC025
f 112/1386/146 23/1723/146 273/1723/146 2133/1386/146
f 2136/1849/44 276/260/44 26/260/44 125/1849/44
f 125/1168/130 26/1554/130 23/1723/130 112/1386/130
f 2133/1386/264 273/1723/264 276/1554/264 2136/1168/264
f 276/1738/129 273/16/129 23/16/129 26/1738/129
f 125/1168/263 112/1386/263 2133/1386/263 2136/1168/263
g Tram195
usemtl GENERIC025
f 2125/398/178 766/48/178 6/11/178 26/1380/178
f 653/1400/5 10/1865/5 23/899/5 1/1496/5
f 26/698/328 6/1260/328 1/1496/328 23/899/328
f 653/1400/329 766/1450/329 2125/1821/329 10/1865/329
f 751/1196/216 677/1407/216 1/1272/216 6/1093/216
f 81/652/217 2074/590/217 26/735/217 23/953/217
g Tram196
usemtl GENERIC025
f 650/1773/5 2198/543/5 21/1040/5 2235/1627/5
f 2196/1865/178 648/1400/178 2234/1496/178 17/899/178
f 2234/1496/328 2235/1627/328 21/1040/328 17/899/328
f 2196/1865/16 2198/543/16 650/1773/16 648/1400/16
f 59/1273/217 55/652/217 17/953/217 21/1095/217
f 648/1312/207 650/1499/207 2235/1460/207 2234/1272/207
g Tram197
usemtl SUBWAY_OUTSIDE
f 1853/1433/178 1986/1919/178 182/109/178 1683/1230/178
f 1685/920/5 186/1719/5 1989/751/5 1857/1077/5
f 1853/1433/111 1857/1077/111 1989/751/111 1986/1919/111
f 1685/920/112 1683/1230/112 182/109/112 186/1719/112
f 1648/1119/119 1653/784/119 1857/1077/119 1853/1433/119
f 1986/1079/80 1989/609/80 159/1574/80 158/87/80
g Tram198
usemtl SUBWAY_OUTSIDE
f 1865/1078/178 1999/1888/178 82/1171/178 1503/1109/178
f 1722/930/5 220/1751/5 1994/88/5 1859/893/5
f 1865/1078/111 1859/893/111 1994/88/111 1999/1888/111
f 1722/930/112 1503/1109/112 82/1171/112 220/1751/112
f 1547/1172/119 1680/995/119 1859/893/119 1865/1078/119
f 1999/867/80 1994/359/80 202/1298/80 126/1809/80
g Tram199
usemtl GENERIC025
f 1/1249/5 523/360/5 260/1227/5 785/1623/5
f 498/1110/178 356/743/178 528/837/178 6/1726/178
f 1/1249/228 6/1065/228 528/170/228 523/360/228
f 498/1580/199 785/1623/199 260/1227/199 356/1198/199
f 6/759/208 1/976/208 759/1692/208 536/1741/208
f 374/717/168 240/752/168 523/360/168 528/170/168
g Tram200
usemtl GENERIC025
f 2235/1435/5 519/516/5 256/420/5 781/1264/5
f 778/1623/178 255/1227/178 513/360/178 2234/1249/178
f 2235/1435/228 2234/1249/228 513/360/228 519/516/228
f 778/1623/199 781/1264/199 256/420/199 255/1227/199
f 2234/976/208 2235/1106/208 757/636/208 754/1692/208
f 234/752/168 236/919/168 519/516/168 513/360/168
g Tram201
usemtl SUBWAY_OUTSIDE
f 2047/862/5 962/452/5 1363/522/5 2173/938/5
f 1989/609/178 1134/792/178 1212/728/178 2209/540/178
f 1989/282/182 2173/938/182 1363/522/182 1134/455/182
f 909/452/183 2002/862/183 45/217/183 1268/400/183
f 2209/217/162 2047/862/162 2173/938/162 1989/282/162
f 1134/455/197 1363/522/197 962/452/197 1212/400/197
g Tram202
usemtl SUBWAY_OUTSIDE
f 2173/206/178 1363/1351/178 909/1276/178 2002/150/178
f 72/304/5 1293/1465/5 1138/1530/5 1994/359/5
f 1994/359/180 1138/1530/180 1363/913/180 2173/106/180
f 2047/154/181 962/972/181 1241/1465/181 14/304/181
f 1363/913/63 1138/1530/63 1259/1526/63 932/909/63
f 2048/133/59 15/267/59 1994/359/59 2173/106/59
g Tram203
usemtl SUBWAY_OUTSIDE
f 1986/176/178 1130/1333/178 789/1413/178 1875/227/178
f 1879/1111/5 793/313/5 1134/436/5 1989/1226/5
f 1986/176/180 1989/1226/180 1134/436/180 1130/1333/180
f 45/1111/181 42/227/181 1267/1413/181 1268/313/181
f 1861/200/110 1864/1136/110 1989/1226/110 1986/176/110
f 1130/1333/58 1134/436/58 763/365/58 761/1331/58
g Tram204
usemtl SUBWAY_OUTSIDE
f 1934/1150/44 760/230/44 768/838/44 1387/228/44
f 541/392/5 1610/1303/5 1190/386/5 524/1005/5
f 1387/81/268 768/1427/268 524/1005/268 1190/386/268
f 760/1781/295 1934/866/295 1610/1303/295 541/392/295
f 1657/1335/107 1876/908/107 1387/81/107 1190/386/107
f 811/1781/344 484/392/344 524/1005/344 768/1427/344
g Tram205
usemtl SUBWAY_OUTSIDE
f 812/1666/5 1934/786/5 1387/6/5 768/1327/5
f 1591/478/44 452/1382/44 520/1140/44 1189/293/44
f 520/815/267 768/1327/267 1387/6/267 1189/1903/267
f 1591/303/297 1934/786/297 760/1600/297 510/1098/297
f 1876/816/108 1631/327/108 1189/1903/108 1387/6/108
f 453/1098/346 811/1600/346 768/1327/346 520/815/346
g Tram206
usemtl SUBWAY_OUTSIDE
f 452/389/5 1631/1148/5 1189/336/5 520/1722/5
f 1628/527/44 448/927/44 514/290/44 1184/1672/44
f 514/290/268 520/1722/268 1189/336/268 1184/1672/268
f 1628/527/269 1631/1148/269 452/389/269 448/927/269
f 1528/596/320 1522/1658/320 1184/1405/320 1189/506/320
f 467/1889/342 470/1372/342 520/1722/342 514/290/342
g Tram207
usemtl SUBWAY_OUTSIDE
f 1673/655/178 502/1439/178 607/613/178 1584/1830/178
f 511/704/5 1640/224/5 1578/1346/5 601/1337/5
f 1584/1830/225 607/613/225 601/1337/225 1578/1346/225
f 530/704/226 492/1439/226 1659/655/226 1656/224/226
f 502/1439/318 511/704/318 601/1337/318 607/613/318
f 1559/143/122 1772/614/122 1584/1830/122 1578/1346/122
g Tram208
usemtl SUBWAY_OUTSIDE
f 1612/1787/178 505/115/178 595/1804/178 1573/1653/178
f 507/1443/5 1613/1149/5 1576/358/5 599/1176/5
f 1573/1653/225 595/1804/225 599/1176/225 1576/358/225
f 497/1443/226 495/115/226 1627/1787/226 1629/1149/226
f 505/115/318 507/1443/318 599/1176/318 595/1804/318
f 1523/702/122 1520/1685/122 1573/776/122 1576/1847/122
g Tram209
usemtl SUBWAY_OUTSIDE
f 915/1219/5 535/1137/5 599/1360/5 1558/138/5
f 534/86/178 913/476/178 1554/1320/178 595/1130/178
f 1554/1320/159 1558/138/159 599/1360/159 595/1130/159
f 534/86/305 535/1137/305 1740/241/305 1737/1482/305
f 535/1137/48 534/86/48 595/1130/48 599/1360/48
f 1737/1645/234 1740/712/234 1558/557/234 1554/915/234
g Tram210
usemtl SUBWAY_OUTSIDE
f 1797/1011/44 1593/1158/44 2025/1698/44 1174/1655/44
f 1107/1231/5 1947/802/5 1963/1292/5 1689/151/5
f 1689/1673/189 1953/898/189 1599/1158/189 1797/1011/189
f 1174/1655/33 2117/1698/33 1968/890/33 1107/1000/33
f 396/41/319 196/863/319 1593/1158/319 1963/898/319
f 1691/799/93 1622/603/93 1689/175/93 1797/1444/93
g Tram211
usemtl SUBWAY_OUTSIDE
f 1174/622/5 2025/1907/5 1593/1017/5 1797/1170/5
f 1639/1223/44 2024/1070/44 1870/1908/44 1028/388/44
f 1639/1223/157 1797/1170/157 1599/1017/157 2034/1070/157
f 2117/1907/71 1174/622/71 1028/388/71 2000/1908/71
f 1550/1693/93 1691/1493/93 1797/745/93 1639/808/93
f 196/1558/319 321/1297/319 2024/1070/319 1593/1017/319
g Tram212
usemtl SUBWAY_OUTSIDE
f 936/1173/5 1955/385/5 1921/644/5 1566/811/5
f 1620/1575/44 1897/1711/44 2030/876/44 1037/715/44
f 1620/1575/296 1566/811/296 1921/644/296 1897/1711/296
f 2030/876/13 1955/385/13 936/1173/13 1037/715/13
f 1804/259/53 1873/748/53 1897/1711/53 1921/644/53
f 1565/1343/94 1478/689/94 1566/1612/94 1620/947/94
g Tram213
usemtl SUBWAY_OUTSIDE
f 1558/138/44 1841/1271/44 1773/787/44 915/1219/44
f 970/1572/5 1978/678/5 1894/1887/5 1607/1183/5
f 1558/1731/296 1607/1183/296 1894/1887/296 1841/962/296
f 970/1572/49 915/1044/49 1773/956/49 1978/678/49
f 1449/686/94 1509/1744/94 1607/729/94 1558/225/94
f 1830/539/53 1923/817/53 1841/962/53 1894/1887/53
g Tram214
usemtl SUBWAY_OUTSIDE
f 775/194/178 9/1607/178 1593/1158/178 848/1182/178
f 607/613/146 1930/644/146 1799/259/146 413/763/146
f 848/1058/109 1599/1083/109 1939/644/109 607/613/109
f 2127/1863/323 775/299/323 413/763/323 1804/259/323
f 753/1918/95 385/130/95 848/1058/95 607/613/95
f 9/1863/245 1799/259/245 1930/644/245 1593/1083/245
g Tram215
usemtl SUBWAY_OUTSIDE
f 848/998/146 1593/1017/146 9/1784/146 775/341/146
f 456/1256/178 1946/679/178 1816/1271/178 599/1360/178
f 599/1024/109 1827/962/109 1599/1017/109 848/998/109
f 775/341/12 2127/1784/12 1923/817/12 456/1583/12
f 1946/817/245 9/1784/245 1593/1017/245 1816/962/245
f 385/56/95 731/774/95 599/1024/95 848/998/95
g Tram216
usemtl SUBWAY_OUTSIDE
f 355/406/178 936/1429/178 1566/319/178 607/1087/178
f 931/836/5 555/314/5 601/512/5 1562/1675/5
f 607/1087/159 1566/319/159 1562/1675/159 601/512/159
f 931/836/194 936/1429/194 355/406/194 555/314/194
f 1778/278/234 1775/248/234 1562/179/234 1566/201/234
f 555/314/48 355/406/48 607/1087/48 601/512/48
g Tram217
usemtl SUBWAY_OUTSIDE
f 2193/1862/5 1725/1615/5 1079/1697/5 1387/6/5
f 2038/785/44 297/1564/44 1189/293/44 824/1531/44
f 824/1163/220 1189/1903/220 1387/6/220 1079/1697/220
f 1725/1615/121 2193/1862/121 297/1383/121 2038/598/121
f 314/1383/262 2179/1862/262 1387/6/262 1189/1903/262
f 1754/1636/40 1997/630/40 824/1163/40 1079/1697/40
g Tram218
usemtl SUBWAY_OUTSIDE
f 1725/479/44 4/240/44 1387/228/44 1079/457/44
f 289/407/5 2042/624/5 826/606/5 1190/386/5
f 1079/1785/218 1387/81/218 1190/386/218 826/606/218
f 4/1782/219 1725/1576/219 2042/624/219 289/407/219
f 2083/697/214 1805/1525/214 1079/1785/214 826/606/214
f 2208/1745/256 309/492/256 1190/386/256 1387/81/256
g Tram219
usemtl SUBWAY_OUTSIDE
f 2035/461/44 262/1668/44 1184/645/44 819/1395/44
f 264/499/5 2038/235/5 824/1155/5 1189/1436/5
f 819/1395/218 1184/645/218 1189/1436/218 824/1155/218
f 264/499/219 262/1668/219 2035/461/219 2038/235/219
f 280/1695/256 282/526/256 1189/1436/256 1184/645/256
f 2088/277/257 2087/493/257 819/1395/257 824/1155/257
g Tram220
usemtl SUBWAY_OUTSIDE
f 687/1800/5 147/1667/5 1558/1584/5 824/1709/5
f 144/554/44 684/685/44 819/664/44 1554/569/44
f 819/664/287 824/1709/287 1558/1584/287 1554/569/287
f 144/554/246 147/1667/246 687/1800/246 684/685/246
f 147/1667/26 144/554/26 1554/569/26 1558/1584/26
f 684/685/132 687/1800/132 824/1709/132 819/664/132
g Tram221
usemtl SUBWAY_OUTSIDE
f 1566/1141/146 742/1578/146 54/1690/146 1840/868/146
f 1913/369/44 140/459/44 705/778/44 1620/1211/44
f 705/778/50 742/1578/50 1566/1141/50 1620/1211/50
f 1913/369/101 1840/868/101 64/1690/101 132/459/101
f 153/740/29 230/236/29 1620/1211/29 1566/1141/29
f 140/459/23 54/1690/23 742/1578/23 705/778/23
g Tram222
usemtl SUBWAY_OUTSIDE
f 949/777/5 366/1339/5 397/1916/5 1079/1697/5
f 824/1531/178 623/366/178 2233/342/178 732/1625/178
f 824/1163/339 1079/1697/339 397/1916/339 623/49/339
f 366/1339/290 949/777/290 732/1452/290 2233/648/290
f 786/1521/124 1051/843/124 1079/1697/124 824/1163/124
f 366/1339/153 2233/648/153 623/49/153 397/1916/153
g Tram223
usemtl SUBWAY_OUTSIDE
f 1839/1289/44 2160/279/44 649/366/44 1558/1786/44
f 1607/1458/146 712/991/146 190/164/146 1890/186/146
f 1558/1484/79 649/49/79 712/991/79 1607/1458/79
f 118/164/198 49/575/198 1839/1479/198 1890/186/198
f 2160/575/23 190/164/23 712/991/23 649/49/23
f 214/76/29 147/1318/29 1558/1484/29 1607/1458/29
g Tram224
usemtl SUBWAY_OUTSIDE
f 2070/1220/44 313/1201/44 401/238/44 1797/669/44
f 1689/1805/146 762/383/146 222/300/146 1985/1304/146
f 1797/669/282 401/238/282 762/1915/282 1689/1409/282
f 305/1201/307 2070/1220/307 1985/1402/307 61/649/307
f 299/1253/26 387/1105/26 1797/669/26 1689/1409/26
f 443/1080/200 32/524/200 762/1915/200 401/238/200
g Tram225
usemtl SUBWAY_OUTSIDE
f 1797/1540/146 397/1916/146 305/1268/146 2070/443/146
f 1929/444/44 145/1269/44 835/52/44 1639/1588/44
f 1639/1588/45 835/52/45 397/1916/45 1797/1540/45
f 2070/443/281 294/1268/281 139/1269/281 1929/444/281
f 2216/1420/200 435/1152/200 397/1916/200 835/52/200
f 387/325/26 253/551/26 1639/1588/26 1797/1540/26
g Tram226
usemtl SUBWAY_OUTSIDE
f 1079/457/178 397/238/178 366/1254/178 949/1621/178
f 604/1486/5 135/1758/5 742/1578/5 833/604/5
f 833/604/339 742/1578/339 397/64/339 1079/1785/339
f 949/733/290 366/1169/290 135/1758/290 604/1486/290
f 135/1758/153 366/1169/153 397/64/153 742/1578/153
f 1051/690/124 533/1542/124 833/604/124 1079/1785/124
g Tram227
usemtl SUBWAY_OUTSIDE
f 153/740/44 636/1445/44 833/604/44 1566/1141/44
f 717/1514/5 149/974/5 1562/812/5 826/606/5
f 1566/1141/287 833/604/287 826/606/287 1562/812/287
f 717/1514/246 636/1445/246 153/740/246 149/974/246
f 960/1641/258 956/1642/258 826/606/258 833/604/258
f 149/974/26 153/740/26 1566/1141/26 1562/812/26
g Tram228
usemtl SUBWAY_OUTSIDE
f 1130/1333/178 514/239/178 1031/1245/178 1450/402/178
f 1452/1313/5 1033/223/5 520/1283/5 1134/436/5
f 1130/1333/35 1134/436/35 520/1283/35 514/239/35
f 1463/1350/36 1462/367/36 1049/1217/36 1053/254/36
f 1707/367/98 1709/1350/98 1134/436/98 1130/1333/98
f 514/239/190 520/1283/190 1004/254/190 1001/1217/190
g Tram229
usemtl SUBWAY_OUTSIDE
f 1363/1351/178 768/1006/178 1357/38/178 1794/378/178
f 1459/528/5 1043/177/5 524/1138/5 1138/1530/5
f 1138/1530/35 524/1138/35 768/1244/35 1363/913/35
f 1776/1877/36 1335/286/36 1065/177/36 1479/528/36
f 768/1244/3 524/1138/3 1044/101/3 1358/321/3
f 1795/1909/42 1460/445/42 1138/1530/42 1363/913/42
g Tram230
usemtl SUBWAY_OUTSIDE
f 1777/1425/5 1336/1755/5 768/879/5 1363/522/5
f 1134/792/178 520/680/178 1033/1573/178 1452/1670/178
f 1134/455/37 1363/522/37 768/879/37 520/332/37
f 1316/1853/38 1747/1527/38 1463/1466/38 1053/1306/38
f 1709/1466/97 1961/1527/97 1363/522/97 1134/455/97
f 520/332/195 768/879/195 1357/1853/195 1004/1306/195
g Tram231
usemtl SUBWAY_OUTSIDE
f 1343/436/146 1576/1283/146 1948/254/146 1655/1350/146
f 1654/367/178 1945/1217/178 1573/239/178 1340/1333/178
f 1343/436/210 1340/1333/210 1573/239/210 1576/1283/210
f 1932/367/211 1933/1350/211 2146/254/211 2145/1217/211
f 1340/1333/326 1343/436/326 1655/1350/326 1654/367/326
f 1945/1217/327 1948/254/327 1576/1283/327 1573/239/327
g Tram232
usemtl SUBWAY_OUTSIDE
f 2019/1192/178 12/1802/178 1810/819/178 1538/211/178
f 1348/793/146 1578/1142/146 1980/180/146 1682/1766/146
f 1348/793/210 1538/110/210 1810/1459/210 1578/1142/210
f 1901/465/211 2137/1074/211 1964/1766/211 2175/180/211
f 1538/110/326 1348/793/326 1682/1766/326 2019/1074/326
f 2219/496/293 2004/104/293 1578/1142/293 1810/1459/293
g Tram233
usemtl SUBWAY_OUTSIDE
f 1538/522/146 1810/879/146 12/1853/146 2019/1527/146
f 1655/1765/178 1948/1646/178 1576/680/178 1343/792/178
f 1343/455/249 1576/332/249 1810/879/249 1538/522/249
f 2137/1527/250 1901/1853/250 2146/1306/250 1933/1466/250
f 1948/1306/332 12/1853/332 1810/879/332 1576/332/332
f 1343/455/333 1538/522/333 2019/1527/333 1655/1466/333
g Tram234
usemtl GENERIC025
f 546/1249/178 35/360/178 1175/460/178 1023/317/178
f 1026/713/146 1178/1608/146 41/516/146 547/1435/146
f 546/1249/64 547/1435/64 41/516/64 35/360/64
f 1026/713/65 1023/317/65 1175/460/65 1178/1608/65
f 1023/757/273 1026/1644/273 547/1106/273 546/976/273
f 35/360/82 41/516/82 1158/137/82 1154/1920/82
g Tram235
usemtl GENERIC025
f 551/1726/178 48/837/178 1077/1914/178 790/921/178
f 1027/317/146 1179/460/146 43/360/146 548/1249/146
f 551/1065/64 548/1249/64 43/360/64 48/170/64
f 1027/317/65 790/509/65 1077/266/65 1179/460/65
f 790/806/273 1027/757/273 548/976/273 551/759/273
f 48/170/82 43/360/82 1160/1920/82 1098/1717/82
g Tram236
usemtl SUBWAY_SEAT
f 945/818/44 2101/635/44 2180/635/44 1083/818/44
f 2099/826/5 944/1019/5 1081/1019/5 2178/826/5
f 2101/291/172 2099/1088/172 2178/1088/172 2180/291/172
f 944/1088/171 945/291/171 1083/291/171 1081/1088/171
f 1083/818/265 2180/635/265 2178/826/265 1081/1019/265
f 2099/826/263 2101/635/263 945/818/263 944/1019/263
g Tram237
usemtl SUBWAY_SEAT
f 1067/489/44 2164/244/44 40/244/44 1169/489/44
f 2166/1401/5 1069/1157/5 1170/1157/5 44/1401/5
f 2164/434/172 2166/1072/172 44/1072/172 40/434/172
f 1069/1072/171 1067/434/171 1169/434/171 1170/1072/171
f 1169/489/265 40/244/265 44/1401/265 1170/1157/265
f 2166/1401/263 2164/244/263 1067/489/263 1069/1157/263
g Tram238
usemtl SUBWAY_SEAT
f 961/1546/44 2115/1467/44 2186/1467/44 1092/1546/44
f 2116/705/5 963/620/5 1095/620/5 2187/705/5
f 2115/1759/172 2116/530/172 2187/530/172 2186/1759/172
f 963/530/171 961/1759/171 1092/1759/171 1095/530/171
f 1092/1546/265 2186/1467/265 2187/705/265 1095/620/265
f 2116/705/263 2115/1467/263 961/1546/263 963/620/263
g Tram239
usemtl SUBWAY_SEAT
f 948/762/44 2106/848/44 2183/848/44 1086/762/44
f 2105/272/5 946/53/5 1085/53/5 2181/272/5
f 2106/1036/172 2105/82/172 2181/82/172 2183/1036/172
f 946/82/171 948/1036/171 1086/1036/171 1085/82/171
f 1086/762/265 2183/848/265 2181/272/265 1085/53/265
f 2105/272/263 2106/848/263 948/762/263 946/53/263
g Tram240
usemtl SUBWAY_INPANEL
f 831/582/44 1382/128/44 162/128/44 741/582/44
f 795/571/146 235/163/146 1420/163/146 881/571/146
f 795/850/171 741/582/171 162/128/171 235/1812/171
f 1382/128/264 831/582/264 881/850/264 1420/1812/264
f 741/582/263 795/850/263 881/850/263 831/582/263
f 1382/128/129 1420/1812/129 235/1812/129 162/128/129
g Tram241
usemtl SUBWAY_OUTSIDE
f 669/1736/146 1348/1022/146 2091/577/146 1585/1747/146
f 1499/221/178 2071/301/178 1352/471/178 674/215/178
f 669/1736/125 674/215/125 1352/471/125 1348/1022/125
f 1499/221/126 1585/1747/126 2091/577/126 2071/301/126
f 674/215/324 669/1736/324 719/1639/324 725/120/324
f 1286/510/325 1284/822/325 1348/793/325 1352/477/325
g Tram242
usemtl SUBWAY_OUTSIDE
f 666/1077/146 1343/771/146 2076/1328/146 1549/1089/146
f 1548/1440/178 2073/1366/178 1340/1654/178 663/1433/178
f 666/1077/125 663/1433/125 1340/1654/125 1343/771/125
f 1548/1440/126 1549/1089/126 2076/1328/126 2073/1366/126
f 663/1433/324 666/1077/324 688/981/324 685/1294/324
f 1257/708/325 1258/821/325 1343/792/325 1340/684/325
g Tram243
usemtl SUBWAY_CEILING
f 821/1091/130 893/13/130 894/13/130 823/1091/130
f 1671/1878/264 1752/532/264 1751/532/264 1670/1878/264
f 1670/1878/173 821/1091/173 823/1091/173 1671/1878/173
f 1670/1878/241 1751/532/241 1560/591/241 893/13/241 821/1091/241
f 823/1091/70 894/13/70 1561/591/70 1752/532/70 1671/1878/70
f 893/13/77 1560/591/77 1561/591/77 894/13/77
f 1752/532/212 1561/591/212 1560/591/212 1751/532/212
g Tram244
usemtl SUBWAY_INEND
f 195/768/44 1727/72/44 2220/464/44 876/1086/44
f 1727/72/265 195/768/265 192/768/265 1726/72/265
f 876/1086/173 2220/464/173 2215/464/173 875/1086/173
f 2215/464/70 1726/72/70 192/768/70 875/1086/70
f 2220/464/231 1727/72/231 1726/72/231 2215/464/231
f 875/173/99 212/287/99 216/287/99 876/173/99
g Tram245
usemtl SUBWAY_INEND
f 1719/62/44 125/257/44 1355/1779/44 1792/1705/44
f 1791/1705/146 1353/1779/146 122/257/146 1717/62/146
f 1792/1705/130 1355/1779/130 1353/1779/130 1791/1705/130
f 1717/746/264 122/568/264 125/568/264 1719/746/264
f 1355/1779/265 125/257/265 122/257/265 1353/1779/265
f 1719/62/173 1792/1705/173 1791/1705/173 1717/62/173
g Tram246
usemtl SUBWAY_INEND
f 954/1210/280 674/162/280 672/162/280 952/1210/280
f 674/184/294 2155/782/294 2153/782/294 672/184/294
f 1440/1539/279 1022/219/279 1025/219/279 1442/1539/279
f 1507/97/241 674/162/241 1218/1488/241
f 1216/1488/206 672/162/206 1504/97/206
g Tram247
usemtl SUBWAY_INEND
f 2170/1605/44 370/466/44 1008/775/44 528/1371/44 26/1896/44 1719/761/44 195/1835/44
f 1717/761/146 25/1896/146 527/1371/146 1007/775/146 368/466/146 2169/1605/146 192/1835/146
f 1719/746/130 26/741/130 25/741/130 1717/746/130
f 528/1371/265 1008/775/265 1007/775/265 527/1371/265
f 195/696/173 1719/746/173 1717/746/173 192/696/173
f 26/1896/289 528/1371/289 527/1371/289 25/1896/289
f 368/466/313 977/1727/313 978/1727/313 370/466/313
f 2169/1605/114 368/466/114 370/466/114 2170/1605/114
f 192/696/223 2169/1569/223 2170/1569/223 195/696/223
g Tram248
usemtl SUBWAY_INEND
f 1476/1014/44 1024/84/44 405/917/44 1566/1015/44
f 2089/1762/345 1564/1015/345 1566/1015/345 2090/1762/345
f 702/1082/253 1024/84/253 1020/84/253 700/1082/253
f 1024/84/81 376/98/81 375/98/81 1020/84/81
f 1487/1657/177 1566/1015/177 1564/1015/177 1485/1657/177
f 1564/1015/70 404/917/70 1020/84/70 1473/1014/70
g Tram249
usemtl SUBWAY_INEND
f 904/1906/44 575/233/44 596/951/44 486/395/44
f 483/395/146 593/951/146 571/233/146 902/1906/146
f 486/395/130 596/951/130 593/951/130 483/395/130
f 902/1906/264 571/233/264 575/233/264 904/1906/264
f 596/951/265 575/233/265 571/233/265 593/951/265
f 904/1906/173 486/395/173 483/395/173 902/1906/173
g Tram250
usemtl SUBWAY_INEND
f 1974/298/178 486/161/178 78/1122/178 1024/84/178 2124/213/178
f 77/1122/5 483/161/5 1972/298/5 2122/213/5 1020/84/5
f 483/395/264 77/1296/264 78/1296/264 486/395/264
f 1974/298/130 2124/213/130 2122/213/130 1972/298/130
f 486/161/173 1974/298/173 1972/298/173 483/161/173
f 2124/213/298 1024/84/298 1020/84/298 2122/213/298
f 1024/1129/83 78/1296/83 77/1296/83 1020/1129/83
g Tram251
usemtl SUBWAY_INEND
f 176/1288/44 1974/298/44 2067/131/44 485/1507/44
f 2066/131/146 1972/298/146 175/1288/146 482/1507/146
f 1972/298/264 2066/131/264 2067/131/264 1974/298/264
f 176/1288/130 485/1507/130 482/1507/130 175/1288/130
f 1974/298/173 176/1288/173 175/1288/173 1972/298/173
f 485/1507/265 2067/131/265 2066/131/265 482/1507/265
g Tram252
usemtl SUBWAY_INEND
f 1792/491/178 127/1377/178 48/296/178 91/1144/178 2217/308/178 1055/779/178 1727/1003/178
f 2212/308/146 89/1144/146 47/296/146 123/1377/146 1791/491/146 1726/1003/146 1054/779/146
f 1791/1705/264 123/562/264 127/562/264 1792/1705/264
f 91/1144/265 48/296/265 47/296/265 89/1144/265
f 1792/1705/173 1727/72/173 1726/72/173 1791/1705/173
f 1379/12/341 146/193/341 143/193/341 1378/12/341
f 123/1377/74 47/296/74 48/296/74 127/1377/74
f 1727/72/78 1055/634/78 1054/634/78 1726/72/78
f 1055/779/308 1495/943/308 1494/943/308 1054/779/308
g Tram253
usemtl SUBWAY_INEND
f 124/1412/178 1865/419/178 184/1282/178
f 1863/419/5 117/1412/5 181/1282/5
f 1250/268/317 1087/558/317 1089/558/317 1254/268/317
f 275/347/66 982/864/66 980/864/66 274/347/66
f 1329/1277/205 2020/542/205 2023/542/205 1333/1277/205
g Tram254
usemtl GENERIC025
f 207/1453/5 796/337/5 1352/1712/5
f 799/337/44 211/1453/44 1354/1712/44
f 784/758/32 799/337/32 796/337/32 782/758/32
f 1483/637/60 1352/1712/60 1354/1712/60 1486/637/60
f 799/337/46 1354/1712/46 1352/1712/46 796/337/46
g Tram255
usemtl SUBWAY_FLOOR1
f 2118/1023/44 316/1338/44 741/1338/44 1705/1023/44
f 369/1151/5 2151/832/5 1771/832/5 795/1151/5
f 316/1338/172 369/157/172 795/157/172 741/1338/172
f 2151/1771/171 2118/1023/171 1705/1023/171 1771/1771/171
f 1705/1023/265 741/1338/265 795/157/265 1771/1771/265
f 369/157/263 316/1338/263 2118/1023/263 2151/1771/263
g Tram256
usemtl GENERIC025
f 519/1461/5 41/1107/5 100/1107/5 568/1461/5
f 35/977/44 513/1274/44 562/1274/44 94/977/44
f 41/1610/171 35/1476/171 94/1476/171 100/1610/171
f 513/453/172 519/600/172 568/600/172 562/453/172
f 513/1274/173 35/977/173 41/1107/173 519/1461/173
f 568/1461/175 100/1107/175 94/977/175 562/1274/175
g Tram257
usemtl GENERIC025
f 48/1468/44 528/1756/44 576/1756/44 121/1468/44
f 523/1274/5 43/977/5 108/977/5 569/1274/5
f 528/251/172 523/453/172 569/453/172 576/251/172
f 43/1476/171 48/1232/171 121/1232/171 108/1476/171
f 528/1094/173 48/760/173 43/977/173 523/1274/173
f 121/760/265 576/1094/265 569/1274/265 108/977/265
g Tram258
usemtl AIR_C1
f 333/1866/44 109/192/44 2167/192/44 171/1866/44
f 128/234/5 342/1886/5 180/1886/5 2172/234/5
f 342/1886/171 333/1866/171 171/1866/171 180/1886/171
f 109/192/172 128/234/172 2172/234/172 2167/192/172
f 171/1866/265 2167/192/265 2172/234/265 180/1886/265
f 109/192/173 333/1866/173 342/1886/173 128/234/173
g Tram259
usemtl SUBWAY_OUTEND
f 1788/1705/146 1350/1779/146 112/257/146 1714/62/146
f 1715/62/44 116/257/44 1351/1779/44 1789/1705/44
f 1714/746/264 112/568/264 116/568/264 1715/746/264
f 1789/1705/130 1351/1779/130 1350/1779/130 1788/1705/130
f 1351/1779/265 116/257/265 112/257/265 1350/1779/265
f 1715/62/173 1789/1705/173 1788/1705/173 1714/62/173
g Tram260
usemtl SUBWAY_OUTEND
f 1407/1729/5 2109/1389/5 1124/1884/5 1373/1307/5 1694/112/5 1880/349/5 845/61/5
f 1881/349/44 1696/112/44 1374/1307/44 1126/1884/44 2111/1389/44 1408/1729/44 846/61/44
f 1881/349/265 846/61/265 845/61/265 1880/349/265
f 1696/112/161 1881/349/161 1880/349/161 1694/112/161
f 1374/1307/151 1696/112/151 1694/112/151 1373/1307/151
f 1126/1884/283 1374/1307/283 1373/1307/283 1124/1884/283
f 2111/1813/191 1126/148/191 1124/148/191 2109/1813/191
f 1408/288/51 2111/1813/51 2109/1813/51 1407/288/51
f 1407/288/19 845/829/19 846/829/19 1408/288/19
g Tram261
usemtl SUBWAY_OUTEND
f 1348/922/146 1578/561/146 601/354/146 1562/1015/146 826/205/146 1190/1097/146 524/1059/146 1138/262/146
f 1139/262/173 1349/922/173 1348/922/173 1138/262/173
f 525/1059/241 1191/1097/241 830/205/241 1563/1015/241 602/354/241 1579/561/241 1349/922/241 1139/262/241
f 1191/1311/268 525/839/268 524/839/268 1190/1311/268
f 830/18/218 1191/1311/218 1190/1311/218 826/18/218
f 1563/372/287 830/18/287 826/18/287 1562/372/287
f 602/354/159 1563/1015/159 1562/1015/159 601/354/159
f 1579/561/225 602/354/225 601/354/225 1578/561/225
f 1349/922/247 1579/561/247 1578/561/247 1348/922/247
f 1138/969/35 524/839/35 525/839/35 1139/969/35
g Tram262
usemtl SUBWAY_OUTEND
f 1208/1676/5 669/184/5 1348/922/5 43/296/5 113/1377/5 1788/491/5 1880/1247/5
f 1789/491/178 119/1377/178 46/296/178 1349/922/178 671/184/178 1213/1676/178 1881/1247/178
f 1788/1705/264 113/562/264 119/562/264 1789/1705/264
f 1349/922/265 46/296/265 43/296/265 1348/922/265
f 1789/1705/173 1881/349/173 1880/349/173 1788/1705/173
f 113/1377/74 43/296/74 46/296/74 119/1377/74
f 671/184/167 1349/922/167 1348/922/167 669/184/167
f 1213/1488/118 671/162/118 669/162/118 1208/1488/118
f 1881/349/154 1213/1488/154 1208/1488/154 1880/349/154
g Tram263
usemtl SUBWAY_OUTEND
f 846/670/44 111/1412/44 1862/419/44 1996/1686/44 1139/969/44 526/1371/44 24/1896/44 1715/761/44
f 1715/746/130 24/741/130 23/741/130 1714/746/130
f 526/1371/265 1139/969/265 1138/969/265 523/1371/265
f 846/829/173 1715/746/173 1714/746/173 845/829/173
f 23/1896/70 523/1371/70 1138/969/70 1994/1686/70 1859/419/70 110/1412/70 845/670/70 1714/761/70
f 845/829/18 110/631/18 111/631/18 846/829/18
f 110/631/15 1003/558/15 1006/558/15 111/631/15
f 1327/1277/187 1994/1686/187 1996/1686/187 1328/1277/187
f 1994/1686/180 1138/969/180 1139/969/180 1996/1686/180
f 24/1896/289 526/1371/289 523/1371/289 23/1896/289
g Tram264
usemtl GENERIC025
f 1091/1748/44 1273/1716/44 873/1716/44 1356/1748/44
f 1111/376/5 910/411/5 1201/411/5 723/376/5
f 910/411/171 1091/1833/171 1356/1833/171 1201/411/171
f 1273/1801/172 1111/376/172 723/376/172 873/1801/172
f 1273/1801/173 1091/1833/173 910/411/173 1111/376/173
f 1201/411/129 1356/1833/129 873/1801/129 723/376/129
g Tram265
usemtl GENERIC025
f 2018/273/5 392/331/5 244/331/5 2223/273/5
f 451/1671/44 2078/1629/44 70/1629/44 312/1671/44
f 2078/1678/172 2018/273/172 2223/273/172 70/1678/172
f 392/331/171 451/1743/171 312/1743/171 244/331/171
f 451/1743/263 392/331/263 2018/273/263 2078/1678/263
f 70/1678/129 2223/273/129 244/331/129 312/1743/129
g Tram266
usemtl GENERIC025
f 888/1748/44 1093/1716/44 699/1716/44 1183/1748/44
f 1011/376/5 829/411/5 1109/411/5 616/376/5
f 829/411/171 888/1833/171 1183/1833/171 1109/411/171
f 1093/1801/172 1011/376/172 616/376/172 699/1801/172
f 1093/1801/173 888/1833/173 829/411/173 1011/376/173
f 1109/411/129 1183/1833/129 699/1801/129 616/376/129
g Tram267
usemtl GENERIC025
f 2086/273/5 469/331/5 324/331/5 86/273/5
f 634/1671/44 2195/1629/44 278/1629/44 466/1671/44
f 2195/1678/172 2086/273/172 86/273/172 278/1678/172
f 469/331/171 634/1743/171 466/1743/171 324/331/171
f 634/1743/263 469/331/263 2086/273/263 2195/1678/263
f 278/1678/129 86/273/129 324/331/129 466/1743/129
g Tram268
usemtl GENERIC025
f 1063/417/5 863/450/5 1148/450/5 662/417/5
f 804/809/44 988/772/44 605/772/44 1097/809/44
f 988/616/172 1063/417/172 662/417/172 605/616/172
f 863/450/171 804/657/171 1097/657/171 1148/450/171
f 804/657/263 863/450/263 1063/417/263 988/616/263
f 605/616/129 662/417/129 1148/450/129 1097/657/129
g Tram269
usemtl GENERIC025
f 2150/273/5 570/331/5 408/331/5 221/273/5
f 430/1671/44 2058/1629/44 50/1629/44 288/1671/44
f 2058/1678/172 2150/273/172 221/273/172 50/1678/172
f 570/331/171 430/1743/171 288/1743/171 408/331/171
f 430/1743/263 570/331/263 2150/273/263 2058/1678/263
f 50/1678/129 221/273/129 408/331/129 288/1743/129
g Tram270
usemtl GENERIC025
f 2051/273/5 422/331/5 284/331/5 33/273/5
f 380/1671/44 2007/1629/44 2197/1629/44 227/1671/44
f 2007/1678/172 2051/273/172 33/273/172 2197/1678/172
f 422/331/171 380/1743/171 227/1743/171 284/331/171
f 380/1743/263 422/331/263 2051/273/263 2007/1678/263
f 2197/1678/129 33/273/129 284/331/129 227/1743/129
g Tram271
usemtl GENERIC025
f 870/1796/44 1072/1757/44 676/1757/44 1155/1796/44
f 1211/417/5 1035/450/5 1298/450/5 817/417/5
f 1072/1841/172 1211/417/172 817/417/172 676/1841/172
f 1035/450/171 870/1867/171 1155/1867/171 1298/450/171
f 1072/1841/173 870/1867/173 1035/450/173 1211/417/173
f 1155/1867/265 676/1841/265 817/417/265 1298/450/265
g Tram272
usemtl SUBWAY_OUTEND
f 1130/262/173 1340/922/173 1341/922/173 1132/262/173
f 1130/262/241 514/1059/241 1184/1097/241 819/205/241 1554/1015/241 595/354/241 1573/561/241 1340/922/241
f 1574/561/206 597/354/206 1556/1015/206 822/205/206 1186/1097/206 516/1059/206 1132/262/206 1341/922/206
f 1573/561/225 595/354/225 597/354/225 1574/561/225
f 595/354/159 1554/1015/159 1556/1015/159 597/354/159
f 1554/372/287 819/18/287 822/18/287 1556/372/287
f 819/18/218 1184/1311/218 1186/1311/218 822/18/218
f 1184/1311/268 514/839/268 516/839/268 1186/1311/268
f 1132/969/35 516/839/35 514/839/35 1130/969/35
f 1340/922/247 1573/561/247 1574/561/247 1341/922/247
g Tram273
usemtl SUBWAY_OUTEND
f 1708/761/44 843/670/44 95/1412/44 1853/419/44 1986/1686/44 1130/969/44 513/1371/44 17/1896/44
f 1708/746/130 17/741/130 18/741/130 1710/746/130
f 843/829/173 1708/746/173 1710/746/173 844/829/173
f 513/1371/265 1130/969/265 1132/969/265 517/1371/265
f 1854/419/70 96/1412/70 844/670/70 1710/761/70 18/1896/70 517/1371/70 1132/969/70 1988/1686/70
f 96/631/15 997/558/15 996/558/15 95/631/15
f 844/829/18 96/631/18 95/631/18 843/829/18
f 17/1896/289 513/1371/289 517/1371/289 18/1896/289
f 1988/1686/180 1132/969/180 1130/969/180 1986/1686/180
f 1323/1277/187 1988/1686/187 1986/1686/187 1322/1277/187
g Tram274
usemtl SUBWAY_OUTEND
f 1708/62/44 97/257/44 1342/1779/44 1783/1705/44
f 1785/1705/146 1344/1779/146 102/257/146 1710/62/146
f 1783/1705/130 1342/1779/130 1344/1779/130 1785/1705/130
f 1710/746/264 102/568/264 97/568/264 1708/746/264
f 1342/1779/265 97/257/265 102/257/265 1344/1779/265
f 1708/62/173 1783/1705/173 1785/1705/173 1710/62/173
g Tram275
usemtl SUBWAY_OUTEND
f 1690/112/44 1369/1307/44 1117/1884/44 2100/1389/44 1403/1729/44 843/61/44 1877/349/44
f 844/61/146 1404/1729/146 2104/1389/146 1120/1884/146 1370/1307/146 1692/112/146 1878/349/146
f 1877/349/265 843/61/265 844/61/265 1878/349/265
f 1404/288/19 844/829/19 843/829/19 1403/288/19
f 1403/288/51 2100/1813/51 2104/1813/51 1404/288/51
f 2100/1813/191 1117/148/191 1120/148/191 2104/1813/191
f 1117/1884/283 1369/1307/283 1370/1307/283 1120/1884/283
f 1369/1307/151 1690/112/151 1692/112/151 1370/1307/151
f 1690/112/161 1877/349/161 1878/349/161 1692/112/161
g Tram276
usemtl SUBWAY_OUTEND
f 1877/1247/44 1783/491/44 98/1377/44 35/296/44 1340/922/44 663/184/44 1202/1676/44
f 103/1377/5 1785/491/5 1878/1247/5 1204/1676/5 664/184/5 1341/922/5 38/296/5
f 1785/1705/264 103/562/264 98/562/264 1783/1705/264
f 1783/1705/173 1877/349/173 1878/349/173 1785/1705/173
f 1340/922/265 35/296/265 38/296/265 1341/922/265
f 1877/349/154 1202/1488/154 1204/1488/154 1878/349/154
f 1202/1488/118 663/162/118 664/162/118 1204/1488/118
f 663/184/167 1340/922/167 1341/922/167 664/184/167
f 103/1377/74 38/296/74 35/296/74 98/1377/74
g Tram277
usemtl SUBWAYFLOOR2
f 438/7/44 239/1266/44 872/1266/44 667/7/44
f 248/483/5 445/612/5 675/612/5 876/483/5
f 239/255/172 248/612/172 876/612/172 872/255/172
f 445/612/171 438/255/171 667/255/171 675/612/171
f 667/255/265 872/45/265 876/483/265 675/612/265
f 248/483/263 239/45/263 438/255/263 445/612/263
g Tram278
usemtl SUBWAY_FLOOR1
f 447/1899/5 660/1023/5 2228/1023/5 682/1899/5
f 647/1013/44 438/1880/44 667/1880/44 2206/1013/44
f 438/1013/172 447/1023/172 682/1023/172 667/1013/172
f 660/1023/171 647/1013/171 2206/1013/171 2228/1023/171
f 2206/1013/265 667/1880/265 682/1899/265 2228/1023/265
f 660/1023/263 447/1899/263 438/1880/263 647/1013/263
g Tram279
usemtl SUBWAY_FLOOR1
f 2156/1338/44 447/1899/44 682/1899/44 162/1338/44
f 512/1703/5 2213/1151/5 235/1151/5 745/1703/5
f 2213/157/171 2156/1338/171 162/1338/171 235/157/171
f 447/1023/172 512/1771/172 745/1771/172 682/1023/172
f 162/1338/265 682/1899/265 745/1917/265 235/157/265
f 447/1899/173 2156/1338/173 2213/157/173 512/1917/173
g Tram280
usemtl SUBWAY_FLOOR1
f 736/832/44 512/1703/44 745/1703/44 66/832/44
f 445/1826/5 654/1577/5 2220/1577/5 675/1826/5
f 512/832/172 445/1577/172 675/1577/172 745/832/172
f 654/1577/171 736/832/171 66/832/171 2220/1577/171
f 66/832/265 745/1703/265 675/1826/265 2220/1577/265
f 445/1826/263 512/1703/263 736/832/263 654/1577/263
g Tram281
usemtl SUBWAY_INPANEL
f 1372/1357/5 1332/731/5 1234/731/5 1074/1357/5
f 1381/944/44 1411/1146/44 1144/1146/44 1300/944/44
f 1332/714/171 1381/944/171 1300/944/171 1234/714/171
f 1411/1146/172 1372/1396/172 1074/1396/172 1144/1146/172
f 1144/1146/129 1074/1396/129 1234/714/129 1300/944/129
f 1381/944/263 1332/714/263 1372/1396/263 1411/1146/263
g Tram282
usemtl SUBWAY_INPANEL
f 296/1084/5 348/1329/5 2229/1329/5 191/1084/5
f 292/1117/44 247/1112/44 130/1112/44 2176/1117/44
f 348/916/171 292/1117/171 2176/1117/171 2229/916/171
f 247/1112/172 296/937/172 191/937/172 130/1112/172
f 130/1112/129 191/937/129 2229/916/129 2176/1117/129
f 292/1117/263 348/916/263 296/937/263 247/1112/263
g Tram283
usemtl SUBWAY_INPANEL
f 426/1084/5 480/1329/5 173/1329/5 334/1084/5
f 351/1117/44 306/1112/44 203/1112/44 8/1117/44
f 480/916/171 351/1117/171 8/1117/171 173/916/171
f 306/1112/172 426/937/172 334/937/172 203/1112/172
f 203/1112/129 334/937/129 173/916/129 8/1117/129
f 351/1117/263 480/916/263 426/937/263 306/1112/263
g Tram284
usemtl SUBWAY_INPANEL
f 343/1084/5 394/1329/5 53/1329/5 246/1084/5
f 543/1117/44 487/1112/44 390/1112/44 241/1117/44
f 394/916/171 543/1117/171 241/1117/171 53/916/171
f 487/1112/172 343/937/172 246/937/172 390/1112/172
f 390/1112/129 246/937/129 53/916/129 241/1117/129
f 543/1117/263 394/916/263 343/937/263 487/1112/263
g Tram285
usemtl SUBWAY_INPANEL
f 258/1084/5 308/1329/5 2184/1329/5 141/1084/5
f 372/1117/44 322/1112/44 224/1112/44 28/1117/44
f 308/916/171 372/1117/171 28/1117/171 2184/916/171
f 322/1112/172 258/937/172 141/937/172 224/1112/172
f 224/1112/129 141/937/129 2184/916/129 28/1117/129
f 372/1117/263 308/916/263 258/937/263 322/1112/263
g Tram286
usemtl SUBWAY_INPANEL
f 1371/944/44 1397/1146/44 1123/1146/44 1285/944/44
f 1532/1357/5 1465/731/5 1385/731/5 1269/1357/5
f 1465/714/171 1371/944/171 1285/944/171 1385/714/171
f 1397/1146/172 1532/1396/172 1269/1396/172 1123/1146/172
f 1285/944/265 1123/1146/265 1269/1396/265 1385/714/265
f 1397/1146/173 1371/944/173 1465/714/173 1532/1396/173
g Tram287
usemtl SUBWAY_INPANEL
f 1426/1357/5 1392/731/5 1317/731/5 1162/1357/5
f 1537/944/44 1598/1146/44 1314/1146/44 1425/944/44
f 1392/714/171 1537/944/171 1425/944/171 1317/714/171
f 1598/1146/172 1426/1396/172 1162/1396/172 1314/1146/172
f 1314/1146/129 1162/1396/129 1317/714/129 1425/944/129
f 1537/944/263 1392/714/263 1426/1396/263 1598/1146/263
g Tram288
usemtl SUBWAY_CEILING
f 2036/1336/44 1957/844/44 2016/844/44 2068/1336/44
f 1882/1421/5 1956/719/5 2015/719/5 1938/1421/5
f 1956/1177/171 2036/1861/171 2068/1861/171 2015/1177/171
f 1957/844/172 1882/1421/172 1938/1421/172 2016/844/172
f 1957/844/173 2036/1336/173 1956/719/173 1882/1421/173
f 2015/719/129 2068/1336/129 2016/844/129 1938/1421/129
g Tram289
usemtl SUBWAY_CEILING
f 1935/1858/44 1866/642/44 1919/642/44 1991/1858/44
f 1899/840/5 1975/122/5 2037/122/5 1958/840/5
f 1975/1302/171 1935/1426/171 1991/1426/171 2037/1302/171
f 1866/136/172 1899/840/172 1958/840/172 1919/136/172
f 1866/136/173 1935/1228/173 1975/122/173 1899/840/173
f 2037/122/129 1991/1228/129 1919/136/129 1958/840/129
g Tram290
usemtl SUBWAY_CEILING
f 133/263/44 1231/1184/44 1251/1184/44 155/263/44
f 1264/1291/5 167/1561/5 206/1561/5 1292/1291/5
f 1231/80/172 1264/1291/172 1292/1291/172 1251/80/172
f 167/1085/171 133/1057/171 155/1057/171 206/1085/171
f 155/519/265 1251/80/265 1292/1291/265 206/1561/265
f 1264/1291/263 1231/80/263 133/519/263 167/1561/263
g Tram291
usemtl SUBWAY_CEILING
f 231/1336/44 1310/844/44 1334/844/44 261/1336/44
f 1245/1421/5 151/719/5 183/719/5 1275/1421/5
f 1310/844/172 1245/1421/172 1275/1421/172 1334/844/172
f 151/1177/171 231/1861/171 261/1861/171 183/1177/171
f 261/1336/265 1334/844/265 1275/1421/265 183/719/265
f 1245/1421/263 1310/844/263 231/1336/263 151/719/263
g Tram292
usemtl SUBWAY_CEILING
f 589/353/44 567/232/44 521/232/44 646/353/44
f 575/754/5 596/607/5 652/607/5 529/754/5
f 596/607/171 589/1462/171 646/1462/171 652/607/171
f 567/1516/172 575/754/172 529/754/172 521/1516/172
f 567/1516/173 589/1462/173 596/607/173 575/754/173
f 652/607/129 646/1462/129 521/1516/129 529/754/129
g Tram293
usemtl SUBWAY_CEILING
f 2067/94/5 485/1381/5 542/1381/5 2102/94/5
f 476/849/44 2065/1550/44 2098/1550/44 539/849/44
f 485/1381/171 476/153/171 539/153/171 542/1381/171
f 2065/803/172 2067/94/172 2102/94/172 2098/803/172
f 2065/803/173 476/153/173 485/1381/173 2067/94/173
f 2102/94/175 542/1381/175 539/153/175 2098/803/175
g Tram294
usemtl GENERIC025
f 1247/412/44 2203/275/44 97/275/44 1342/412/44
f 2207/429/5 1248/550/5 1347/550/5 106/429/5
f 2203/953/172 2207/1095/172 106/1095/172 97/953/172
f 1248/550/171 1247/412/171 1342/412/171 1347/550/171
f 1342/412/265 97/275/265 106/429/265 1347/550/265
f 2207/429/263 2203/275/263 1247/412/263 1248/550/263
g Tram295
usemtl GENERIC025
f 1252/897/44 2221/750/44 125/750/44 1355/897/44
f 2210/275/5 1249/412/5 1350/412/5 112/275/5
f 2221/735/172 2210/953/172 112/953/172 125/735/172
f 1249/412/171 1252/209/171 1355/209/171 1350/412/171
f 1355/209/265 125/93/265 112/275/265 1350/412/265
f 2210/275/263 2221/93/263 1252/209/263 1249/412/263
g Tram296
usemtl SUBWAY_CEILING
f 1729/585/5 867/40/5 889/40/5 1748/585/5
f 821/413/44 1670/580/44 1699/580/44 850/413/44
f 867/40/171 821/413/171 850/413/171 889/40/171
f 1670/580/172 1729/585/172 1748/585/172 1699/580/172
f 1670/580/173 821/413/173 867/40/173 1729/585/173
f 1748/585/175 889/40/175 850/413/175 1699/580/175
g Tram297
usemtl SUBWAY_CEILING
f 903/659/44 1767/834/44 1800/834/44 922/659/44
f 1828/900/5 957/311/5 995/311/5 1849/900/5
f 1767/834/172 1828/900/172 1849/900/172 1800/834/172
f 957/311/171 903/659/171 922/659/171 995/311/171
f 1767/834/173 903/659/173 957/311/173 1828/900/173
f 922/659/265 1800/834/265 1849/900/265 995/311/265
g Tram298
usemtl SUBWAY_CEILING
f 884/783/44 1743/1361/44 1779/1361/44 911/783/44
f 1674/1490/5 832/484/5 853/484/5 1706/1490/5
f 832/484/171 884/783/171 911/783/171 853/484/171
f 1743/1361/172 1674/1490/172 1706/1490/172 1779/1361/172
f 1743/1361/173 884/783/173 832/484/173 1674/1490/173
f 853/484/129 911/783/129 1779/1361/129 1706/1490/129
