version 1
nodes
  0 "Bip01" -1
  1 "Bip01 Pelvis" 0
  2 "Bip01 L Leg" 1
  3 "Bip01 L Leg1" 2
  4 "Bip01 L Foot" 3
  5 "Bip01 R Leg" 1
  6 "Bip01 R Leg1" 5
  7 "Bip01 R Foot" 6
  8 "Bip01 Spine" 1
  9 "Bip01 Spine1" 8
  10 "Bip01 Spine2" 9
  11 "Bip01 Spine3" 10
  12 "Bip01 Neck" 11
  13 "Bip01 Head" 12
  14 "Bip01 L Arm" 12
  15 "Bip01 L Arm1" 14
  16 "Bip01 L Arm2" 15
  17 "Bip01 L Hand" 16
  18 "Bip01 L Finger0" 17
  19 "Bip01 L Finger01" 18
  20 "Bip01 L Finger02" 19
  21 "Bip01 L Finger1" 17
  22 "Bip01 L Finger11" 21
  23 "Bip01 L Finger12" 22
  24 "Bip01 L Finger2" 17
  25 "Bip01 L Finger21" 24
  26 "Bip01 L Finger22" 25
  27 "Bip01 L Finger3" 17
  28 "Bip01 L Finger31" 27
  29 "Bip01 L Finger32" 28
  30 "Bip01 R Arm" 12
  31 "Bip01 R Arm1" 30
  32 "Bip01 R Arm2" 31
  33 "Bip01 R Hand" 32
  34 "Bip01 R Finger0" 33
  35 "Bip01 R Finger01" 34
  36 "Bip01 R Finger02" 35
  37 "Bip01 R Finger1" 33
  38 "Bip01 R Finger11" 37
  39 "Bip01 R Finger12" 38
  40 "Bip01 R Finger2" 33
  41 "Bip01 R Finger21" 40
  42 "Bip01 R Finger22" 41
  43 "Bip01 R Finger3" 33
  44 "Bip01 R Finger31" 43
  45 "Bip01 R Finger32" 44
  46 "Bone04" 10
  47 "Bone01" 10
  48 "Bone07" 8
end
skeleton
  time 0
    0 0.582129 0.000000 33.422504 0.000000 0.000000 -1.570795
    1 0.000000 0.000000 0.000000 -1.570795 -1.570796 0.000000
    2 -0.000006 0.000007 3.904811 0.000001 3.141591 -0.152333
    3 16.078632 0.000000 0.000000 0.000000 0.000000 -0.374444
    4 16.078634 0.000000 0.000000 0.000000 0.000000 0.222111
    5 0.000005 -0.000004 -3.904811 0.000001 3.141591 -0.152333
    6 16.078632 0.000000 0.000000 0.000000 0.000000 -0.374444
    7 16.078634 0.000000 0.000000 0.000000 0.000000 0.222111
    8 1.367698 -0.003309 0.000002 -0.000005 -0.000001 0.297352
    9 4.347658 -0.003328 0.000000 0.000000 0.000000 0.000000
    10 4.180562 -0.003328 0.000000 0.000000 0.000000 0.034889
    11 4.180441 -0.004061 0.000000 0.000000 0.000000 0.000000
    12 5.100072 -0.001278 0.000000 0.000000 0.000000 -0.052333
    13 1.607864 0.000000 0.000000 0.000000 0.000000 0.051536
    14 0.000002 0.001271 2.963063 -0.000014 -1.370796 -3.090042
    15 4.598489 -0.000001 0.000000 0.216792 1.108875 0.243982
    16 15.435488 0.000000 0.000000 0.000000 0.000000 -0.465330
    17 12.979844 0.000000 0.000001 -0.051586 -0.220650 0.188056
    18 -0.758064 0.354363 -0.828402 2.162674 1.011277 1.047279
    19 2.122379 0.000000 0.000000 0.000000 0.000000 0.069778
    20 3.367507 0.000001 0.000000 0.000000 0.000000 0.662889
    21 4.889402 0.002785 -1.890610 0.261040 0.454118 0.784725
    22 3.709018 0.000000 0.000000 0.000000 0.000000 0.139556
    23 3.566885 0.000000 0.000000 0.000000 0.000000 0.750111
    24 5.153909 0.000000 0.000000 -0.000782 0.122290 0.226683
    25 3.434397 -0.000001 -0.000001 0.000000 0.000000 0.645444
    26 6.070006 0.000001 0.000000 0.000000 0.000000 0.680333
    27 5.119462 0.043139 2.000556 -0.050528 -0.180245 0.548633
    28 3.553379 0.000000 0.000001 0.000000 0.000000 0.471000
    29 5.006244 0.000000 -0.000001 0.000000 0.000000 0.942000
    30 0.000002 0.001288 -2.963063 -0.000014 1.370796 -3.090069
    31 4.598489 0.000000 0.000002 -0.202561 -1.074577 0.227962
    32 15.435485 -0.000001 0.000000 0.000000 0.000000 -0.461518
    33 13.728679 0.000000 0.000000 0.107984 0.060803 0.439537
    34 -0.517254 0.282565 1.380536 -2.289665 -0.887554 0.893868
    35 3.714164 0.000000 -0.000001 0.000000 0.000000 0.226778
    36 2.476109 0.000000 0.000001 0.000000 0.000000 0.662889
    37 4.373136 0.030184 2.182156 -0.239155 -0.445478 0.333188
    38 5.262158 0.000000 0.000000 0.000000 0.000000 0.610556
    39 2.090222 -0.000001 -0.000001 0.000000 0.000000 0.540778
    40 4.670651 -0.076070 0.298248 0.004448 -0.052150 -0.069915
    41 3.966347 0.000000 0.000001 0.000000 0.000000 0.697778
    42 4.321938 0.000000 0.000000 0.000000 0.000000 0.628000
    43 4.529355 -0.009372 -1.418369 0.005866 0.261647 0.016359
    44 3.891029 0.000001 -0.000002 0.000000 0.000000 0.942000
    45 4.646725 0.000000 0.000002 0.000000 0.000000 0.558222
    46 1.708823 0.380563 1.854571 -3.141592 -0.000001 1.273445
    47 2.528591 0.237741 -3.162588 -3.141592 -0.000001 1.273445
    48 3.015875 0.894313 -3.311474 -3.141592 -0.000001 1.273445
end
triangles
SCIZOM3_Back1.bmp
  8 6.212130 -1.074790 35.202410 0.998689 0.051099 0.003100 0.127273 0.147727
  9 5.002150 0.831522 41.996767 0.470878 0.881757 0.027899 0.200000 0.409091
  9 7.932147 -1.978668 43.112362 0.978290 0.121899 -0.167598 0.036364 0.454545
SCIZOM3_Back1.bmp
  9 7.932147 -1.978668 43.112362 0.978290 0.121899 -0.167598 0.036364 0.454545
  9 5.002150 0.831522 41.996767 0.470878 0.881757 0.027899 0.200000 0.409091
  14 8.337475 -1.598161 51.133675 0.748874 0.564980 0.346388 0.018182 0.761364
SCIZOM3_Back1.bmp
  9 5.002150 0.831522 41.996767 0.470878 0.881757 0.027899 0.200000 0.409091
  11 3.302166 2.423951 47.360376 0.136895 0.987565 0.077297 0.290909 0.613636
  14 8.337475 -1.598161 51.133675 0.748874 0.564980 0.346388 0.018182 0.761364
SCIZOM3_Back1.bmp
  14 8.337475 -1.598161 51.133675 0.748874 0.564980 0.346388 0.018182 0.761364
  11 3.302166 2.423951 47.360376 0.136895 0.987565 0.077297 0.290909 0.613636
  11 0.732177 0.445696 53.553846 0.068102 0.788918 0.610714 0.436364 0.863636
SCIZOM3_Back1.bmp
  11 3.302166 2.423951 47.360376 0.136895 0.987565 0.077297 0.290909 0.613636
  11 -4.867835 0.754076 48.275800 -0.549124 0.825536 0.130206 0.763636 0.647727
  11 0.732177 0.445696 53.553846 0.068102 0.788918 0.610714 0.436364 0.863636
SCIZOM3_Back1.bmp
  11 0.732177 0.445696 53.553846 0.068102 0.788918 0.610714 0.436364 0.863636
  11 -4.867835 0.754076 48.275800 -0.549124 0.825536 0.130206 0.763636 0.647727
  11 -4.257825 -0.764076 53.718263 -0.493101 0.645002 0.583801 0.727273 0.886364
SCIZOM3_Back1.bmp
  11 -4.867835 0.754076 48.275800 -0.549124 0.825536 0.130206 0.763636 0.647727
  11 -7.897842 -2.973275 48.163967 -0.941510 0.327104 0.081001 0.927273 0.647727
  11 -4.257825 -0.764076 53.718263 -0.493101 0.645002 0.583801 0.727273 0.886364
SCIZOM3_Back1.bmp
  11 -4.257825 -0.764076 53.718263 -0.493101 0.645002 0.583801 0.727273 0.886364
  11 -7.897842 -2.973275 48.163967 -0.941510 0.327104 0.081001 0.927273 0.647727
  30 -7.952862 -5.073278 53.579739 -0.844123 0.168405 0.509014 0.945455 0.863636
SCIZOM3_Back1.bmp
  30 -4.707000 -5.782466 56.470212 -0.447688 0.079198 0.890676 0.745455 0.988636
  11 -2.737825 -5.364116 57.208783 -0.815058 0.303585 0.493475 0.636364 1.000000
  11 -4.257825 -0.764076 53.718263 -0.493101 0.645002 0.583801 0.727273 0.886364
SCIZOM3_Back1.bmp
  11 -4.257825 -0.764076 53.718263 -0.493101 0.645002 0.583801 0.727273 0.886364
  11 -2.737825 -5.364116 57.208783 -0.815058 0.303585 0.493475 0.636364 1.000000
  11 0.732177 0.445696 53.553846 0.068102 0.788918 0.610714 0.436364 0.863636
SCIZOM3_Back1.bmp
  11 -2.737825 -5.364116 57.208783 -0.815058 0.303585 0.493475 0.636364 1.000000
  11 3.022174 -3.430652 55.284146 0.136895 0.987565 0.077297 0.309091 0.931818
  11 0.732177 0.445696 53.553846 0.068102 0.788918 0.610714 0.436364 0.863636
SCIZOM3_Back1.bmp
  11 0.732177 0.445696 53.553846 0.068102 0.788918 0.610714 0.436364 0.863636
  11 3.022174 -3.430652 55.284146 0.136895 0.987565 0.077297 0.309091 0.931818
  14 8.337475 -1.598161 51.133675 0.748874 0.564980 0.346388 0.018182 0.761364
SCIZOM3_Back1.bmp
  11 3.022174 -3.430652 55.284146 0.136895 0.987565 0.077297 0.309091 0.931818
  13 5.142171 -4.825697 55.177697 0.842965 0.407183 0.351585 0.200000 0.920455
  14 8.337475 -1.598161 51.133675 0.748874 0.564980 0.346388 0.018182 0.761364
SCIZOM3_Back1.bmp
  14 8.337475 -1.598161 51.133675 0.748874 0.564980 0.346388 0.018182 0.761364
  13 5.142171 -4.825697 55.177697 0.842965 0.407183 0.351585 0.200000 0.920455
  14 8.571256 -4.756316 52.597267 0.915145 0.081404 0.394820 0.000000 0.829545
SCIZOM3_Back1.bmp
  13 5.142171 -4.825697 55.177697 0.842965 0.407183 0.351585 0.200000 0.920455
  14 8.338433 -7.264230 52.755268 0.752511 -0.429906 0.498907 0.018182 0.840909
  14 8.571256 -4.756316 52.597267 0.915145 0.081404 0.394820 0.000000 0.829545
SCIZOM3_Back1.bmp
  9 -4.827849 0.864853 42.195260 -0.421415 0.906832 0.008100 0.763636 0.420455
  9 5.002150 0.831522 41.996767 0.470878 0.881757 0.027899 0.200000 0.409091
  1 0.382118 4.160000 31.522506 0.001900 0.986723 0.162404 0.472727 0.000000
SCIZOM3_Back1.bmp
  9 -4.827849 0.864853 42.195260 -0.421415 0.906832 0.008100 0.763636 0.420455
  11 3.302166 2.423951 47.360376 0.136895 0.987565 0.077297 0.290909 0.613636
  9 5.002150 0.831522 41.996767 0.470878 0.881757 0.027899 0.200000 0.409091
SCIZOM3_Back1.bmp
  9 -4.827849 0.864853 42.195260 -0.421415 0.906832 0.008100 0.763636 0.420455
  11 -4.867835 0.754076 48.275800 -0.549124 0.825536 0.130206 0.763636 0.647727
  11 3.302166 2.423951 47.360376 0.136895 0.987565 0.077297 0.290909 0.613636
SCIZOM3_Back1.bmp
  9 -4.827849 0.864853 42.195260 -0.421415 0.906832 0.008100 0.763636 0.420455
  9 -6.547858 -1.289810 40.489095 -0.974219 0.134803 -0.180903 0.854545 0.352273
  11 -4.867835 0.754076 48.275800 -0.549124 0.825536 0.130206 0.763636 0.647727
SCIZOM3_Back1.bmp
  9 -4.827849 0.864853 42.195260 -0.421415 0.906832 0.008100 0.763636 0.420455
  8 -4.997870 -1.078470 35.180385 -0.971658 0.228090 0.062097 0.763636 0.136364
  9 -6.547858 -1.289810 40.489095 -0.974219 0.134803 -0.180903 0.854545 0.352273
SCIZOM3_Back1.bmp
  9 -4.827849 0.864853 42.195260 -0.421415 0.906832 0.008100 0.763636 0.420455
  8 -3.127862 2.948455 35.316189 -0.609010 0.779213 0.148102 0.672727 0.147727
  8 -4.997870 -1.078470 35.180385 -0.971658 0.228090 0.062097 0.763636 0.136364
SCIZOM3_Back1.bmp
  9 -4.827849 0.864853 42.195260 -0.421415 0.906832 0.008100 0.763636 0.420455
  1 0.382118 4.160000 31.522506 0.001900 0.986723 0.162404 0.472727 0.000000
  8 -3.127862 2.948455 35.316189 -0.609010 0.779213 0.148102 0.672727 0.147727
SCIZOM3_Back1.bmp
  30 -7.952862 -5.073278 53.579739 -0.844123 0.168405 0.509014 0.945455 0.863636
  30 -6.214445 -5.374964 55.531941 -0.609179 0.009800 0.792972 0.836364 0.954545
  11 -4.257825 -0.764076 53.718263 -0.493101 0.645002 0.583801 0.727273 0.886364
SCIZOM3_Back1.bmp
  11 -4.257825 -0.764076 53.718263 -0.493101 0.645002 0.583801 0.727273 0.886364
  30 -6.214445 -5.374964 55.531941 -0.609179 0.009800 0.792972 0.836364 0.954545
  30 -4.707000 -5.782466 56.470212 -0.447688 0.079198 0.890676 0.745455 0.988636
SCIZOM3_Back1.bmp
  1 0.382118 4.160000 31.522506 0.001900 0.986723 0.162404 0.472727 0.000000
  9 5.002150 0.831522 41.996767 0.470878 0.881757 0.027899 0.200000 0.409091
  8 4.122138 2.948441 35.316172 0.587494 0.791192 0.169898 0.254545 0.147727
SCIZOM3_Back1.bmp
  8 4.122138 2.948441 35.316172 0.587494 0.791192 0.169898 0.254545 0.147727
  9 5.002150 0.831522 41.996767 0.470878 0.881757 0.027899 0.200000 0.409091
  8 6.212130 -1.074790 35.202410 0.998689 0.051099 0.003100 0.127273 0.147727
SCIZOM3_Back1.bmp
  9 -6.547858 -1.289810 40.489095 -0.974219 0.134803 -0.180903 0.854545 0.352273
  10 -7.587848 -2.147411 45.052750 -0.967847 0.158292 -0.195489 0.909091 0.522727
  11 -4.867835 0.754076 48.275800 -0.549124 0.825536 0.130206 0.763636 0.647727
SCIZOM3_Back1.bmp
  11 -4.867835 0.754076 48.275800 -0.549124 0.825536 0.130206 0.763636 0.647727
  10 -7.587848 -2.147411 45.052750 -0.967847 0.158292 -0.195489 0.909091 0.522727
  11 -7.897842 -2.973275 48.163967 -0.941510 0.327104 0.081001 0.927273 0.647727
SCIZOM3_Back1.bmp
  13 5.142171 -4.825697 55.177697 0.842965 0.407183 0.351585 0.200000 0.920455
  11 5.252163 -7.534977 54.026700 0.969726 -0.239107 -0.049601 0.181818 0.875000
  14 8.338433 -7.264230 52.755268 0.752511 -0.429906 0.498907 0.018182 0.840909
SCIZOM3_Chest1.bmp
  11 5.252163 -7.534977 54.026700 0.969726 -0.239107 -0.049601 0.788732 0.855670
  14 7.556480 -8.792359 50.066222 0.632887 -0.757785 0.158797 0.929577 0.680412
  14 8.338433 -7.264230 52.755268 0.752511 -0.429906 0.498907 0.985915 0.804124
SCIZOM3_Chest1.bmp
  14 8.338433 -7.264230 52.755268 0.752511 -0.429906 0.498907 0.985915 0.804124
  14 7.556480 -8.792359 50.066222 0.632887 -0.757785 0.158797 0.929577 0.680412
  14 8.289283 -7.374091 51.077020 0.985011 -0.172302 -0.008100 0.985915 0.721649
SCIZOM3_Chest1.bmp
  14 7.556480 -8.792359 50.066222 0.632887 -0.757785 0.158797 0.929577 0.680412
  15 8.387960 -7.753784 49.221946 0.905611 -0.424105 -0.001700 0.985915 0.639175
  14 8.289283 -7.374091 51.077020 0.985011 -0.172302 -0.008100 0.985915 0.721649
SCIZOM3_Chest1.bmp
  14 8.289283 -7.374091 51.077020 0.985011 -0.172302 -0.008100 0.985915 0.721649
  15 8.387960 -7.753784 49.221946 0.905611 -0.424105 -0.001700 0.985915 0.639175
  9 7.932147 -1.978668 43.112362 0.978290 0.121899 -0.167598 0.957746 0.360825
SCIZOM3_Chest1.bmp
  15 8.387960 -7.753784 49.221946 0.905611 -0.424105 -0.001700 0.985915 0.639175
  11 8.372144 -7.834210 46.677178 0.698435 -0.624632 -0.349318 0.985915 0.525773
  9 7.932147 -1.978668 43.112362 0.978290 0.121899 -0.167598 0.957746 0.360825
SCIZOM3_Chest1.bmp
  9 7.932147 -1.978668 43.112362 0.978290 0.121899 -0.167598 0.957746 0.360825
  11 8.372144 -7.834210 46.677178 0.698435 -0.624632 -0.349318 0.985915 0.525773
  9 4.412134 -6.559694 41.269293 0.515992 -0.733089 -0.443094 0.746479 0.278351
SCIZOM3_Chest1.bmp
  11 8.372144 -7.834210 46.677178 0.698435 -0.624632 -0.349318 0.985915 0.525773
  13 2.622138 -10.071645 45.990599 -0.122299 -0.975289 -0.183998 0.633803 0.494845
  9 4.412134 -6.559694 41.269293 0.515992 -0.733089 -0.443094 0.746479 0.278351
SCIZOM3_Chest1.bmp
  9 4.412134 -6.559694 41.269293 0.515992 -0.733089 -0.443094 0.746479 0.278351
  13 2.622138 -10.071645 45.990599 -0.122299 -0.975289 -0.183998 0.633803 0.494845
  46 0.366713 -9.162261 44.226445 -0.609537 -0.786947 0.095806 0.492958 0.412371
SCIZOM3_Chest1.bmp
  13 2.622138 -10.071645 45.990599 -0.122299 -0.975289 -0.183998 0.633803 0.494845
  10 1.862146 -7.491775 47.143964 -0.586664 -0.798450 -0.135292 0.591549 0.546392
  46 0.366713 -9.162261 44.226445 -0.609537 -0.786947 0.095806 0.492958 0.412371
SCIZOM3_Chest1.bmp
  46 0.366713 -9.162261 44.226445 -0.609537 -0.786947 0.095806 0.492958 0.412371
  10 1.862146 -7.491775 47.143964 -0.586664 -0.798450 -0.135292 0.591549 0.546392
  10 -0.317856 -5.799102 44.660228 -0.199902 -0.933908 -0.296403 0.450704 0.432990
SCIZOM3_Chest1.bmp
  10 1.862146 -7.491775 47.143964 -0.586664 -0.798450 -0.135292 0.591549 0.546392
  47 -1.120443 -9.982596 46.124628 0.297893 -0.827980 -0.475088 0.408451 0.494845
  10 -0.317856 -5.799102 44.660228 -0.199902 -0.933908 -0.296403 0.450704 0.432990
SCIZOM3_Chest1.bmp
  10 -0.317856 -5.799102 44.660228 -0.199902 -0.933908 -0.296403 0.450704 0.432990
  47 -1.120443 -9.982596 46.124628 0.297893 -0.827980 -0.475088 0.408451 0.494845
  48 -2.039341 -7.645375 40.181704 0.116899 -0.968990 -0.217698 0.352113 0.226804
SCIZOM3_Chest1.bmp
  47 -1.120443 -9.982596 46.124628 0.297893 -0.827980 -0.475088 0.408451 0.494845
  10 -3.117862 -8.164759 44.372933 -0.500791 -0.745986 -0.438992 0.281690 0.422680
  48 -2.039341 -7.645375 40.181704 0.116899 -0.968990 -0.217698 0.352113 0.226804
SCIZOM3_Chest1.bmp
  48 -2.039341 -7.645375 40.181704 0.116899 -0.968990 -0.217698 0.352113 0.226804
  10 -3.117862 -8.164759 44.372933 -0.500791 -0.745986 -0.438992 0.281690 0.422680
  9 -4.647863 -4.917939 41.270373 -0.743710 -0.570107 -0.349104 0.197183 0.278351
SCIZOM3_Chest1.bmp
  10 -3.117862 -8.164759 44.372933 -0.500791 -0.745986 -0.438992 0.281690 0.422680
  11 -6.607852 -9.117379 49.016616 -0.644826 -0.687727 -0.333513 0.070423 0.628866
  9 -4.647863 -4.917939 41.270373 -0.743710 -0.570107 -0.349104 0.197183 0.278351
SCIZOM3_Chest1.bmp
  9 -4.647863 -4.917939 41.270373 -0.743710 -0.570107 -0.349104 0.197183 0.278351
  11 -6.607852 -9.117379 49.016616 -0.644826 -0.687727 -0.333513 0.070423 0.628866
  31 -7.369478 -8.190350 49.055600 -0.850844 -0.446171 -0.277482 0.028169 0.628866
SCIZOM3_Chest1.bmp
  11 -6.607852 -9.117379 49.016616 -0.644826 -0.687727 -0.333513 0.070423 0.628866
  30 -7.803069 -8.469394 52.108598 -0.837115 -0.541509 0.077501 0.000000 0.773196
  31 -7.369478 -8.190350 49.055600 -0.850844 -0.446171 -0.277482 0.028169 0.628866
SCIZOM3_Chest1.bmp
  31 -7.369478 -8.190350 49.055600 -0.850844 -0.446171 -0.277482 0.028169 0.628866
  30 -7.803069 -8.469394 52.108598 -0.837115 -0.541509 0.077501 0.000000 0.773196
  30 -7.883200 -7.015718 53.293084 -0.935755 -0.243188 0.255388 0.000000 0.824742
SCIZOM3_Chest1.bmp
  30 -7.803069 -8.469394 52.108598 -0.837115 -0.541509 0.077501 0.000000 0.773196
  30 -6.997294 -9.240170 51.951337 -0.642118 -0.746620 0.173905 0.056338 0.762887
  30 -7.883200 -7.015718 53.293084 -0.935755 -0.243188 0.255388 0.000000 0.824742
SCIZOM3_Chest1.bmp
  30 -7.883200 -7.015718 53.293084 -0.935755 -0.243188 0.255388 0.000000 0.824742
  30 -6.997294 -9.240170 51.951337 -0.642118 -0.746620 0.173905 0.056338 0.762887
  30 -6.237886 -8.966089 54.258690 -0.625492 -0.478094 0.616592 0.098592 0.886598
SCIZOM3_Chest1.bmp
  30 -6.997294 -9.240170 51.951337 -0.642118 -0.746620 0.173905 0.056338 0.762887
  30 -5.631165 -10.172202 52.754336 -0.228291 -0.956260 0.182892 0.140845 0.793814
  30 -6.237886 -8.966089 54.258690 -0.625492 -0.478094 0.616592 0.098592 0.886598
SCIZOM3_Chest1.bmp
  30 -6.237886 -8.966089 54.258690 -0.625492 -0.478094 0.616592 0.098592 0.886598
  30 -5.631165 -10.172202 52.754336 -0.228291 -0.956260 0.182892 0.140845 0.793814
  11 -2.967833 -8.179879 56.417092 -0.685802 -0.501101 0.527801 0.295775 0.969072
SCIZOM3_Chest1.bmp
  30 -5.631165 -10.172202 52.754336 -0.228291 -0.956260 0.182892 0.140845 0.793814
  11 -3.747846 -10.060107 52.362080 0.112906 -0.976756 0.182210 0.253521 0.783505
  11 -2.967833 -8.179879 56.417092 -0.685802 -0.501101 0.527801 0.295775 0.969072
SCIZOM3_Chest1.bmp
  11 -2.967833 -8.179879 56.417092 -0.685802 -0.501101 0.527801 0.295775 0.969072
  11 -3.747846 -10.060107 52.362080 0.112906 -0.976756 0.182210 0.253521 0.783505
  13 -1.877842 -9.587812 53.496575 -0.715887 -0.694187 0.074899 0.366197 0.835052
SCIZOM3_Chest1.bmp
  11 -3.747846 -10.060107 52.362080 0.112906 -0.976756 0.182210 0.253521 0.783505
  13 -3.947855 -9.872471 48.607872 -0.480779 -0.865562 -0.140194 0.239437 0.608247
  13 -1.877842 -9.587812 53.496575 -0.715887 -0.694187 0.074899 0.366197 0.835052
SCIZOM3_Chest1.bmp
  13 -1.877842 -9.587812 53.496575 -0.715887 -0.694187 0.074899 0.366197 0.835052
  13 -3.947855 -9.872471 48.607872 -0.480779 -0.865562 -0.140194 0.239437 0.608247
  13 -2.237855 -11.208539 49.417147 0.735181 0.190395 0.650583 0.338028 0.649485
SCIZOM3_Chest1.bmp
  8 -3.147877 -6.336608 36.570820 -0.734484 -0.657885 -0.166496 0.281690 0.061856
  9 -4.647863 -4.917939 41.270373 -0.743710 -0.570107 -0.349104 0.197183 0.278351
  9 -6.547858 -1.289810 40.489095 -0.974219 0.134803 -0.180903 0.084507 0.247423
SCIZOM3_Chest1.bmp
  9 -6.547858 -1.289810 40.489095 -0.974219 0.134803 -0.180903 0.084507 0.247423
  9 -4.647863 -4.917939 41.270373 -0.743710 -0.570107 -0.349104 0.197183 0.278351
  10 -7.587848 -2.147411 45.052750 -0.967847 0.158292 -0.195489 0.014085 0.453608
SCIZOM3_Chest1.bmp
  9 -4.647863 -4.917939 41.270373 -0.743710 -0.570107 -0.349104 0.197183 0.278351
  11 -7.827852 -6.235547 46.826812 -0.938000 -0.243000 -0.247200 0.000000 0.525773
  10 -7.587848 -2.147411 45.052750 -0.967847 0.158292 -0.195489 0.014085 0.453608
SCIZOM3_Chest1.bmp
  10 -7.587848 -2.147411 45.052750 -0.967847 0.158292 -0.195489 0.014085 0.453608
  11 -7.827852 -6.235547 46.826812 -0.938000 -0.243000 -0.247200 0.000000 0.525773
  11 -7.897842 -2.973275 48.163967 -0.941510 0.327104 0.081001 0.000000 0.587629
SCIZOM3_Chest1.bmp
  11 -7.827852 -6.235547 46.826812 -0.938000 -0.243000 -0.247200 0.000000 0.525773
  30 -7.883200 -7.015718 53.293084 -0.935755 -0.243188 0.255388 0.000000 0.824742
  11 -7.897842 -2.973275 48.163967 -0.941510 0.327104 0.081001 0.000000 0.587629
SCIZOM3_Chest1.bmp
  11 -7.897842 -2.973275 48.163967 -0.941510 0.327104 0.081001 0.000000 0.587629
  30 -7.883200 -7.015718 53.293084 -0.935755 -0.243188 0.255388 0.000000 0.824742
  30 -7.952862 -5.073278 53.579739 -0.844123 0.168405 0.509014 0.000000 0.835052
SCIZOM3_Chest1.bmp
  30 -7.883200 -7.015718 53.293084 -0.935755 -0.243188 0.255388 0.000000 0.824742
  30 -6.237886 -8.966089 54.258690 -0.625492 -0.478094 0.616592 0.098592 0.886598
  30 -7.952862 -5.073278 53.579739 -0.844123 0.168405 0.509014 0.000000 0.835052
SCIZOM3_Chest1.bmp
  30 -7.952862 -5.073278 53.579739 -0.844123 0.168405 0.509014 0.000000 0.835052
  30 -6.237886 -8.966089 54.258690 -0.625492 -0.478094 0.616592 0.098592 0.886598
  30 -6.214445 -5.374964 55.531941 -0.609179 0.009800 0.792972 0.098592 0.948454
SCIZOM3_Chest1.bmp
  30 -6.237886 -8.966089 54.258690 -0.625492 -0.478094 0.616592 0.098592 0.886598
  11 -2.967833 -8.179879 56.417092 -0.685802 -0.501101 0.527801 0.295775 0.969072
  30 -6.214445 -5.374964 55.531941 -0.609179 0.009800 0.792972 0.098592 0.948454
SCIZOM3_Chest1.bmp
  30 -6.214445 -5.374964 55.531941 -0.609179 0.009800 0.792972 0.098592 0.948454
  11 -2.967833 -8.179879 56.417092 -0.685802 -0.501101 0.527801 0.295775 0.969072
  30 -4.707000 -5.782466 56.470212 -0.447688 0.079198 0.890676 0.183099 0.989691
SCIZOM3_Chest1.bmp
  11 -2.967833 -8.179879 56.417092 -0.685802 -0.501101 0.527801 0.295775 0.969072
  11 -2.737825 -5.364116 57.208783 -0.815058 0.303585 0.493475 0.309859 1.000000
  30 -4.707000 -5.782466 56.470212 -0.447688 0.079198 0.890676 0.183099 0.989691
SCIZOM3_Chest1.bmp
  13 6.502144 -9.041024 47.328800 0.364995 -0.924689 -0.108299 0.873239 0.556701
  14 7.556480 -8.792359 50.066222 0.632887 -0.757785 0.158797 0.929577 0.680412
  11 4.632153 -9.798253 51.817703 0.175089 -0.815549 -0.551565 0.760563 0.752577
SCIZOM3_Chest1.bmp
  13 6.502144 -9.041024 47.328800 0.364995 -0.924689 -0.108299 0.873239 0.556701
  15 8.387960 -7.753784 49.221946 0.905611 -0.424105 -0.001700 0.985915 0.639175
  14 7.556480 -8.792359 50.066222 0.632887 -0.757785 0.158797 0.929577 0.680412
SCIZOM3_Chest1.bmp
  13 6.502144 -9.041024 47.328800 0.364995 -0.924689 -0.108299 0.873239 0.556701
  11 8.372144 -7.834210 46.677178 0.698435 -0.624632 -0.349318 0.985915 0.525773
  15 8.387960 -7.753784 49.221946 0.905611 -0.424105 -0.001700 0.985915 0.639175
SCIZOM3_Chest1.bmp
  13 6.502144 -9.041024 47.328800 0.364995 -0.924689 -0.108299 0.873239 0.556701
  13 2.622138 -10.071645 45.990599 -0.122299 -0.975289 -0.183998 0.633803 0.494845
  11 8.372144 -7.834210 46.677178 0.698435 -0.624632 -0.349318 0.985915 0.525773
SCIZOM3_Chest1.bmp
  13 6.502144 -9.041024 47.328800 0.364995 -0.924689 -0.108299 0.873239 0.556701
  13 2.632146 -9.857558 49.025441 0.026600 -0.982510 -0.184302 0.633803 0.628866
  13 2.622138 -10.071645 45.990599 -0.122299 -0.975289 -0.183998 0.633803 0.494845
SCIZOM3_Chest1.bmp
  13 6.502144 -9.041024 47.328800 0.364995 -0.924689 -0.108299 0.873239 0.556701
  11 2.602149 -9.887637 50.390505 0.251602 -0.877208 -0.408904 0.633803 0.690722
  13 2.632146 -9.857558 49.025441 0.026600 -0.982510 -0.184302 0.633803 0.628866
SCIZOM3_Chest1.bmp
  13 6.502144 -9.041024 47.328800 0.364995 -0.924689 -0.108299 0.873239 0.556701
  11 4.632153 -9.798253 51.817703 0.175089 -0.815549 -0.551565 0.760563 0.752577
  11 2.602149 -9.887637 50.390505 0.251602 -0.877208 -0.408904 0.633803 0.690722
SCIZOM3_Chest1.bmp
  9 7.932147 -1.978668 43.112362 0.978290 0.121899 -0.167598 0.957746 0.360825
  9 4.412134 -6.559694 41.269293 0.515992 -0.733089 -0.443094 0.746479 0.278351
  8 6.212130 -1.074790 35.202410 0.998689 0.051099 0.003100 0.859155 0.000000
SCIZOM3_Chest1.bmp
  8 6.212130 -1.074790 35.202410 0.998689 0.051099 0.003100 0.859155 0.000000
  9 4.412134 -6.559694 41.269293 0.515992 -0.733089 -0.443094 0.746479 0.278351
  8 3.852125 -4.403282 35.688534 0.673501 -0.734001 -0.087400 0.704225 0.030928
SCIZOM3_Chest1.bmp
  9 4.412134 -6.559694 41.269293 0.515992 -0.733089 -0.443094 0.746479 0.278351
  46 -0.413293 -7.629616 39.877263 -0.475018 -0.853732 -0.213308 0.450704 0.216495
  8 3.852125 -4.403282 35.688534 0.673501 -0.734001 -0.087400 0.704225 0.030928
SCIZOM3_Chest1.bmp
  8 3.852125 -4.403282 35.688534 0.673501 -0.734001 -0.087400 0.704225 0.030928
  46 -0.413293 -7.629616 39.877263 -0.475018 -0.853732 -0.213308 0.450704 0.216495
  8 0.622119 -6.905673 35.287778 0.126800 -0.974103 -0.187201 0.507042 0.010309
SCIZOM3_Chest1.bmp
  46 -0.413293 -7.629616 39.877263 -0.475018 -0.853732 -0.213308 0.450704 0.216495
  9 -0.947863 -4.492176 40.700084 -0.178905 -0.983627 0.021701 0.422535 0.257732
  8 0.622119 -6.905673 35.287778 0.126800 -0.974103 -0.187201 0.507042 0.010309
SCIZOM3_Chest1.bmp
  8 0.622119 -6.905673 35.287778 0.126800 -0.974103 -0.187201 0.507042 0.010309
  9 -0.947863 -4.492176 40.700084 -0.178905 -0.983627 0.021701 0.422535 0.257732
  48 -2.039341 -7.645375 40.181704 0.116899 -0.968990 -0.217698 0.352113 0.226804
SCIZOM3_Chest1.bmp
  9 -0.947863 -4.492176 40.700084 -0.178905 -0.983627 0.021701 0.422535 0.257732
  10 -0.317856 -5.799102 44.660228 -0.199902 -0.933908 -0.296403 0.450704 0.432990
  48 -2.039341 -7.645375 40.181704 0.116899 -0.968990 -0.217698 0.352113 0.226804
SCIZOM3_Chest1.bmp
  30 -6.997294 -9.240170 51.951337 -0.642118 -0.746620 0.173905 0.056338 0.762887
  11 -5.477855 -9.737308 48.421894 -0.374077 -0.887745 -0.268283 0.140845 0.597938
  30 -5.631165 -10.172202 52.754336 -0.228291 -0.956260 0.182892 0.140845 0.793814
SCIZOM3_Chest1.bmp
  30 -5.631165 -10.172202 52.754336 -0.228291 -0.956260 0.182892 0.140845 0.793814
  11 -5.477855 -9.737308 48.421894 -0.374077 -0.887745 -0.268283 0.140845 0.597938
  13 -3.947855 -9.872471 48.607872 -0.480779 -0.865562 -0.140194 0.239437 0.608247
SCIZOM3_Chest1.bmp
  11 -5.477855 -9.737308 48.421894 -0.374077 -0.887745 -0.268283 0.140845 0.597938
  10 -3.117862 -8.164759 44.372933 -0.500791 -0.745986 -0.438992 0.281690 0.422680
  13 -3.947855 -9.872471 48.607872 -0.480779 -0.865562 -0.140194 0.239437 0.608247
SCIZOM3_Chest1.bmp
  13 -3.947855 -9.872471 48.607872 -0.480779 -0.865562 -0.140194 0.239437 0.608247
  10 -3.117862 -8.164759 44.372933 -0.500791 -0.745986 -0.438992 0.281690 0.422680
  13 -2.827858 -10.925810 47.980985 0.087600 -0.814298 -0.573799 0.309859 0.577320
SCIZOM3_Chest1.bmp
  10 -3.117862 -8.164759 44.372933 -0.500791 -0.745986 -0.438992 0.281690 0.422680
  47 -1.120443 -9.982596 46.124628 0.297893 -0.827980 -0.475088 0.408451 0.494845
  13 -2.827858 -10.925810 47.980985 0.087600 -0.814298 -0.573799 0.309859 0.577320
SCIZOM3_Chest1.bmp
  13 -2.827858 -10.925810 47.980985 0.087600 -0.814298 -0.573799 0.309859 0.577320
  47 -1.120443 -9.982596 46.124628 0.297893 -0.827980 -0.475088 0.408451 0.494845
  11 -0.287852 -11.228873 51.027905 -0.250189 -0.900061 -0.356785 0.464789 0.721649
SCIZOM3_Chest1.bmp
  47 -1.120443 -9.982596 46.124628 0.297893 -0.827980 -0.475088 0.408451 0.494845
  11 2.602149 -9.887637 50.390505 0.251602 -0.877208 -0.408904 0.633803 0.690722
  11 -0.287852 -11.228873 51.027905 -0.250189 -0.900061 -0.356785 0.464789 0.721649
SCIZOM3_Chest1.bmp
  13 2.622138 -10.071645 45.990599 -0.122299 -0.975289 -0.183998 0.633803 0.494845
  13 2.632146 -9.857558 49.025441 0.026600 -0.982510 -0.184302 0.633803 0.628866
  10 1.862146 -7.491775 47.143964 -0.586664 -0.798450 -0.135292 0.591549 0.546392
SCIZOM3_Chest1.bmp
  10 1.862146 -7.491775 47.143964 -0.586664 -0.798450 -0.135292 0.591549 0.546392
  13 2.632146 -9.857558 49.025441 0.026600 -0.982510 -0.184302 0.633803 0.628866
  47 -1.120443 -9.982596 46.124628 0.297893 -0.827980 -0.475088 0.408451 0.494845
SCIZOM3_Chest1.bmp
  13 2.632146 -9.857558 49.025441 0.026600 -0.982510 -0.184302 0.633803 0.628866
  11 2.602149 -9.887637 50.390505 0.251602 -0.877208 -0.408904 0.633803 0.690722
  47 -1.120443 -9.982596 46.124628 0.297893 -0.827980 -0.475088 0.408451 0.494845
SCIZOM3_Chest1.bmp
  9 -0.947863 -4.492176 40.700084 -0.178905 -0.983627 0.021701 0.422535 0.257732
  46 -0.413293 -7.629616 39.877263 -0.475018 -0.853732 -0.213308 0.450704 0.216495
  10 -0.317856 -5.799102 44.660228 -0.199902 -0.933908 -0.296403 0.450704 0.432990
SCIZOM3_Chest1.bmp
  10 -0.317856 -5.799102 44.660228 -0.199902 -0.933908 -0.296403 0.450704 0.432990
  46 -0.413293 -7.629616 39.877263 -0.475018 -0.853732 -0.213308 0.450704 0.216495
  46 0.366713 -9.162261 44.226445 -0.609537 -0.786947 0.095806 0.492958 0.412371
SCIZOM3_Chest1.bmp
  46 -0.413293 -7.629616 39.877263 -0.475018 -0.853732 -0.213308 0.450704 0.216495
  9 4.412134 -6.559694 41.269293 0.515992 -0.733089 -0.443094 0.746479 0.278351
  46 0.366713 -9.162261 44.226445 -0.609537 -0.786947 0.095806 0.492958 0.412371
SCIZOM3_Chest1.bmp
  14 8.338433 -7.264230 52.755268 0.752511 -0.429906 0.498907 0.985915 0.804124
  14 8.289283 -7.374091 51.077020 0.985011 -0.172302 -0.008100 0.985915 0.721649
  14 8.571256 -4.756316 52.597267 0.915145 0.081404 0.394820 1.000000 0.804124
SCIZOM3_Chest1.bmp
  14 8.571256 -4.756316 52.597267 0.915145 0.081404 0.394820 1.000000 0.804124
  14 8.289283 -7.374091 51.077020 0.985011 -0.172302 -0.008100 0.985915 0.721649
  14 8.337475 -1.598161 51.133675 0.748874 0.564980 0.346388 0.985915 0.721649
SCIZOM3_Chest1.bmp
  14 8.289283 -7.374091 51.077020 0.985011 -0.172302 -0.008100 0.985915 0.721649
  9 7.932147 -1.978668 43.112362 0.978290 0.121899 -0.167598 0.957746 0.360825
  14 8.337475 -1.598161 51.133675 0.748874 0.564980 0.346388 0.985915 0.721649
SCIZOM3_Chest1.bmp
  30 -7.803069 -8.469394 52.108598 -0.837115 -0.541509 0.077501 0.000000 0.773196
  11 -6.607852 -9.117379 49.016616 -0.644826 -0.687727 -0.333513 0.070423 0.628866
  30 -6.997294 -9.240170 51.951337 -0.642118 -0.746620 0.173905 0.056338 0.762887
SCIZOM3_Chest1.bmp
  30 -6.997294 -9.240170 51.951337 -0.642118 -0.746620 0.173905 0.056338 0.762887
  11 -6.607852 -9.117379 49.016616 -0.644826 -0.687727 -0.333513 0.070423 0.628866
  11 -5.477855 -9.737308 48.421894 -0.374077 -0.887745 -0.268283 0.140845 0.597938
SCIZOM3_Chest1.bmp
  11 -6.607852 -9.117379 49.016616 -0.644826 -0.687727 -0.333513 0.070423 0.628866
  10 -3.117862 -8.164759 44.372933 -0.500791 -0.745986 -0.438992 0.281690 0.422680
  11 -5.477855 -9.737308 48.421894 -0.374077 -0.887745 -0.268283 0.140845 0.597938
SCIZOM3_Chest1.bmp
  9 -4.647863 -4.917939 41.270373 -0.743710 -0.570107 -0.349104 0.197183 0.278351
  31 -7.369478 -8.190350 49.055600 -0.850844 -0.446171 -0.277482 0.028169 0.628866
  11 -7.827852 -6.235547 46.826812 -0.938000 -0.243000 -0.247200 0.000000 0.525773
SCIZOM3_Chest1.bmp
  11 -7.827852 -6.235547 46.826812 -0.938000 -0.243000 -0.247200 0.000000 0.525773
  31 -7.369478 -8.190350 49.055600 -0.850844 -0.446171 -0.277482 0.028169 0.628866
  30 -7.883200 -7.015718 53.293084 -0.935755 -0.243188 0.255388 0.000000 0.824742
SCIZOM3_Chest1.bmp
  8 0.622119 -6.905673 35.287778 0.126800 -0.974103 -0.187201 0.507042 0.010309
  48 -2.039341 -7.645375 40.181704 0.116899 -0.968990 -0.217698 0.352113 0.226804
  8 -3.147877 -6.336608 36.570820 -0.734484 -0.657885 -0.166496 0.281690 0.061856
SCIZOM3_Chest1.bmp
  8 -3.147877 -6.336608 36.570820 -0.734484 -0.657885 -0.166496 0.281690 0.061856
  48 -2.039341 -7.645375 40.181704 0.116899 -0.968990 -0.217698 0.352113 0.226804
  9 -4.647863 -4.917939 41.270373 -0.743710 -0.570107 -0.349104 0.197183 0.278351
SCIZOM3_Chest1.bmp
  13 -1.877842 -9.587812 53.496575 -0.715887 -0.694187 0.074899 0.366197 0.835052
  13 -2.827858 -10.925810 47.980985 0.087600 -0.814298 -0.573799 0.309859 0.577320
  11 -0.287852 -11.228873 51.027905 -0.250189 -0.900061 -0.356785 0.464789 0.721649
SCIZOM3_Chest1.bmp
  11 5.252163 -7.534977 54.026700 0.969726 -0.239107 -0.049601 0.788732 0.855670
  11 4.632153 -9.798253 51.817703 0.175089 -0.815549 -0.551565 0.760563 0.752577
  14 7.556480 -8.792359 50.066222 0.632887 -0.757785 0.158797 0.929577 0.680412
SCIZOM3_Chest1.bmp
  9 -6.547858 -1.289810 40.489095 -0.974219 0.134803 -0.180903 0.084507 0.247423
  8 -4.997870 -1.078470 35.180385 -0.971658 0.228090 0.062097 0.169014 0.000000
  8 -3.147877 -6.336608 36.570820 -0.734484 -0.657885 -0.166496 0.281690 0.061856
SCIZOM3_Chest1.bmp
  13 -3.947855 -9.872471 48.607872 -0.480779 -0.865562 -0.140194 0.239437 0.608247
  11 -3.747846 -10.060107 52.362080 0.112906 -0.976756 0.182210 0.253521 0.783505
  30 -5.631165 -10.172202 52.754336 -0.228291 -0.956260 0.182892 0.140845 0.793814
ZOM2_CrabButt1.bmp
  13 3.542179 -2.177593 56.363982 0.327596 0.943688 -0.046199 0.200000 0.192308
  13 5.142171 -4.825697 55.177697 0.842965 0.407183 0.351585 0.000000 0.000000
  11 3.022174 -3.430652 55.284146 0.148401 0.987402 0.054900 0.257143 0.038462
ZOM2_CrabButt1.bmp
  13 3.542179 -2.177593 56.363982 0.327596 0.943688 -0.046199 0.200000 0.192308
  13 5.242176 -3.583176 56.514798 0.297802 0.954606 0.006400 0.000000 0.230769
  13 5.142171 -4.825697 55.177697 0.842965 0.407183 0.351585 0.000000 0.000000
ZOM2_CrabButt1.bmp
  13 3.542179 -2.177593 56.363982 0.327596 0.943688 -0.046199 0.200000 0.192308
  13 5.192181 -4.621726 59.256042 0.491618 0.563721 0.663725 0.000000 0.653846
  13 5.242176 -3.583176 56.514798 0.297802 0.954606 0.006400 0.000000 0.230769
ZOM2_CrabButt1.bmp
  13 3.542179 -2.177593 56.363982 0.327596 0.943688 -0.046199 0.200000 0.192308
  13 4.402183 -5.351207 60.453856 0.370789 0.298691 0.879374 0.085714 0.884615
  13 5.192181 -4.621726 59.256042 0.491618 0.563721 0.663725 0.000000 0.653846
ZOM2_CrabButt1.bmp
  13 3.542179 -2.177593 56.363982 0.327596 0.943688 -0.046199 0.200000 0.192308
  13 1.792184 -3.262004 59.269231 0.090199 0.668092 0.738591 0.400000 0.692308
  13 4.402183 -5.351207 60.453856 0.370789 0.298691 0.879374 0.085714 0.884615
ZOM2_CrabButt1.bmp
  13 3.542179 -2.177593 56.363982 0.327596 0.943688 -0.046199 0.200000 0.192308
  13 0.042182 -2.453193 57.718000 -0.489196 0.848293 0.202698 0.628571 0.423077
  13 1.792184 -3.262004 59.269231 0.090199 0.668092 0.738591 0.400000 0.692308
ZOM2_CrabButt1.bmp
  13 3.542179 -2.177593 56.363982 0.327596 0.943688 -0.046199 0.200000 0.192308
  11 3.022174 -3.430652 55.284146 0.148401 0.987402 0.054900 0.257143 0.038462
  13 0.042182 -2.453193 57.718000 -0.489196 0.848293 0.202698 0.628571 0.423077
ZOM2_CrabButt1.bmp
  13 3.122182 -5.800104 60.436858 0.227995 0.116398 0.966680 0.257143 0.884615
  13 1.792184 -3.262004 59.269231 0.090199 0.668092 0.738591 0.400000 0.692308
  13 1.962182 -6.490724 61.214448 0.152701 0.094900 0.983705 0.400000 1.000000
ZOM2_CrabButt1.bmp
  13 1.962182 -6.490724 61.214448 0.152701 0.094900 0.983705 0.400000 1.000000
  13 1.792184 -3.262004 59.269231 0.090199 0.668092 0.738591 0.400000 0.692308
  13 0.652184 -5.024116 60.640457 -0.202599 0.509799 0.836097 0.542857 0.884615
ZOM2_CrabButt1.bmp
  13 1.792184 -3.262004 59.269231 0.090199 0.668092 0.738591 0.400000 0.692308
  13 0.042182 -2.453193 57.718000 -0.489196 0.848293 0.202698 0.628571 0.423077
  13 0.652184 -5.024116 60.640457 -0.202599 0.509799 0.836097 0.542857 0.884615
ZOM2_CrabButt1.bmp
  13 0.652184 -5.024116 60.640457 -0.202599 0.509799 0.836097 0.542857 0.884615
  13 0.042182 -2.453193 57.718000 -0.489196 0.848293 0.202698 0.628571 0.423077
  13 -1.887823 -5.224993 57.874555 0.190700 0.889098 0.416099 0.857143 0.461538
ZOM2_CrabButt1.bmp
  13 0.042182 -2.453193 57.718000 -0.489196 0.848293 0.202698 0.628571 0.423077
  11 -2.737825 -5.364116 57.208783 -0.815058 0.303585 0.493475 0.971429 0.346154
  13 -1.887823 -5.224993 57.874555 0.190700 0.889098 0.416099 0.857143 0.461538
ZOM2_CrabButt1.bmp
  13 1.792184 -3.262004 59.269231 0.090199 0.668092 0.738591 0.400000 0.692308
  13 3.122182 -5.800104 60.436858 0.227995 0.116398 0.966680 0.257143 0.884615
  13 4.402183 -5.351207 60.453856 0.370789 0.298691 0.879374 0.085714 0.884615
ZOM2_CrabButt1.bmp
  11 3.022174 -3.430652 55.284146 0.148401 0.987402 0.054900 0.257143 0.038462
  11 -2.737825 -5.364116 57.208783 -0.815058 0.303585 0.493475 0.971429 0.346154
  13 0.042182 -2.453193 57.718000 -0.489196 0.848293 0.202698 0.628571 0.423077
ZOM2_Face1.bmp
  13 3.052170 -10.459564 59.256378 0.270409 -0.532118 0.802327 0.549296 0.817073
  13 5.452155 -11.550917 54.068901 0.783485 -0.606189 -0.136697 0.816901 0.341463
  13 6.812172 -7.434326 57.748757 0.750300 -0.429000 0.503000 0.971831 0.682927
ZOM2_Face1.bmp
  13 3.052170 -10.459564 59.256378 0.270409 -0.532118 0.802327 0.549296 0.817073
  13 2.892159 -13.136786 56.833306 0.106005 -0.920447 0.376219 0.535211 0.597561
  13 5.452155 -11.550917 54.068901 0.783485 -0.606189 -0.136697 0.816901 0.341463
ZOM2_Face1.bmp
  13 3.052170 -10.459564 59.256378 0.270409 -0.532118 0.802327 0.549296 0.817073
  13 -0.797842 -11.621740 55.503971 -0.623095 -0.735994 0.264698 0.112676 0.475610
  13 2.892159 -13.136786 56.833306 0.106005 -0.920447 0.376219 0.535211 0.597561
ZOM2_Face1.bmp
  13 3.052170 -10.459564 59.256378 0.270409 -0.532118 0.802327 0.549296 0.817073
  13 -1.027823 -8.124909 60.155012 -0.337705 -0.455107 0.823913 0.084507 0.902439
  13 -0.797842 -11.621740 55.503971 -0.623095 -0.735994 0.264698 0.112676 0.475610
ZOM2_Face1.bmp
  13 3.052170 -10.459564 59.256378 0.270409 -0.532118 0.802327 0.549296 0.817073
  13 1.962182 -6.490724 61.214448 0.152701 0.094900 0.983705 0.422535 1.000000
  13 -1.027823 -8.124909 60.155012 -0.337705 -0.455107 0.823913 0.084507 0.902439
ZOM2_Face1.bmp
  13 3.052170 -10.459564 59.256378 0.270409 -0.532118 0.802327 0.549296 0.817073
  13 3.122182 -5.800104 60.436858 0.227995 0.116398 0.966680 0.563380 0.926829
  13 1.962182 -6.490724 61.214448 0.152701 0.094900 0.983705 0.422535 1.000000
ZOM2_Face1.bmp
  13 3.052170 -10.459564 59.256378 0.270409 -0.532118 0.802327 0.549296 0.817073
  13 4.402183 -5.351207 60.453856 0.370789 0.298691 0.879374 0.704225 0.926829
  13 3.122182 -5.800104 60.436858 0.227995 0.116398 0.966680 0.563380 0.926829
ZOM2_Face1.bmp
  13 3.052170 -10.459564 59.256378 0.270409 -0.532118 0.802327 0.549296 0.817073
  13 6.812172 -7.434326 57.748757 0.750300 -0.429000 0.503000 0.971831 0.682927
  13 4.402183 -5.351207 60.453856 0.370789 0.298691 0.879374 0.704225 0.926829
ZOM2_Face1.bmp
  13 1.972150 -13.216228 53.284296 -0.167108 -0.975247 -0.144807 0.422535 0.268293
  11 -0.287852 -11.228873 51.027905 -0.250189 -0.900061 -0.356785 0.169014 0.060976
  13 3.492148 -12.553740 51.820186 0.385695 -0.654293 -0.650492 0.605634 0.134146
ZOM2_Face1.bmp
  13 1.972150 -13.216228 53.284296 -0.167108 -0.975247 -0.144807 0.422535 0.268293
  13 -0.997846 -11.045836 53.185171 -0.108006 -0.930646 -0.349617 0.098592 0.256098
  11 -0.287852 -11.228873 51.027905 -0.250189 -0.900061 -0.356785 0.169014 0.060976
ZOM2_Face1.bmp
  13 1.972150 -13.216228 53.284296 -0.167108 -0.975247 -0.144807 0.422535 0.268293
  13 -0.797842 -11.621740 55.503971 -0.623095 -0.735994 0.264698 0.112676 0.475610
  13 -0.997846 -11.045836 53.185171 -0.108006 -0.930646 -0.349617 0.098592 0.256098
ZOM2_Face1.bmp
  13 1.972150 -13.216228 53.284296 -0.167108 -0.975247 -0.144807 0.422535 0.268293
  13 2.892159 -13.136786 56.833306 0.106005 -0.920447 0.376219 0.535211 0.597561
  13 -0.797842 -11.621740 55.503971 -0.623095 -0.735994 0.264698 0.112676 0.475610
ZOM2_Face1.bmp
  13 1.972150 -13.216228 53.284296 -0.167108 -0.975247 -0.144807 0.422535 0.268293
  13 5.452155 -11.550917 54.068901 0.783485 -0.606189 -0.136697 0.816901 0.341463
  13 2.892159 -13.136786 56.833306 0.106005 -0.920447 0.376219 0.535211 0.597561
ZOM2_Face1.bmp
  13 1.972150 -13.216228 53.284296 -0.167108 -0.975247 -0.144807 0.422535 0.268293
  13 3.492148 -12.553740 51.820186 0.385695 -0.654293 -0.650492 0.605634 0.134146
  13 5.452155 -11.550917 54.068901 0.783485 -0.606189 -0.136697 0.816901 0.341463
ZOM2_Face1.bmp
  13 5.452155 -11.550917 54.068901 0.783485 -0.606189 -0.136697 0.816901 0.341463
  13 3.492148 -12.553740 51.820186 0.385695 -0.654293 -0.650492 0.605634 0.134146
  11 4.632153 -9.798253 51.817703 0.175089 -0.815549 -0.551565 0.732394 0.134146
ZOM2_Face1.bmp
  11 4.632153 -9.798253 51.817703 0.175089 -0.815549 -0.551565 0.732394 0.134146
  13 3.492148 -12.553740 51.820186 0.385695 -0.654293 -0.650492 0.605634 0.134146
  11 2.602149 -9.887637 50.390505 0.251602 -0.877208 -0.408904 0.492958 0.000000
ZOM2_Face1.bmp
  13 3.492148 -12.553740 51.820186 0.385695 -0.654293 -0.650492 0.605634 0.134146
  11 -0.287852 -11.228873 51.027905 -0.250189 -0.900061 -0.356785 0.169014 0.060976
  11 2.602149 -9.887637 50.390505 0.251602 -0.877208 -0.408904 0.492958 0.000000
ZOM2_Face1.bmp
  11 -0.287852 -11.228873 51.027905 -0.250189 -0.900061 -0.356785 0.169014 0.060976
  13 -0.997846 -11.045836 53.185171 -0.108006 -0.930646 -0.349617 0.098592 0.256098
  13 -1.877842 -9.587812 53.496575 -0.715887 -0.694187 0.074899 0.000000 0.292683
ZOM2_Face1.bmp
  13 5.452155 -11.550917 54.068901 0.783485 -0.606189 -0.136697 0.816901 0.341463
  11 4.632153 -9.798253 51.817703 0.175089 -0.815549 -0.551565 0.732394 0.134146
  13 5.192154 -10.478269 52.703645 0.712394 -0.693295 0.108799 0.788732 0.219512
ZOM2_CrabSide1.bmp
  13 6.812172 -7.434326 57.748757 0.750300 -0.429000 0.503000 0.511628 0.650000
  13 6.782179 -4.631562 58.639269 0.462700 0.388200 0.797000 0.837209 0.750000
  13 5.192181 -4.621726 59.256042 0.491618 0.563721 0.663725 0.837209 0.850000
ZOM2_CrabSide1.bmp
  13 5.192181 -4.621726 59.256042 0.491618 0.563721 0.663725 0.837209 0.850000
  13 6.782179 -4.631562 58.639269 0.462700 0.388200 0.797000 0.837209 0.750000
  13 5.242176 -3.583176 56.514798 0.297802 0.954606 0.006400 0.976744 0.475000
ZOM2_CrabSide1.bmp
  13 6.782179 -4.631562 58.639269 0.462700 0.388200 0.797000 0.837209 0.750000
  13 6.692179 -3.676062 57.614419 0.621387 0.744083 0.245395 0.953488 0.625000
  13 5.242176 -3.583176 56.514798 0.297802 0.954606 0.006400 0.976744 0.475000
ZOM2_CrabSide1.bmp
  13 5.242176 -3.583176 56.514798 0.297802 0.954606 0.006400 0.976744 0.475000
  13 6.692179 -3.676062 57.614419 0.621387 0.744083 0.245395 0.953488 0.625000
  13 7.392174 -4.642835 56.213578 0.907111 0.412404 0.084101 0.837209 0.450000
ZOM2_CrabSide1.bmp
  13 6.692179 -3.676062 57.614419 0.621387 0.744083 0.245395 0.953488 0.625000
  13 7.542174 -6.094019 57.480292 0.959387 -0.019800 0.281396 0.674419 0.600000
  13 7.392174 -4.642835 56.213578 0.907111 0.412404 0.084101 0.837209 0.450000
ZOM2_CrabSide1.bmp
  13 7.392174 -4.642835 56.213578 0.907111 0.412404 0.084101 0.837209 0.450000
  13 7.542174 -6.094019 57.480292 0.959387 -0.019800 0.281396 0.674419 0.600000
  13 7.062167 -8.127072 56.135528 0.916390 -0.381496 -0.121199 0.418605 0.425000
ZOM2_CrabSide1.bmp
  13 7.542174 -6.094019 57.480292 0.959387 -0.019800 0.281396 0.674419 0.600000
  13 6.812172 -7.434326 57.748757 0.750300 -0.429000 0.503000 0.511628 0.650000
  13 7.062167 -8.127072 56.135528 0.916390 -0.381496 -0.121199 0.418605 0.425000
ZOM2_CrabSide1.bmp
  13 7.062167 -8.127072 56.135528 0.916390 -0.381496 -0.121199 0.418605 0.425000
  13 6.812172 -7.434326 57.748757 0.750300 -0.429000 0.503000 0.511628 0.650000
  13 6.852167 -6.346045 54.770814 0.370220 -0.121607 -0.920950 0.627907 0.250000
ZOM2_CrabSide1.bmp
  13 6.812172 -7.434326 57.748757 0.750300 -0.429000 0.503000 0.511628 0.650000
  11 5.252163 -7.534977 54.026700 0.969726 -0.239107 -0.049601 0.488372 0.175000
  13 6.852167 -6.346045 54.770814 0.370220 -0.121607 -0.920950 0.627907 0.250000
ZOM2_CrabSide1.bmp
  13 6.852167 -6.346045 54.770814 0.370220 -0.121607 -0.920950 0.627907 0.250000
  11 5.252163 -7.534977 54.026700 0.969726 -0.239107 -0.049601 0.488372 0.175000
  13 5.242176 -3.583176 56.514798 0.297802 0.954606 0.006400 0.976744 0.475000
ZOM2_CrabSide1.bmp
  11 5.252163 -7.534977 54.026700 0.969726 -0.239107 -0.049601 0.488372 0.175000
  13 5.142171 -4.825697 55.177697 0.842965 0.407183 0.351585 0.813953 0.300000
  13 5.242176 -3.583176 56.514798 0.297802 0.954606 0.006400 0.976744 0.475000
ZOM2_CrabSide1.bmp
  13 6.812172 -7.434326 57.748757 0.750300 -0.429000 0.503000 0.511628 0.650000
  13 7.542174 -6.094019 57.480292 0.959387 -0.019800 0.281396 0.674419 0.600000
  13 6.782179 -4.631562 58.639269 0.462700 0.388200 0.797000 0.837209 0.750000
ZOM2_CrabSide1.bmp
  13 6.782179 -4.631562 58.639269 0.462700 0.388200 0.797000 0.837209 0.750000
  13 7.542174 -6.094019 57.480292 0.959387 -0.019800 0.281396 0.674419 0.600000
  13 6.692179 -3.676062 57.614419 0.621387 0.744083 0.245395 0.953488 0.625000
ZOM2_CrabSide1.bmp
  13 5.192154 -10.478269 52.703645 0.712394 -0.693295 0.108799 0.139535 0.000000
  11 5.252163 -7.534977 54.026700 0.969726 -0.239107 -0.049601 0.488372 0.175000
  13 5.452155 -11.550917 54.068901 0.783485 -0.606189 -0.136697 0.000000 0.175000
ZOM2_CrabSide1.bmp
  13 5.452155 -11.550917 54.068901 0.783485 -0.606189 -0.136697 0.000000 0.175000
  11 5.252163 -7.534977 54.026700 0.969726 -0.239107 -0.049601 0.488372 0.175000
  13 6.812172 -7.434326 57.748757 0.750300 -0.429000 0.503000 0.511628 0.650000
ZOM2_CrabSide1.bmp
  13 6.812172 -7.434326 57.748757 0.750300 -0.429000 0.503000 0.511628 0.650000
  13 5.192181 -4.621726 59.256042 0.491618 0.563721 0.663725 0.837209 0.850000
  13 4.402183 -5.351207 60.453856 0.370789 0.298691 0.879374 0.744186 1.000000
ZOM2_CrabSide1.bmp
  13 7.392174 -4.642835 56.213578 0.907111 0.412404 0.084101 0.837209 0.450000
  13 7.062167 -8.127072 56.135528 0.916390 -0.381496 -0.121199 0.418605 0.425000
  13 6.852167 -6.346045 54.770814 0.370220 -0.121607 -0.920950 0.627907 0.250000
ZOM2_CrabFoot1.bmp
  11 4.972171 -3.610430 54.333520 -0.227909 -0.664026 0.712128 0.514286 0.200000
  13 4.522175 -2.083863 54.524356 -0.926408 0.024800 0.375703 0.828571 0.250000
  11 4.502171 -3.389026 54.029086 -0.872710 0.303804 -0.382204 0.542857 0.050000
ZOM2_CrabFoot1.bmp
  11 4.502171 -3.389026 54.029086 -0.872710 0.303804 -0.382204 0.542857 0.050000
  13 4.522175 -2.083863 54.524356 -0.926408 0.024800 0.375703 0.828571 0.250000
  13 5.252177 -1.229288 54.776146 0.113396 0.989565 -0.088897 1.000000 0.350000
ZOM2_CrabFoot1.bmp
  13 4.522175 -2.083863 54.524356 -0.926408 0.024800 0.375703 0.828571 0.250000
  13 4.892175 -2.667408 55.021524 -0.700717 -0.126603 0.702117 0.685714 0.450000
  13 5.252177 -1.229288 54.776146 0.113396 0.989565 -0.088897 1.000000 0.350000
ZOM2_CrabFoot1.bmp
  13 5.252177 -1.229288 54.776146 0.113396 0.989565 -0.088897 1.000000 0.350000
  13 4.892175 -2.667408 55.021524 -0.700717 -0.126603 0.702117 0.685714 0.450000
  13 5.522178 -2.024655 55.919558 0.010101 0.769533 0.638527 0.828571 0.750000
ZOM2_CrabFoot1.bmp
  13 4.892175 -2.667408 55.021524 -0.700717 -0.126603 0.702117 0.685714 0.450000
  13 5.962176 -3.356311 55.947759 -0.067300 0.167901 0.983504 0.571429 0.800000
  13 5.522178 -2.024655 55.919558 0.010101 0.769533 0.638527 0.828571 0.750000
ZOM2_CrabFoot1.bmp
  13 5.522178 -2.024655 55.919558 0.010101 0.769533 0.638527 0.828571 0.750000
  13 5.962176 -3.356311 55.947759 -0.067300 0.167901 0.983504 0.571429 0.800000
  13 6.742178 -3.001592 56.545732 0.335597 -0.327097 0.883392 0.628571 1.000000
ZOM2_CrabFoot1.bmp
  13 5.962176 -3.356311 55.947759 -0.067300 0.167901 0.983504 0.571429 0.800000
  13 6.842175 -3.197475 55.547669 0.906093 0.380197 -0.185598 0.600000 0.650000
  13 6.742178 -3.001592 56.545732 0.335597 -0.327097 0.883392 0.628571 1.000000
ZOM2_CrabFoot1.bmp
  13 6.742178 -3.001592 56.545732 0.335597 -0.327097 0.883392 0.628571 1.000000
  13 6.842175 -3.197475 55.547669 0.906093 0.380197 -0.185598 0.600000 0.650000
  13 5.522178 -2.024655 55.919558 0.010101 0.769533 0.638527 0.828571 0.750000
ZOM2_CrabFoot1.bmp
  13 6.842175 -3.197475 55.547669 0.906093 0.380197 -0.185598 0.600000 0.650000
  13 5.742174 -2.747418 54.793052 0.972794 0.194799 -0.125399 0.685714 0.350000
  13 5.522178 -2.024655 55.919558 0.010101 0.769533 0.638527 0.828571 0.750000
ZOM2_CrabFoot1.bmp
  13 5.522178 -2.024655 55.919558 0.010101 0.769533 0.638527 0.828571 0.750000
  13 5.742174 -2.747418 54.793052 0.972794 0.194799 -0.125399 0.685714 0.350000
  13 5.252177 -1.229288 54.776146 0.113396 0.989565 -0.088897 1.000000 0.350000
ZOM2_CrabFoot1.bmp
  13 5.742174 -2.747418 54.793052 0.972794 0.194799 -0.125399 0.685714 0.350000
  13 5.572174 -2.144656 54.270770 0.968096 -0.079000 0.237799 0.800000 0.150000
  13 5.252177 -1.229288 54.776146 0.113396 0.989565 -0.088897 1.000000 0.350000
ZOM2_CrabFoot1.bmp
  13 6.842175 -3.197475 55.547669 0.906093 0.380197 -0.185598 0.600000 0.650000
  13 5.962176 -3.356311 55.947759 -0.067300 0.167901 0.983504 0.571429 0.800000
  13 7.392174 -4.642835 56.213578 0.907111 0.412404 0.084101 0.314286 0.850000
ZOM2_CrabFoot1.bmp
  13 7.392174 -4.642835 56.213578 0.907111 0.412404 0.084101 0.314286 0.850000
  13 5.962176 -3.356311 55.947759 -0.067300 0.167901 0.983504 0.571429 0.800000
  13 5.242176 -3.583176 56.514798 0.297802 0.954606 0.006400 0.514286 1.000000
ZOM2_CrabFoot1.bmp
  13 5.962176 -3.356311 55.947759 -0.067300 0.167901 0.983504 0.571429 0.800000
  13 5.742174 -2.747418 54.793052 0.972794 0.194799 -0.125399 0.685714 0.350000
  13 5.242176 -3.583176 56.514798 0.297802 0.954606 0.006400 0.514286 1.000000
ZOM2_CrabFoot1.bmp
  13 5.242176 -3.583176 56.514798 0.297802 0.954606 0.006400 0.514286 1.000000
  13 5.742174 -2.747418 54.793052 0.972794 0.194799 -0.125399 0.685714 0.350000
  13 6.852167 -6.346045 54.770814 0.370220 -0.121607 -0.920950 0.000000 0.350000
ZOM2_CrabFoot1.bmp
  13 5.742174 -2.747418 54.793052 0.972794 0.194799 -0.125399 0.685714 0.350000
  13 6.842175 -3.197475 55.547669 0.906093 0.380197 -0.185598 0.600000 0.650000
  13 6.852167 -6.346045 54.770814 0.370220 -0.121607 -0.920950 0.000000 0.350000
ZOM2_CrabFoot1.bmp
  13 6.852167 -6.346045 54.770814 0.370220 -0.121607 -0.920950 0.000000 0.350000
  13 6.842175 -3.197475 55.547669 0.906093 0.380197 -0.185598 0.600000 0.650000
  13 7.392174 -4.642835 56.213578 0.907111 0.412404 0.084101 0.314286 0.850000
ZOM2_CrabFoot1.bmp
  13 4.522175 -2.083863 54.524356 -0.926408 0.024800 0.375703 0.828571 0.250000
  11 4.972171 -3.610430 54.333520 -0.227909 -0.664026 0.712128 0.514286 0.200000
  13 4.892175 -2.667408 55.021524 -0.700717 -0.126603 0.702117 0.685714 0.450000
ZOM2_CrabFoot1.bmp
  13 4.892175 -2.667408 55.021524 -0.700717 -0.126603 0.702117 0.685714 0.450000
  11 4.972171 -3.610430 54.333520 -0.227909 -0.664026 0.712128 0.514286 0.200000
  13 5.742174 -2.747418 54.793052 0.972794 0.194799 -0.125399 0.685714 0.350000
ZOM2_CrabFoot1.bmp
  11 4.972171 -3.610430 54.333520 -0.227909 -0.664026 0.712128 0.514286 0.200000
  11 5.242170 -3.411803 53.788499 0.937572 -0.330890 -0.107097 0.542857 0.000000
  13 5.742174 -2.747418 54.793052 0.972794 0.194799 -0.125399 0.685714 0.350000
ZOM2_CrabFoot1.bmp
  13 5.742174 -2.747418 54.793052 0.972794 0.194799 -0.125399 0.685714 0.350000
  11 5.242170 -3.411803 53.788499 0.937572 -0.330890 -0.107097 0.542857 0.000000
  13 5.572174 -2.144656 54.270770 0.968096 -0.079000 0.237799 0.800000 0.150000
ZOM2_CrabFoot1.bmp
  11 5.242170 -3.411803 53.788499 0.937572 -0.330890 -0.107097 0.542857 0.000000
  11 4.862172 -2.950534 53.831288 -0.260502 0.506404 -0.822006 0.657143 0.000000
  13 5.252177 -1.229288 54.776146 0.113396 0.989565 -0.088897 1.000000 0.350000
ZOM2_CrabFoot1.bmp
  13 5.252177 -1.229288 54.776146 0.113396 0.989565 -0.088897 1.000000 0.350000
  11 4.862172 -2.950534 53.831288 -0.260502 0.506404 -0.822006 0.657143 0.000000
  11 4.502171 -3.389026 54.029086 -0.872710 0.303804 -0.382204 0.542857 0.050000
ZOM2_CrabFoot1.bmp
  13 5.252177 -1.229288 54.776146 0.113396 0.989565 -0.088897 1.000000 0.350000
  11 5.242170 -3.411803 53.788499 0.937572 -0.330890 -0.107097 0.542857 0.000000
  13 5.572174 -2.144656 54.270770 0.968096 -0.079000 0.237799 0.800000 0.150000
ZOM2_CrabSide2.bmp
  13 0.652184 -5.024116 60.640457 -0.202599 0.509799 0.836097 0.400000 0.944444
  13 -1.097816 -5.334855 61.051726 0.040600 0.422400 0.905500 0.418182 1.000000
  13 -1.027823 -8.124909 60.155012 -0.337705 -0.455107 0.823913 0.654545 0.861111
ZOM2_CrabSide2.bmp
  13 -1.027823 -8.124909 60.155012 -0.337705 -0.455107 0.823913 0.654545 0.861111
  13 -1.097816 -5.334855 61.051726 0.040600 0.422400 0.905500 0.418182 1.000000
  13 -2.087821 -6.954424 60.441493 -0.750926 -0.234308 0.617422 0.563636 0.916667
ZOM2_CrabSide2.bmp
  13 -1.097816 -5.334855 61.051726 0.040600 0.422400 0.905500 0.418182 1.000000
  13 -3.327819 -3.182434 58.239064 -0.319211 -0.057602 0.945932 0.236364 0.611111
  13 -2.087821 -6.954424 60.441493 -0.750926 -0.234308 0.617422 0.563636 0.916667
ZOM2_CrabSide2.bmp
  13 -2.087821 -6.954424 60.441493 -0.750926 -0.234308 0.617422 0.563636 0.916667
  13 -3.327819 -3.182434 58.239064 -0.319211 -0.057602 0.945932 0.236364 0.611111
  13 -3.117821 -4.683797 58.483828 -0.972121 -0.093102 0.215205 0.363636 0.638889
ZOM2_CrabSide2.bmp
  13 -3.327819 -3.182434 58.239064 -0.319211 -0.057602 0.945932 0.236364 0.611111
  13 -3.747819 -2.919276 57.843150 -0.984184 -0.104698 0.142898 0.218182 0.555556
  13 -3.117821 -4.683797 58.483828 -0.972121 -0.093102 0.215205 0.363636 0.638889
ZOM2_CrabSide2.bmp
  13 -3.117821 -4.683797 58.483828 -0.972121 -0.093102 0.215205 0.363636 0.638889
  13 -3.747819 -2.919276 57.843150 -0.984184 -0.104698 0.142898 0.218182 0.555556
  11 -2.737825 -5.364116 57.208783 -0.815058 0.303585 0.493475 0.418182 0.472222
ZOM2_CrabSide2.bmp
  13 -3.747819 -2.919276 57.843150 -0.984184 -0.104698 0.142898 0.218182 0.555556
  13 -3.327822 -3.565285 56.954570 0.152195 -0.479985 -0.863974 0.272727 0.444444
  11 -2.737825 -5.364116 57.208783 -0.815058 0.303585 0.493475 0.418182 0.472222
ZOM2_CrabSide2.bmp
  11 -2.737825 -5.364116 57.208783 -0.815058 0.303585 0.493475 0.418182 0.472222
  13 -3.327822 -3.565285 56.954570 0.152195 -0.479985 -0.863974 0.272727 0.444444
  13 -1.887823 -5.224993 57.874555 0.190700 0.889098 0.416099 0.418182 0.555556
ZOM2_CrabSide2.bmp
  13 -3.327822 -3.565285 56.954570 0.152195 -0.479985 -0.863974 0.272727 0.444444
  13 -2.797819 -3.030412 57.889507 0.953340 0.057802 0.296313 0.218182 0.583333
  13 -1.887823 -5.224993 57.874555 0.190700 0.889098 0.416099 0.418182 0.555556
ZOM2_CrabSide2.bmp
  13 -1.887823 -5.224993 57.874555 0.190700 0.889098 0.416099 0.418182 0.555556
  13 -2.797819 -3.030412 57.889507 0.953340 0.057802 0.296313 0.218182 0.583333
  13 -3.327819 -3.182434 58.239064 -0.319211 -0.057602 0.945932 0.236364 0.611111
ZOM2_CrabSide2.bmp
  13 -2.797819 -3.030412 57.889507 0.953340 0.057802 0.296313 0.218182 0.583333
  13 -3.377816 -2.706817 58.762312 -0.134202 -0.107402 0.985117 0.200000 0.694444
  13 -3.327819 -3.182434 58.239064 -0.319211 -0.057602 0.945932 0.236364 0.611111
ZOM2_CrabSide2.bmp
  13 -3.327819 -3.182434 58.239064 -0.319211 -0.057602 0.945932 0.236364 0.611111
  13 -3.377816 -2.706817 58.762312 -0.134202 -0.107402 0.985117 0.200000 0.694444
  13 -3.747819 -2.919276 57.843150 -0.984184 -0.104698 0.142898 0.218182 0.555556
ZOM2_CrabSide2.bmp
  13 -3.377816 -2.706817 58.762312 -0.134202 -0.107402 0.985117 0.200000 0.694444
  13 -3.217818 -1.659165 57.039459 -0.073098 0.954778 0.288193 0.109091 0.472222
  13 -3.747819 -2.919276 57.843150 -0.984184 -0.104698 0.142898 0.218182 0.555556
ZOM2_CrabSide2.bmp
  13 -3.747819 -2.919276 57.843150 -0.984184 -0.104698 0.142898 0.218182 0.555556
  13 -3.217818 -1.659165 57.039459 -0.073098 0.954778 0.288193 0.109091 0.472222
  13 -3.437823 -2.252990 55.661209 -0.974324 -0.159004 -0.159404 0.145455 0.277778
ZOM2_CrabSide2.bmp
  13 -3.217818 -1.659165 57.039459 -0.073098 0.954778 0.288193 0.109091 0.472222
  13 -2.567822 -2.159354 55.788612 0.981844 -0.128206 0.139806 0.145455 0.305556
  13 -3.437823 -2.252990 55.661209 -0.974324 -0.159004 -0.159404 0.145455 0.277778
ZOM2_CrabSide2.bmp
  13 -3.437823 -2.252990 55.661209 -0.974324 -0.159004 -0.159404 0.145455 0.277778
  13 -2.567822 -2.159354 55.788612 0.981844 -0.128206 0.139806 0.145455 0.305556
  13 -3.327822 -3.565285 56.954570 0.152195 -0.479985 -0.863974 0.272727 0.444444
ZOM2_CrabSide2.bmp
  13 -2.567822 -2.159354 55.788612 0.981844 -0.128206 0.139806 0.145455 0.305556
  13 -2.797819 -3.030412 57.889507 0.953340 0.057802 0.296313 0.218182 0.583333
  13 -3.327822 -3.565285 56.954570 0.152195 -0.479985 -0.863974 0.272727 0.444444
ZOM2_CrabSide2.bmp
  11 -2.737825 -5.364116 57.208783 -0.815058 0.303585 0.493475 0.418182 0.472222
  11 -2.967833 -8.179879 56.417092 -0.685802 -0.501101 0.527801 0.672727 0.388889
  13 -3.117821 -4.683797 58.483828 -0.972121 -0.093102 0.215205 0.363636 0.638889
ZOM2_CrabSide2.bmp
  13 -3.117821 -4.683797 58.483828 -0.972121 -0.093102 0.215205 0.363636 0.638889
  11 -2.967833 -8.179879 56.417092 -0.685802 -0.501101 0.527801 0.672727 0.388889
  13 -2.087821 -6.954424 60.441493 -0.750926 -0.234308 0.617422 0.563636 0.916667
ZOM2_CrabSide2.bmp
  11 -2.967833 -8.179879 56.417092 -0.685802 -0.501101 0.527801 0.672727 0.388889
  13 -1.957828 -8.931852 58.904359 -0.672500 -0.570300 0.471700 0.727273 0.694444
  13 -2.087821 -6.954424 60.441493 -0.750926 -0.234308 0.617422 0.563636 0.916667
ZOM2_CrabSide2.bmp
  13 -2.087821 -6.954424 60.441493 -0.750926 -0.234308 0.617422 0.563636 0.916667
  13 -1.957828 -8.931852 58.904359 -0.672500 -0.570300 0.471700 0.727273 0.694444
  13 -1.027823 -8.124909 60.155012 -0.337705 -0.455107 0.823913 0.654545 0.861111
ZOM2_CrabSide2.bmp
  13 -1.957828 -8.931852 58.904359 -0.672500 -0.570300 0.471700 0.727273 0.694444
  13 -1.427839 -9.883865 55.002182 -0.739685 -0.552088 0.384792 0.818182 0.194444
  13 -1.027823 -8.124909 60.155012 -0.337705 -0.455107 0.823913 0.654545 0.861111
ZOM2_CrabSide2.bmp
  13 -1.027823 -8.124909 60.155012 -0.337705 -0.455107 0.823913 0.654545 0.861111
  13 -1.427839 -9.883865 55.002182 -0.739685 -0.552088 0.384792 0.818182 0.194444
  13 -0.797842 -11.621740 55.503971 -0.623095 -0.735994 0.264698 0.963636 0.250000
ZOM2_CrabSide2.bmp
  13 -3.207818 -0.559801 56.180449 -0.165404 0.983324 -0.075602 0.000000 0.333333
  13 -2.567822 -2.159354 55.788612 0.981844 -0.128206 0.139806 0.145455 0.305556
  11 -2.287825 -2.148442 54.848542 0.983965 0.171894 0.047598 0.109091 0.250000
ZOM2_CrabSide2.bmp
  11 -2.287825 -2.148442 54.848542 0.983965 0.171894 0.047598 0.109091 0.250000
  13 -2.567822 -2.159354 55.788612 0.981844 -0.128206 0.139806 0.145455 0.305556
  11 -2.857825 -2.797225 55.195932 -0.002100 -0.924286 0.381694 0.200000 0.222222
ZOM2_CrabSide2.bmp
  13 -2.567822 -2.159354 55.788612 0.981844 -0.128206 0.139806 0.145455 0.305556
  13 -3.437823 -2.252990 55.661209 -0.974324 -0.159004 -0.159404 0.145455 0.277778
  11 -2.857825 -2.797225 55.195932 -0.002100 -0.924286 0.381694 0.200000 0.222222
ZOM2_CrabSide2.bmp
  11 -2.857825 -2.797225 55.195932 -0.002100 -0.924286 0.381694 0.200000 0.222222
  13 -3.437823 -2.252990 55.661209 -0.974324 -0.159004 -0.159404 0.145455 0.277778
  11 -3.367824 -2.130528 54.949932 -0.963736 -0.018600 -0.266210 0.145455 0.194444
ZOM2_CrabSide2.bmp
  13 -2.567822 -2.159354 55.788612 0.981844 -0.128206 0.139806 0.145455 0.305556
  13 -3.207818 -0.559801 56.180449 -0.165404 0.983324 -0.075602 0.000000 0.333333
  13 -3.217818 -1.659165 57.039459 -0.073098 0.954778 0.288193 0.109091 0.472222
ZOM2_CrabSide2.bmp
  13 -3.217818 -1.659165 57.039459 -0.073098 0.954778 0.288193 0.109091 0.472222
  13 -3.207818 -0.559801 56.180449 -0.165404 0.983324 -0.075602 0.000000 0.333333
  13 -3.437823 -2.252990 55.661209 -0.974324 -0.159004 -0.159404 0.145455 0.277778
ZOM2_CrabSide2.bmp
  13 -3.207818 -0.559801 56.180449 -0.165404 0.983324 -0.075602 0.000000 0.333333
  11 -3.367824 -2.130528 54.949932 -0.963736 -0.018600 -0.266210 0.109091 0.250000
  13 -3.437823 -2.252990 55.661209 -0.974324 -0.159004 -0.159404 0.145455 0.277778
ZOM2_CrabSide2.bmp
  13 -1.027823 -8.124909 60.155012 -0.337705 -0.455107 0.823913 0.654545 0.861111
  11 -2.967833 -8.179879 56.417092 -0.685802 -0.501101 0.527801 0.672727 0.388889
  13 -1.957828 -8.931852 58.904359 -0.672500 -0.570300 0.471700 0.727273 0.694444
ZOM2_CrabSide2.bmp
  13 -1.957828 -8.931852 58.904359 -0.672500 -0.570300 0.471700 0.727273 0.694444
  11 -2.967833 -8.179879 56.417092 -0.685802 -0.501101 0.527801 0.672727 0.388889
  13 -1.427839 -9.883865 55.002182 -0.739685 -0.552088 0.384792 0.818182 0.194444
ZOM2_CrabSide2.bmp
  11 -2.967833 -8.179879 56.417092 -0.685802 -0.501101 0.527801 0.672727 0.388889
  13 -1.877842 -9.587812 53.496575 -0.715887 -0.694187 0.074899 0.781818 0.000000
  13 -1.427839 -9.883865 55.002182 -0.739685 -0.552088 0.384792 0.818182 0.194444
ZOM2_CrabSide2.bmp
  13 -3.327819 -3.182434 58.239064 -0.319211 -0.057602 0.945932 0.236364 0.611111
  13 -1.097816 -5.334855 61.051726 0.040600 0.422400 0.905500 0.418182 1.000000
  13 -1.887823 -5.224993 57.874555 0.190700 0.889098 0.416099 0.418182 0.555556
ZOM2_CrabSide2.bmp
  13 -1.887823 -5.224993 57.874555 0.190700 0.889098 0.416099 0.418182 0.555556
  13 -1.097816 -5.334855 61.051726 0.040600 0.422400 0.905500 0.418182 1.000000
  13 0.652184 -5.024116 60.640457 -0.202599 0.509799 0.836097 0.400000 0.944444
ZOM2_CrabSide2.bmp
  13 -2.567822 -2.159354 55.788612 0.981844 -0.128206 0.139806 0.145455 0.305556
  13 -3.217818 -1.659165 57.039459 -0.073098 0.954778 0.288193 0.109091 0.472222
  13 -2.797819 -3.030412 57.889507 0.953340 0.057802 0.296313 0.218182 0.583333
ZOM2_CrabSide2.bmp
  13 -2.797819 -3.030412 57.889507 0.953340 0.057802 0.296313 0.218182 0.583333
  13 -3.217818 -1.659165 57.039459 -0.073098 0.954778 0.288193 0.109091 0.472222
  13 -3.377816 -2.706817 58.762312 -0.134202 -0.107402 0.985117 0.200000 0.694444
ZOM2_CrabSide2.bmp
  11 -3.367824 -2.130528 54.949932 -0.963736 -0.018600 -0.266210 0.145455 0.194444
  13 -3.207818 -0.559801 56.180449 -0.165404 0.983324 -0.075602 0.000000 0.333333
  11 -2.927824 -1.715475 54.574790 -0.115201 0.797807 -0.591805 0.109091 0.138889
ZOM2_CrabSide2.bmp
  11 -2.927824 -1.715475 54.574790 -0.115201 0.797807 -0.591805 0.109091 0.138889
  13 -3.207818 -0.559801 56.180449 -0.165404 0.983324 -0.075602 0.000000 0.333333
  11 -2.287825 -2.148442 54.848542 0.983965 0.171894 0.047598 0.145455 0.166667
ZOM2_CrabSide2.bmp
  13 1.962182 -6.490724 61.214448 0.152701 0.094900 0.983705 0.527273 1.000000
  13 0.652184 -5.024116 60.640457 -0.202599 0.509799 0.836097 0.400000 0.944444
  13 -1.027823 -8.124909 60.155012 -0.337705 -0.455107 0.823913 0.654545 0.861111
ZOM2_CrabSide2.bmp
  13 -1.887823 -5.224993 57.874555 0.190700 0.889098 0.416099 0.418182 0.555556
  11 -2.737825 -5.364116 57.208783 -0.815058 0.303585 0.493475 0.418182 0.472222
  11 -2.967833 -8.179879 56.417092 -0.685802 -0.501101 0.527801 0.672727 0.388889
ZOM2_CrabSide2.bmp
  13 -3.437823 -2.252990 55.661209 -0.974324 -0.159004 -0.159404 0.145455 0.277778
  13 -3.327822 -3.565285 56.954570 0.152195 -0.479985 -0.863974 0.272727 0.444444
  13 -3.747819 -2.919276 57.843150 -0.984184 -0.104698 0.142898 0.218182 0.555556
ZOM2_Teeth1.bmp
  48 -1.589345 -6.735373 37.431704 -0.676053 -0.435670 -0.594259 0.093023 0.000000
  48 -0.959346 -8.335374 37.891701 -0.102599 -0.890286 -0.443693 0.511628 0.040816
  48 -1.339342 -6.905375 39.001704 -0.082204 -0.624932 0.776339 0.139535 0.224490
ZOM2_Teeth1.bmp
  48 -1.339342 -6.905375 39.001704 -0.082204 -0.624932 0.776339 0.139535 0.224490
  48 -0.959346 -8.335374 37.891701 -0.102599 -0.890286 -0.443693 0.511628 0.040816
  48 -0.559345 -7.055374 37.501702 0.796612 -0.391706 -0.460407 0.186047 0.000000
ZOM2_Teeth1.bmp
  46 0.586708 -6.736443 40.088546 -0.739100 0.082700 -0.668500 0.093023 0.387755
  46 0.726705 -9.152058 39.634005 -0.260013 -0.470823 -0.843041 0.720930 0.326531
  46 0.746710 -7.926923 42.088235 -0.257089 -0.863462 0.433981 0.139535 0.612245
ZOM2_Teeth1.bmp
  46 0.746710 -7.926923 42.088235 -0.257089 -0.863462 0.433981 0.139535 0.612245
  46 0.726705 -9.152058 39.634005 -0.260013 -0.470823 -0.843041 0.720930 0.326531
  46 2.256708 -6.435581 40.069026 0.697814 -0.287806 -0.655914 0.000000 0.367347
ZOM2_Teeth1.bmp
  47 -1.590443 -8.499293 45.195806 0.503082 -0.766472 0.399286 0.744186 0.489796
  47 -2.680444 -8.169371 44.917147 -0.940050 -0.327482 0.095195 0.976744 0.448980
  47 -2.210449 -10.175898 42.775849 -0.344202 -0.938704 0.019000 0.860465 1.000000
ZOM2_Teeth1.bmp
  47 -2.210449 -10.175898 42.775849 -0.344202 -0.938704 0.019000 0.860465 1.000000
  47 -2.680444 -8.169371 44.917147 -0.940050 -0.327482 0.095195 0.976744 0.448980
  47 -1.660446 -7.813393 43.318590 0.235994 0.165396 -0.957576 0.767442 0.387755
ZOM2_Teeth1.bmp
  48 -0.959346 -8.335374 37.891701 -0.102599 -0.890286 -0.443693 0.720930 0.530612
  48 -1.589345 -6.735373 37.431704 -0.676053 -0.435670 -0.594259 0.837209 0.102041
  48 -0.559345 -7.055374 37.501702 0.796612 -0.391706 -0.460407 0.511628 0.183673
ZOM2_Teeth1.bmp
  46 0.726705 -9.152058 39.634005 -0.260013 -0.470823 -0.843041 0.302326 0.755102
  46 0.586708 -6.736443 40.088546 -0.739100 0.082700 -0.668500 0.325581 0.102041
  46 2.256708 -6.435581 40.069026 0.697814 -0.287806 -0.655914 0.000000 0.000000
ZOM2_Teeth1.bmp
  47 -2.210449 -10.175898 42.775849 -0.344202 -0.938704 0.019000 0.976744 0.693878
  47 -1.660446 -7.813393 43.318590 0.235994 0.165396 -0.957576 0.372093 0.795918
  47 -1.590443 -8.499293 45.195806 0.503082 -0.766472 0.399286 0.488372 1.000000
ZOM2_CClaws3.bmp
  13 4.552142 -9.125085 46.866275 0.897600 0.273000 -0.346100 0.272727 0.055556
  13 3.672143 -9.295097 47.114461 -0.662200 0.306000 0.684000 0.000000 0.083333
  13 5.272143 -10.884984 48.661283 0.214798 0.872989 0.437895 0.454545 0.250000
ZOM2_CClaws3.bmp
  13 5.272143 -10.884984 48.661283 0.214798 0.872989 0.437895 0.454545 0.250000
  13 3.672143 -9.295097 47.114461 -0.662200 0.306000 0.684000 0.000000 0.083333
  13 4.542142 -11.477746 48.478443 -0.995690 -0.033199 0.086599 0.181818 0.222222
ZOM2_CClaws3.bmp
  13 3.672143 -9.295097 47.114461 -0.662200 0.306000 0.684000 0.000000 0.083333
  13 3.912141 -9.517438 46.562043 -0.442884 -0.625876 -0.641976 0.000000 0.000000
  13 4.542142 -11.477746 48.478443 -0.995690 -0.033199 0.086599 0.181818 0.222222
ZOM2_CClaws3.bmp
  13 4.542142 -11.477746 48.478443 -0.995690 -0.033199 0.086599 0.181818 0.222222
  13 3.912141 -9.517438 46.562043 -0.442884 -0.625876 -0.641976 0.000000 0.000000
  13 5.082140 -11.876916 48.224741 0.008699 -0.883270 -0.468784 0.363636 0.194444
ZOM2_CClaws3.bmp
  13 3.912141 -9.517438 46.562043 -0.442884 -0.625876 -0.641976 0.000000 0.000000
  13 4.552142 -9.125085 46.866275 0.897600 0.273000 -0.346100 0.272727 0.055556
  13 5.082140 -11.876916 48.224741 0.008699 -0.883270 -0.468784 0.363636 0.194444
ZOM2_CClaws3.bmp
  13 5.082140 -11.876916 48.224741 0.008699 -0.883270 -0.468784 0.363636 0.194444
  13 4.552142 -9.125085 46.866275 0.897600 0.273000 -0.346100 0.272727 0.055556
  13 5.602142 -11.467986 48.450073 0.942515 -0.015500 -0.333805 0.545455 0.222222
ZOM2_CClaws3.bmp
  13 4.552142 -9.125085 46.866275 0.897600 0.273000 -0.346100 0.272727 0.055556
  13 5.272143 -10.884984 48.661283 0.214798 0.872989 0.437895 0.454545 0.250000
  13 5.602142 -11.467986 48.450073 0.942515 -0.015500 -0.333805 0.545455 0.222222
ZOM2_CClaws3.bmp
  13 5.602142 -11.467986 48.450073 0.942515 -0.015500 -0.333805 0.545455 0.222222
  13 5.272143 -10.884984 48.661283 0.214798 0.872989 0.437895 0.454545 0.250000
  13 5.372147 -10.701317 49.940684 -0.027001 0.964849 -0.261413 0.454545 0.416667
ZOM2_CClaws3.bmp
  13 5.272143 -10.884984 48.661283 0.214798 0.872989 0.437895 0.454545 0.250000
  13 4.542142 -11.477746 48.478443 -0.995690 -0.033199 0.086599 0.181818 0.222222
  13 5.372147 -10.701317 49.940684 -0.027001 0.964849 -0.261413 0.454545 0.416667
ZOM2_CClaws3.bmp
  13 5.372147 -10.701317 49.940684 -0.027001 0.964849 -0.261413 0.454545 0.416667
  13 4.542142 -11.477746 48.478443 -0.995690 -0.033199 0.086599 0.181818 0.222222
  13 4.812147 -11.348101 50.437241 -0.922887 -0.363595 0.126798 0.272727 0.500000
ZOM2_CClaws3.bmp
  13 4.542142 -11.477746 48.478443 -0.995690 -0.033199 0.086599 0.181818 0.222222
  13 5.082140 -11.876916 48.224741 0.008699 -0.883270 -0.468784 0.363636 0.194444
  13 4.812147 -11.348101 50.437241 -0.922887 -0.363595 0.126798 0.272727 0.500000
ZOM2_CClaws3.bmp
  13 4.812147 -11.348101 50.437241 -0.922887 -0.363595 0.126798 0.272727 0.500000
  13 5.082140 -11.876916 48.224741 0.008699 -0.883270 -0.468784 0.363636 0.194444
  13 5.762146 -11.895239 50.767152 0.043198 -0.967953 0.247388 0.636364 0.555556
ZOM2_CClaws3.bmp
  13 5.082140 -11.876916 48.224741 0.008699 -0.883270 -0.468784 0.363636 0.194444
  13 5.602142 -11.467986 48.450073 0.942515 -0.015500 -0.333805 0.545455 0.222222
  13 5.762146 -11.895239 50.767152 0.043198 -0.967953 0.247388 0.636364 0.555556
ZOM2_CClaws3.bmp
  13 5.762146 -11.895239 50.767152 0.043198 -0.967953 0.247388 0.636364 0.555556
  13 5.602142 -11.467986 48.450073 0.942515 -0.015500 -0.333805 0.545455 0.222222
  13 6.282146 -11.345959 50.215888 0.960779 0.255294 -0.108298 0.818182 0.472222
ZOM2_CClaws3.bmp
  13 5.602142 -11.467986 48.450073 0.942515 -0.015500 -0.333805 0.545455 0.222222
  13 5.372147 -10.701317 49.940684 -0.027001 0.964849 -0.261413 0.454545 0.416667
  13 6.282146 -11.345959 50.215888 0.960779 0.255294 -0.108298 0.818182 0.472222
ZOM2_CClaws3.bmp
  13 6.282146 -11.345959 50.215888 0.960779 0.255294 -0.108298 0.818182 0.472222
  13 5.372147 -10.701317 49.940684 -0.027001 0.964849 -0.261413 0.454545 0.416667
  11 4.632153 -9.798253 51.817703 0.175089 -0.815549 -0.551565 0.272727 0.694444
ZOM2_CClaws3.bmp
  13 5.372147 -10.701317 49.940684 -0.027001 0.964849 -0.261413 0.454545 0.416667
  13 4.812147 -11.348101 50.437241 -0.922887 -0.363595 0.126798 0.272727 0.500000
  11 4.632153 -9.798253 51.817703 0.175089 -0.815549 -0.551565 0.272727 0.694444
ZOM2_CClaws3.bmp
  11 4.632153 -9.798253 51.817703 0.175089 -0.815549 -0.551565 0.272727 0.694444
  13 4.812147 -11.348101 50.437241 -0.922887 -0.363595 0.126798 0.272727 0.500000
  13 5.762146 -11.895239 50.767152 0.043198 -0.967953 0.247388 0.636364 0.555556
ZOM2_CClaws3.bmp
  11 5.252163 -7.534977 54.026700 0.969726 -0.239107 -0.049601 0.454545 1.000000
  13 5.192154 -10.478269 52.703645 0.712394 -0.693295 0.108799 0.454545 0.805556
  13 6.282146 -11.345959 50.215888 0.960779 0.255294 -0.108298 0.818182 0.472222
ZOM2_CClaws3.bmp
  13 6.282146 -11.345959 50.215888 0.960779 0.255294 -0.108298 0.818182 0.472222
  13 5.192154 -10.478269 52.703645 0.712394 -0.693295 0.108799 0.454545 0.805556
  13 5.762146 -11.895239 50.767152 0.043198 -0.967953 0.247388 0.636364 0.555556
ZOM2_CClaws3.bmp
  13 5.192154 -10.478269 52.703645 0.712394 -0.693295 0.108799 0.454545 0.805556
  11 4.632153 -9.798253 51.817703 0.175089 -0.815549 -0.551565 0.272727 0.694444
  13 5.762146 -11.895239 50.767152 0.043198 -0.967953 0.247388 0.636364 0.555556
ZOM2_CClaws3.bmp
  13 6.282146 -11.345959 50.215888 0.960779 0.255294 -0.108298 0.818182 0.472222
  11 4.632153 -9.798253 51.817703 0.175089 -0.815549 -0.551565 0.272727 0.694444
  11 5.252163 -7.534977 54.026700 0.969726 -0.239107 -0.049601 0.454545 1.000000
ZOM2_CClaws2.bmp
  13 -3.947855 -9.872471 48.607872 -0.480779 -0.865562 -0.140194 0.000000 0.096774
  13 -3.427855 -11.819033 50.084829 -0.257495 0.916983 0.304694 0.133333 0.290323
  13 -2.237855 -11.208539 49.417147 0.735181 0.190395 0.650583 0.466667 0.193548
ZOM2_CClaws2.bmp
  13 -2.237855 -11.208539 49.417147 0.735181 0.190395 0.650583 0.466667 0.193548
  13 -3.427855 -11.819033 50.084829 -0.257495 0.916983 0.304694 0.133333 0.290323
  13 -2.497857 -12.545405 49.982912 0.951537 -0.253710 -0.173807 0.400000 0.258065
ZOM2_CClaws2.bmp
  13 -3.427855 -11.819033 50.084829 -0.257495 0.916983 0.304694 0.133333 0.290323
  13 -0.997846 -11.045836 53.185171 -0.108006 -0.930646 -0.349617 0.800000 0.709677
  13 -2.497857 -12.545405 49.982912 0.951537 -0.253710 -0.173807 0.400000 0.258065
ZOM2_CClaws2.bmp
  13 -2.497857 -12.545405 49.982912 0.951537 -0.253710 -0.173807 0.400000 0.258065
  13 -0.997846 -11.045836 53.185171 -0.108006 -0.930646 -0.349617 0.800000 0.709677
  13 -3.207858 -13.061908 49.762862 -0.006801 -0.967440 -0.253010 0.200000 0.225806
ZOM2_CClaws2.bmp
  13 -0.997846 -11.045836 53.185171 -0.108006 -0.930646 -0.349617 0.800000 0.709677
  13 -1.887845 -10.968279 53.666614 -0.363997 -0.816692 0.447796 0.533333 0.774194
  13 -3.207858 -13.061908 49.762862 -0.006801 -0.967440 -0.253010 0.200000 0.225806
ZOM2_CClaws2.bmp
  13 -3.207858 -13.061908 49.762862 -0.006801 -0.967440 -0.253010 0.200000 0.225806
  13 -1.887845 -10.968279 53.666614 -0.363997 -0.816692 0.447796 0.533333 0.774194
  13 -3.887857 -12.682451 49.766542 -0.869976 -0.424788 0.250393 0.000000 0.258065
ZOM2_CClaws2.bmp
  13 -1.887845 -10.968279 53.666614 -0.363997 -0.816692 0.447796 0.533333 0.774194
  13 -2.757845 -10.839033 53.383251 -0.894354 0.014401 0.447127 0.333333 0.741935
  13 -3.887857 -12.682451 49.766542 -0.869976 -0.424788 0.250393 0.000000 0.258065
ZOM2_CClaws2.bmp
  13 -3.887857 -12.682451 49.766542 -0.869976 -0.424788 0.250393 0.000000 0.258065
  13 -2.757845 -10.839033 53.383251 -0.894354 0.014401 0.447127 0.333333 0.741935
  13 -3.427855 -11.819033 50.084829 -0.257495 0.916983 0.304694 0.133333 0.290323
ZOM2_CClaws2.bmp
  13 -2.757845 -10.839033 53.383251 -0.894354 0.014401 0.447127 0.333333 0.741935
  13 -1.877842 -9.587812 53.496575 -0.715887 -0.694187 0.074899 0.600000 0.741935
  13 -3.427855 -11.819033 50.084829 -0.257495 0.916983 0.304694 0.133333 0.290323
ZOM2_CClaws2.bmp
  13 -3.427855 -11.819033 50.084829 -0.257495 0.916983 0.304694 0.133333 0.290323
  13 -1.877842 -9.587812 53.496575 -0.715887 -0.694187 0.074899 0.600000 0.741935
  13 -0.997846 -11.045836 53.185171 -0.108006 -0.930646 -0.349617 0.800000 0.709677
ZOM2_CClaws2.bmp
  13 -3.427855 -11.819033 50.084829 -0.257495 0.916983 0.304694 0.133333 0.290323
  13 -3.947855 -9.872471 48.607872 -0.480779 -0.865562 -0.140194 0.000000 0.096774
  13 -3.887857 -12.682451 49.766542 -0.869976 -0.424788 0.250393 0.000000 0.258065
ZOM2_CClaws2.bmp
  13 -3.887857 -12.682451 49.766542 -0.869976 -0.424788 0.250393 0.000000 0.258065
  13 -3.947855 -9.872471 48.607872 -0.480779 -0.865562 -0.140194 0.000000 0.096774
  13 -3.207858 -13.061908 49.762862 -0.006801 -0.967440 -0.253010 0.200000 0.225806
ZOM2_CClaws2.bmp
  13 -3.947855 -9.872471 48.607872 -0.480779 -0.865562 -0.140194 0.000000 0.096774
  13 -2.827858 -10.925810 47.980985 0.087600 -0.814298 -0.573799 0.333333 0.000000
  13 -3.207858 -13.061908 49.762862 -0.006801 -0.967440 -0.253010 0.200000 0.225806
ZOM2_CClaws2.bmp
  13 -3.207858 -13.061908 49.762862 -0.006801 -0.967440 -0.253010 0.200000 0.225806
  13 -2.827858 -10.925810 47.980985 0.087600 -0.814298 -0.573799 0.333333 0.000000
  13 -2.497857 -12.545405 49.982912 0.951537 -0.253710 -0.173807 0.400000 0.258065
ZOM2_CClaws2.bmp
  13 -2.827858 -10.925810 47.980985 0.087600 -0.814298 -0.573799 0.333333 0.000000
  13 -2.237855 -11.208539 49.417147 0.735181 0.190395 0.650583 0.466667 0.193548
  13 -2.497857 -12.545405 49.982912 0.951537 -0.253710 -0.173807 0.400000 0.258065
ZOM2_CClaws2.bmp
  13 -0.797842 -11.621740 55.503971 -0.623095 -0.735994 0.264698 0.866667 1.000000
  13 -1.427839 -9.883865 55.002182 -0.739685 -0.552088 0.384792 0.666667 0.935484
  13 -1.887845 -10.968279 53.666614 -0.363997 -0.816692 0.447796 0.533333 0.774194
ZOM2_CClaws2.bmp
  13 -1.887845 -10.968279 53.666614 -0.363997 -0.816692 0.447796 0.533333 0.774194
  13 -1.427839 -9.883865 55.002182 -0.739685 -0.552088 0.384792 0.666667 0.935484
  13 -2.757845 -10.839033 53.383251 -0.894354 0.014401 0.447127 0.333333 0.741935
ZOM2_CClaws2.bmp
  13 -1.427839 -9.883865 55.002182 -0.739685 -0.552088 0.384792 0.666667 0.935484
  13 -1.877842 -9.587812 53.496575 -0.715887 -0.694187 0.074899 0.600000 0.741935
  13 -2.757845 -10.839033 53.383251 -0.894354 0.014401 0.447127 0.333333 0.741935
ZOM2_CClaws2.bmp
  13 -2.827858 -10.925810 47.980985 0.087600 -0.814298 -0.573799 0.333333 0.000000
  13 -1.877842 -9.587812 53.496575 -0.715887 -0.694187 0.074899 0.600000 0.741935
  13 -2.237855 -11.208539 49.417147 0.735181 0.190395 0.650583 0.466667 0.193548
ZOM2_CClaws2.bmp
  13 -0.997846 -11.045836 53.185171 -0.108006 -0.930646 -0.349617 0.800000 0.709677
  13 -0.797842 -11.621740 55.503971 -0.623095 -0.735994 0.264698 0.866667 1.000000
  13 -1.887845 -10.968279 53.666614 -0.363997 -0.816692 0.447796 0.533333 0.774194
SCIZOM3_Arm_R1.bmp
  31 -7.272105 -1.210175 43.600229 0.951034 0.219007 -0.218108 0.684211 0.428571
  31 -9.520705 0.936507 40.894614 0.099098 0.970181 0.221196 0.421053 0.244898
  31 -8.211854 0.355995 44.140584 0.529602 0.831403 0.168201 0.578947 0.469388
SCIZOM3_Arm_R1.bmp
  31 -8.211854 0.355995 44.140584 0.529602 0.831403 0.168201 0.578947 0.469388
  31 -9.520705 0.936507 40.894614 0.099098 0.970181 0.221196 0.421053 0.244898
  31 -9.927861 -0.171592 44.420538 -0.581098 0.699598 0.415799 0.368421 0.489796
SCIZOM3_Arm_R1.bmp
  31 -9.520705 0.936507 40.894614 0.099098 0.970181 0.221196 0.421053 0.244898
  31 -11.009726 -1.231702 43.642956 -0.952292 0.164599 0.256998 0.210526 0.428571
  31 -9.927861 -0.171592 44.420538 -0.581098 0.699598 0.415799 0.368421 0.489796
SCIZOM3_Arm_R1.bmp
  31 -9.927861 -0.171592 44.420538 -0.581098 0.699598 0.415799 0.368421 0.489796
  31 -11.009726 -1.231702 43.642956 -0.952292 0.164599 0.256998 0.210526 0.428571
  31 -9.478398 -3.959134 47.884035 -0.980589 0.034600 0.192998 0.421053 0.673469
SCIZOM3_Arm_R1.bmp
  31 -11.009726 -1.231702 43.642956 -0.952292 0.164599 0.256998 0.210526 0.428571
  31 -10.691543 -1.722842 38.935712 -0.709896 -0.661096 -0.242899 0.263158 0.142857
  31 -9.478398 -3.959134 47.884035 -0.980589 0.034600 0.192998 0.421053 0.673469
SCIZOM3_Arm_R1.bmp
  31 -9.478398 -3.959134 47.884035 -0.980589 0.034600 0.192998 0.421053 0.673469
  31 -10.691543 -1.722842 38.935712 -0.709896 -0.661096 -0.242899 0.263158 0.142857
  31 -8.816883 -6.651414 47.601677 -0.654091 -0.670990 -0.349195 0.526316 0.653061
SCIZOM3_Arm_R1.bmp
  31 -10.691543 -1.722842 38.935712 -0.709896 -0.661096 -0.242899 0.263158 0.142857
  31 -9.039228 -2.069961 38.571895 0.417785 -0.646476 -0.638376 0.421053 0.122449
  31 -8.816883 -6.651414 47.601677 -0.654091 -0.670990 -0.349195 0.526316 0.653061
SCIZOM3_Arm_R1.bmp
  31 -8.816883 -6.651414 47.601677 -0.654091 -0.670990 -0.349195 0.526316 0.653061
  31 -9.039228 -2.069961 38.571895 0.417785 -0.646476 -0.638376 0.421053 0.122449
  31 -7.153922 -7.565118 47.530209 0.568505 -0.663706 -0.486104 0.736842 0.653061
SCIZOM3_Arm_R1.bmp
  31 -9.039228 -2.069961 38.571895 0.417785 -0.646476 -0.638376 0.421053 0.122449
  31 -7.272105 -1.210175 43.600229 0.951034 0.219007 -0.218108 0.684211 0.428571
  31 -7.153922 -7.565118 47.530209 0.568505 -0.663706 -0.486104 0.736842 0.653061
SCIZOM3_Arm_R1.bmp
  31 -7.153922 -7.565118 47.530209 0.568505 -0.663706 -0.486104 0.736842 0.653061
  31 -7.272105 -1.210175 43.600229 0.951034 0.219007 -0.218108 0.684211 0.428571
  11 -6.187845 -3.846837 47.629831 0.988529 0.150504 -0.012600 0.842105 0.653061
SCIZOM3_Arm_R1.bmp
  31 -7.272105 -1.210175 43.600229 0.951034 0.219007 -0.218108 0.684211 0.428571
  31 -8.211854 0.355995 44.140584 0.529602 0.831403 0.168201 0.578947 0.469388
  11 -6.187845 -3.846837 47.629831 0.988529 0.150504 -0.012600 0.842105 0.653061
SCIZOM3_Arm_R1.bmp
  11 -6.187845 -3.846837 47.629831 0.988529 0.150504 -0.012600 0.842105 0.653061
  31 -8.211854 0.355995 44.140584 0.529602 0.831403 0.168201 0.578947 0.469388
  31 -7.213594 -2.200102 49.188746 0.200605 0.913823 0.353109 0.736842 0.734694
SCIZOM3_Arm_R1.bmp
  31 -8.211854 0.355995 44.140584 0.529602 0.831403 0.168201 0.578947 0.469388
  31 -9.927861 -0.171592 44.420538 -0.581098 0.699598 0.415799 0.368421 0.489796
  31 -7.213594 -2.200102 49.188746 0.200605 0.913823 0.353109 0.736842 0.734694
SCIZOM3_Arm_R1.bmp
  31 -7.213594 -2.200102 49.188746 0.200605 0.913823 0.353109 0.736842 0.734694
  31 -9.927861 -0.171592 44.420538 -0.581098 0.699598 0.415799 0.368421 0.489796
  31 -8.748224 -2.755704 48.947052 -0.669088 0.640289 0.377294 0.526316 0.734694
SCIZOM3_Arm_R1.bmp
  31 -9.927861 -0.171592 44.420538 -0.581098 0.699598 0.415799 0.368421 0.489796
  31 -9.478398 -3.959134 47.884035 -0.980589 0.034600 0.192998 0.421053 0.673469
  31 -8.748224 -2.755704 48.947052 -0.669088 0.640289 0.377294 0.526316 0.734694
SCIZOM3_Arm_R1.bmp
  31 -8.748224 -2.755704 48.947052 -0.669088 0.640289 0.377294 0.526316 0.734694
  31 -9.478398 -3.959134 47.884035 -0.980589 0.034600 0.192998 0.421053 0.673469
  31 -9.575300 -5.955862 51.994581 -0.958917 -0.049101 0.279405 0.421053 0.897959
SCIZOM3_Arm_R1.bmp
  31 -9.478398 -3.959134 47.884035 -0.980589 0.034600 0.192998 0.421053 0.673469
  31 -8.816883 -6.651414 47.601677 -0.654091 -0.670990 -0.349195 0.526316 0.653061
  31 -9.575300 -5.955862 51.994581 -0.958917 -0.049101 0.279405 0.421053 0.897959
SCIZOM3_Arm_R1.bmp
  31 -9.575300 -5.955862 51.994581 -0.958917 -0.049101 0.279405 0.421053 0.897959
  31 -8.816883 -6.651414 47.601677 -0.654091 -0.670990 -0.349195 0.526316 0.653061
  31 -8.273952 -9.468629 50.988818 -0.647971 -0.760566 0.040898 0.578947 0.836735
SCIZOM3_Arm_R1.bmp
  31 -8.816883 -6.651414 47.601677 -0.654091 -0.670990 -0.349195 0.526316 0.653061
  31 -7.190078 -9.731790 51.574961 0.563903 -0.809005 -0.165901 0.736842 0.877551
  31 -8.273952 -9.468629 50.988818 -0.647971 -0.760566 0.040898 0.578947 0.836735
SCIZOM3_Arm_R1.bmp
  31 -8.273952 -9.468629 50.988818 -0.647971 -0.760566 0.040898 0.578947 0.836735
  31 -7.190078 -9.731790 51.574961 0.563903 -0.809005 -0.165901 0.736842 0.877551
  31 -7.260244 -8.917221 53.149685 -0.240407 -0.549116 0.800423 0.684211 0.959184
SCIZOM3_Arm_R1.bmp
  31 -7.190078 -9.731790 51.574961 0.563903 -0.809005 -0.165901 0.736842 0.877551
  31 -6.416660 -6.505224 53.124444 0.934312 -0.050201 0.352904 0.842105 0.959184
  31 -7.260244 -8.917221 53.149685 -0.240407 -0.549116 0.800423 0.684211 0.959184
SCIZOM3_Arm_R1.bmp
  31 -7.260244 -8.917221 53.149685 -0.240407 -0.549116 0.800423 0.684211 0.959184
  31 -6.416660 -6.505224 53.124444 0.934312 -0.050201 0.352904 0.842105 0.959184
  31 -7.254602 -5.953125 54.130197 0.059003 -0.078704 0.995150 0.684211 1.000000
SCIZOM3_Arm_R1.bmp
  31 -6.416660 -6.505224 53.124444 0.934312 -0.050201 0.352904 0.842105 0.959184
  31 -7.429316 -4.435718 53.916069 0.568410 0.423108 0.705613 0.684211 1.000000
  31 -7.254602 -5.953125 54.130197 0.059003 -0.078704 0.995150 0.684211 1.000000
SCIZOM3_Arm_R1.bmp
  31 -7.254602 -5.953125 54.130197 0.059003 -0.078704 0.995150 0.684211 1.000000
  31 -7.429316 -4.435718 53.916069 0.568410 0.423108 0.705613 0.684211 1.000000
  31 -8.275791 -4.539767 53.344008 -0.683220 0.358911 0.635919 0.578947 0.959184
SCIZOM3_Arm_R1.bmp
  31 -7.429316 -4.435718 53.916069 0.568410 0.423108 0.705613 0.684211 1.000000
  31 -6.666980 -2.724414 50.942858 0.200605 0.913823 0.353109 0.789474 0.836735
  31 -8.275791 -4.539767 53.344008 -0.683220 0.358911 0.635919 0.578947 0.959184
SCIZOM3_Arm_R1.bmp
  31 -8.275791 -4.539767 53.344008 -0.683220 0.358911 0.635919 0.578947 0.959184
  31 -6.666980 -2.724414 50.942858 0.200605 0.913823 0.353109 0.789474 0.836735
  31 -8.748224 -2.755704 48.947052 -0.669088 0.640289 0.377294 0.526316 0.734694
SCIZOM3_Arm_R1.bmp
  31 -6.666980 -2.724414 50.942858 0.200605 0.913823 0.353109 0.789474 0.836735
  31 -7.213594 -2.200102 49.188746 0.200605 0.913823 0.353109 0.736842 0.734694
  31 -8.748224 -2.755704 48.947052 -0.669088 0.640289 0.377294 0.526316 0.734694
SCIZOM3_Arm_R1.bmp
  31 -9.520705 0.936507 40.894614 0.099098 0.970181 0.221196 0.421053 0.244898
  31 -12.023714 -0.364785 39.642184 -0.980589 0.034600 0.192998 0.105263 0.183673
  31 -11.009726 -1.231702 43.642956 -0.952292 0.164599 0.256998 0.210526 0.428571
SCIZOM3_Arm_R1.bmp
  31 -11.009726 -1.231702 43.642956 -0.952292 0.164599 0.256998 0.210526 0.428571
  31 -12.023714 -0.364785 39.642184 -0.980589 0.034600 0.192998 0.105263 0.183673
  31 -10.691543 -1.722842 38.935712 -0.709896 -0.661096 -0.242899 0.263158 0.142857
SCIZOM3_Arm_R1.bmp
  31 -12.023714 -0.364785 39.642184 -0.980589 0.034600 0.192998 0.105263 0.183673
  32 -10.823883 0.053419 36.743708 -0.192195 -0.930174 -0.312791 0.263158 0.020408
  31 -10.691543 -1.722842 38.935712 -0.709896 -0.661096 -0.242899 0.263158 0.142857
SCIZOM3_Arm_R1.bmp
  31 -10.691543 -1.722842 38.935712 -0.709896 -0.661096 -0.242899 0.263158 0.142857
  32 -10.823883 0.053419 36.743708 -0.192195 -0.930174 -0.312791 0.263158 0.020408
  31 -9.039228 -2.069961 38.571895 0.417785 -0.646476 -0.638376 0.421053 0.122449
SCIZOM3_Arm_R1.bmp
  32 -10.823883 0.053419 36.743708 -0.192195 -0.930174 -0.312791 0.263158 0.020408
  32 -9.521488 2.016982 36.224011 0.842478 0.499186 -0.202595 0.421053 0.000000
  31 -9.039228 -2.069961 38.571895 0.417785 -0.646476 -0.638376 0.421053 0.122449
SCIZOM3_Arm_R1.bmp
  31 -9.039228 -2.069961 38.571895 0.417785 -0.646476 -0.638376 0.421053 0.122449
  32 -9.521488 2.016982 36.224011 0.842478 0.499186 -0.202595 0.421053 0.000000
  31 -8.503042 -0.282033 39.364117 0.948122 0.266906 -0.172704 0.526316 0.163265
SCIZOM3_Arm_R1.bmp
  32 -9.521488 2.016982 36.224011 0.842478 0.499186 -0.202595 0.421053 0.000000
  31 -9.520705 0.936507 40.894614 0.099098 0.970181 0.221196 0.421053 0.244898
  31 -8.503042 -0.282033 39.364117 0.948122 0.266906 -0.172704 0.526316 0.163265
SCIZOM3_Arm_R1.bmp
  31 -8.503042 -0.282033 39.364117 0.948122 0.266906 -0.172704 0.526316 0.163265
  31 -9.520705 0.936507 40.894614 0.099098 0.970181 0.221196 0.421053 0.244898
  31 -7.272105 -1.210175 43.600229 0.951034 0.219007 -0.218108 0.684211 0.428571
SCIZOM3_Arm_R1.bmp
  11 -6.187845 -3.846837 47.629831 0.988529 0.150504 -0.012600 0.842105 0.653061
  31 -7.190078 -9.731790 51.574961 0.563903 -0.809005 -0.165901 0.736842 0.877551
  31 -7.153922 -7.565118 47.530209 0.568505 -0.663706 -0.486104 0.736842 0.653061
SCIZOM3_Arm_R1.bmp
  11 -6.187845 -3.846837 47.629831 0.988529 0.150504 -0.012600 0.842105 0.653061
  31 -6.416660 -6.505224 53.124444 0.934312 -0.050201 0.352904 0.842105 0.959184
  31 -7.190078 -9.731790 51.574961 0.563903 -0.809005 -0.165901 0.736842 0.877551
SCIZOM3_Arm_R1.bmp
  11 -6.187845 -3.846837 47.629831 0.988529 0.150504 -0.012600 0.842105 0.653061
  31 -7.429316 -4.435718 53.916069 0.568410 0.423108 0.705613 0.684211 1.000000
  31 -6.416660 -6.505224 53.124444 0.934312 -0.050201 0.352904 0.842105 0.959184
SCIZOM3_Arm_R1.bmp
  11 -6.187845 -3.846837 47.629831 0.988529 0.150504 -0.012600 0.842105 0.653061
  31 -6.666980 -2.724414 50.942858 0.200605 0.913823 0.353109 0.789474 0.836735
  31 -7.429316 -4.435718 53.916069 0.568410 0.423108 0.705613 0.684211 1.000000
SCIZOM3_Arm_R1.bmp
  11 -6.187845 -3.846837 47.629831 0.988529 0.150504 -0.012600 0.842105 0.653061
  31 -7.213594 -2.200102 49.188746 0.200605 0.913823 0.353109 0.736842 0.734694
  31 -6.666980 -2.724414 50.942858 0.200605 0.913823 0.353109 0.789474 0.836735
SCIZOM3_Arm_R1.bmp
  32 -9.521488 2.016982 36.224011 0.842478 0.499186 -0.202595 0.421053 0.000000
  31 -11.211336 2.327574 37.568987 -0.203702 0.891108 0.405503 0.210526 0.061224
  31 -9.520705 0.936507 40.894614 0.099098 0.970181 0.221196 0.421053 0.244898
SCIZOM3_Arm_R1.bmp
  31 -9.520705 0.936507 40.894614 0.099098 0.970181 0.221196 0.421053 0.244898
  31 -11.211336 2.327574 37.568987 -0.203702 0.891108 0.405503 0.210526 0.061224
  31 -12.023714 -0.364785 39.642184 -0.980589 0.034600 0.192998 0.105263 0.183673
SCIZOM3_Arm_R1.bmp
  31 -11.211336 2.327574 37.568987 -0.203702 0.891108 0.405503 0.210526 0.061224
  32 -12.521449 1.598327 37.287149 -0.914875 0.303992 0.265693 0.000000 0.061224
  31 -12.023714 -0.364785 39.642184 -0.980589 0.034600 0.192998 0.105263 0.183673
SCIZOM3_Arm_R1.bmp
  31 -12.023714 -0.364785 39.642184 -0.980589 0.034600 0.192998 0.105263 0.183673
  32 -12.521449 1.598327 37.287149 -0.914875 0.303992 0.265693 0.000000 0.061224
  32 -10.823883 0.053419 36.743708 -0.192195 -0.930174 -0.312791 0.263158 0.020408
SCIZOM3_Arm_R1.bmp
  31 -8.748224 -2.755704 48.947052 -0.669088 0.640289 0.377294 0.526316 0.734694
  31 -9.575300 -5.955862 51.994581 -0.958917 -0.049101 0.279405 0.421053 0.897959
  31 -8.275791 -4.539767 53.344008 -0.683220 0.358911 0.635919 0.578947 0.959184
SCIZOM3_Arm_R1.bmp
  31 -8.275791 -4.539767 53.344008 -0.683220 0.358911 0.635919 0.578947 0.959184
  31 -9.575300 -5.955862 51.994581 -0.958917 -0.049101 0.279405 0.421053 0.897959
  31 -7.260244 -8.917221 53.149685 -0.240407 -0.549116 0.800423 0.684211 0.959184
SCIZOM3_Arm_R1.bmp
  31 -9.575300 -5.955862 51.994581 -0.958917 -0.049101 0.279405 0.421053 0.897959
  31 -8.273952 -9.468629 50.988818 -0.647971 -0.760566 0.040898 0.578947 0.836735
  31 -7.260244 -8.917221 53.149685 -0.240407 -0.549116 0.800423 0.684211 0.959184
SCIZOM3_Arm_R1.bmp
  31 -9.039228 -2.069961 38.571895 0.417785 -0.646476 -0.638376 0.421053 0.122449
  31 -8.503042 -0.282033 39.364117 0.948122 0.266906 -0.172704 0.526316 0.163265
  31 -7.272105 -1.210175 43.600229 0.951034 0.219007 -0.218108 0.684211 0.428571
SCIZOM3_Arm_R1.bmp
  31 -8.275791 -4.539767 53.344008 -0.683220 0.358911 0.635919 0.578947 0.959184
  31 -7.260244 -8.917221 53.149685 -0.240407 -0.549116 0.800423 0.684211 0.959184
  31 -7.254602 -5.953125 54.130197 0.059003 -0.078704 0.995150 0.684211 1.000000
SCIZOM3_Arm_R1.bmp
  31 -7.190078 -9.731790 51.574961 0.563903 -0.809005 -0.165901 0.736842 0.877551
  31 -8.816883 -6.651414 47.601677 -0.654091 -0.670990 -0.349195 0.526316 0.653061
  31 -7.153922 -7.565118 47.530209 0.568505 -0.663706 -0.486104 0.736842 0.653061
ZOM3_Claw1.bmp
  22 14.354448 5.102784 16.155691 -0.937743 0.228811 0.261312 0.641026 0.082192
  22 14.736861 5.061845 15.870587 -0.015900 -0.658188 -0.752686 0.615385 0.068493
  21 14.384550 3.957012 17.734870 -0.971106 -0.238601 0.004700 0.641026 0.150685
ZOM3_Claw1.bmp
  21 14.384550 3.957012 17.734870 -0.971106 -0.238601 0.004700 0.641026 0.150685
  22 14.736861 5.061845 15.870587 -0.015900 -0.658188 -0.752686 0.615385 0.068493
  21 14.967584 3.695525 17.485279 -0.174208 -0.773937 -0.608829 0.589744 0.136986
ZOM3_Claw1.bmp
  22 14.736861 5.061845 15.870587 -0.015900 -0.658188 -0.752686 0.615385 0.068493
  21 15.857530 2.759062 19.033579 0.992324 0.018300 -0.122303 0.512821 0.232877
  21 14.967584 3.695525 17.485279 -0.174208 -0.773937 -0.608829 0.589744 0.136986
ZOM3_Claw1.bmp
  21 14.967584 3.695525 17.485279 -0.174208 -0.773937 -0.608829 0.589744 0.136986
  21 15.857530 2.759062 19.033579 0.992324 0.018300 -0.122303 0.512821 0.232877
  17 15.685407 1.262588 20.393068 -0.136098 -0.764586 -0.629988 0.538462 0.287671
ZOM3_Claw1.bmp
  21 15.857530 2.759062 19.033579 0.992324 0.018300 -0.122303 0.512821 0.232877
  17 16.272303 1.868601 20.351829 0.061201 0.395304 -0.916509 0.487179 0.287671
  17 15.685407 1.262588 20.393068 -0.136098 -0.764586 -0.629988 0.538462 0.287671
ZOM3_Claw1.bmp
  17 15.685407 1.262588 20.393068 -0.136098 -0.764586 -0.629988 0.538462 0.287671
  17 16.272303 1.868601 20.351829 0.061201 0.395304 -0.916509 0.487179 0.287671
  17 17.249905 1.134984 20.719660 0.200693 -0.863669 -0.462383 0.410256 0.301370
ZOM3_Claw1.bmp
  17 16.272303 1.868601 20.351829 0.061201 0.395304 -0.916509 0.487179 0.287671
  24 17.041299 2.368254 19.203752 -0.957750 0.189310 -0.216511 0.435897 0.232877
  17 17.249905 1.134984 20.719660 0.200693 -0.863669 -0.462383 0.410256 0.301370
ZOM3_Claw1.bmp
  17 17.249905 1.134984 20.719660 0.200693 -0.863669 -0.462383 0.410256 0.301370
  24 17.041299 2.368254 19.203752 -0.957750 0.189310 -0.216511 0.435897 0.232877
  24 17.617589 3.308238 17.139770 -0.968271 0.128896 -0.214094 0.384615 0.123288
ZOM3_Claw1.bmp
  24 17.041299 2.368254 19.203752 -0.957750 0.189310 -0.216511 0.435897 0.232877
  24 17.366406 2.781030 19.468366 -0.184705 0.944027 0.273308 0.410256 0.246575
  24 17.617589 3.308238 17.139770 -0.968271 0.128896 -0.214094 0.384615 0.123288
ZOM3_Claw1.bmp
  24 17.617589 3.308238 17.139770 -0.968271 0.128896 -0.214094 0.384615 0.123288
  24 17.366406 2.781030 19.468366 -0.184705 0.944027 0.273308 0.410256 0.246575
  24 18.662757 3.283967 17.483768 0.992901 0.039200 0.112300 0.282051 0.136986
ZOM3_Claw1.bmp
  24 17.366406 2.781030 19.468366 -0.184705 0.944027 0.273308 0.410256 0.246575
  24 18.060087 2.346545 19.561803 0.950221 0.246705 0.190304 0.333333 0.260274
  24 18.662757 3.283967 17.483768 0.992901 0.039200 0.112300 0.282051 0.136986
ZOM3_Claw1.bmp
  24 18.662757 3.283967 17.483768 0.992901 0.039200 0.112300 0.282051 0.136986
  24 18.060087 2.346545 19.561803 0.950221 0.246705 0.190304 0.333333 0.260274
  17 17.249905 1.134984 20.719660 0.200693 -0.863669 -0.462383 0.410256 0.301370
ZOM3_Claw1.bmp
  24 18.060087 2.346545 19.561803 0.950221 0.246705 0.190304 0.333333 0.260274
  17 17.920053 1.813949 20.946836 0.693707 0.099101 -0.713407 0.358974 0.315068
  17 17.249905 1.134984 20.719660 0.200693 -0.863669 -0.462383 0.410256 0.301370
ZOM3_Claw1.bmp
  17 17.249905 1.134984 20.719660 0.200693 -0.863669 -0.462383 0.410256 0.301370
  17 17.920053 1.813949 20.946836 0.693707 0.099101 -0.713407 0.358974 0.315068
  17 18.445040 1.227993 21.320660 0.394719 -0.806038 -0.441021 0.307692 0.328767
ZOM3_Claw1.bmp
  17 17.920053 1.813949 20.946836 0.693707 0.099101 -0.713407 0.358974 0.315068
  27 18.813181 2.678998 20.013473 -0.882189 0.369196 -0.292296 0.282051 0.273973
  17 18.445040 1.227993 21.320660 0.394719 -0.806038 -0.441021 0.307692 0.328767
ZOM3_Claw1.bmp
  17 18.445040 1.227993 21.320660 0.394719 -0.806038 -0.441021 0.307692 0.328767
  27 18.813181 2.678998 20.013473 -0.882189 0.369196 -0.292296 0.282051 0.273973
  27 19.938619 4.031608 18.759546 -0.927186 0.365895 -0.080299 0.179487 0.205479
ZOM3_Claw1.bmp
  27 18.813181 2.678998 20.013473 -0.882189 0.369196 -0.292296 0.282051 0.273973
  27 19.274471 3.003553 20.547117 -0.376108 0.799518 0.468310 0.256410 0.301370
  27 19.938619 4.031608 18.759546 -0.927186 0.365895 -0.080299 0.179487 0.205479
ZOM3_Claw1.bmp
  27 19.938619 4.031608 18.759546 -0.927186 0.365895 -0.080299 0.179487 0.205479
  27 19.274471 3.003553 20.547117 -0.376108 0.799518 0.468310 0.256410 0.301370
  27 20.869313 3.883331 19.334282 0.851205 0.023600 0.524303 0.102564 0.219178
ZOM3_Claw1.bmp
  27 19.274471 3.003553 20.547117 -0.376108 0.799518 0.468310 0.256410 0.301370
  17 18.788403 1.966937 21.537144 0.417505 0.746009 0.518806 0.282051 0.342466
  27 20.869313 3.883331 19.334282 0.851205 0.023600 0.524303 0.102564 0.219178
ZOM3_Claw1.bmp
  27 20.869313 3.883331 19.334282 0.851205 0.023600 0.524303 0.102564 0.219178
  17 18.788403 1.966937 21.537144 0.417505 0.746009 0.518806 0.282051 0.342466
  17 18.445040 1.227993 21.320660 0.394719 -0.806038 -0.441021 0.307692 0.328767
ZOM3_Claw1.bmp
  17 18.788403 1.966937 21.537144 0.417505 0.746009 0.518806 0.282051 0.342466
  16 16.390938 1.029787 25.580695 0.916878 -0.183496 0.354491 0.461538 0.506849
  17 18.445040 1.227993 21.320660 0.394719 -0.806038 -0.441021 0.307692 0.328767
ZOM3_Claw1.bmp
  17 18.445040 1.227993 21.320660 0.394719 -0.806038 -0.441021 0.307692 0.328767
  16 16.390938 1.029787 25.580695 0.916878 -0.183496 0.354491 0.461538 0.506849
  17 17.249905 1.134984 20.719660 0.200693 -0.863669 -0.462383 0.410256 0.301370
ZOM3_Claw1.bmp
  16 16.390938 1.029787 25.580695 0.916878 -0.183496 0.354491 0.461538 0.506849
  17 14.388020 0.597766 23.188386 -0.293108 -0.822921 -0.486712 0.641026 0.397260
  17 17.249905 1.134984 20.719660 0.200693 -0.863669 -0.462383 0.410256 0.301370
ZOM3_Claw1.bmp
  17 17.249905 1.134984 20.719660 0.200693 -0.863669 -0.462383 0.410256 0.301370
  17 14.388020 0.597766 23.188386 -0.293108 -0.822921 -0.486712 0.641026 0.397260
  17 15.685407 1.262588 20.393068 -0.136098 -0.764586 -0.629988 0.538462 0.287671
ZOM3_Claw1.bmp
  17 14.388020 0.597766 23.188386 -0.293108 -0.822921 -0.486712 0.641026 0.397260
  17 14.982722 2.022397 20.486469 -0.750085 0.658687 -0.059199 0.589744 0.287671
  17 15.685407 1.262588 20.393068 -0.136098 -0.764586 -0.629988 0.538462 0.287671
ZOM3_Claw1.bmp
  17 15.685407 1.262588 20.393068 -0.136098 -0.764586 -0.629988 0.538462 0.287671
  17 14.982722 2.022397 20.486469 -0.750085 0.658687 -0.059199 0.589744 0.287671
  21 14.861575 2.682165 19.156705 -0.938417 -0.336306 -0.079201 0.615385 0.232877
ZOM3_Claw1.bmp
  17 14.982722 2.022397 20.486469 -0.750085 0.658687 -0.059199 0.589744 0.287671
  21 15.217359 3.092313 19.401851 -0.301582 0.635062 0.711157 0.564103 0.246575
  21 14.861575 2.682165 19.156705 -0.938417 -0.336306 -0.079201 0.615385 0.232877
ZOM3_Claw1.bmp
  21 14.861575 2.682165 19.156705 -0.938417 -0.336306 -0.079201 0.615385 0.232877
  21 15.217359 3.092313 19.401851 -0.301582 0.635062 0.711157 0.564103 0.246575
  21 14.384550 3.957012 17.734870 -0.971106 -0.238601 0.004700 0.641026 0.150685
ZOM3_Claw1.bmp
  21 15.217359 3.092313 19.401851 -0.301582 0.635062 0.711157 0.564103 0.246575
  21 14.893398 4.524534 18.068924 -0.073102 0.824228 0.561519 0.589744 0.164384
  21 14.384550 3.957012 17.734870 -0.971106 -0.238601 0.004700 0.641026 0.150685
ZOM3_Claw1.bmp
  21 14.384550 3.957012 17.734870 -0.971106 -0.238601 0.004700 0.641026 0.150685
  21 14.893398 4.524534 18.068924 -0.073102 0.824228 0.561519 0.589744 0.164384
  22 14.354448 5.102784 16.155691 -0.937743 0.228811 0.261312 0.641026 0.082192
ZOM3_Claw1.bmp
  21 14.893398 4.524534 18.068924 -0.073102 0.824228 0.561519 0.589744 0.164384
  22 15.097923 5.192877 16.095453 0.922913 0.324304 -0.207503 0.589744 0.082192
  22 14.354448 5.102784 16.155691 -0.937743 0.228811 0.261312 0.641026 0.082192
ZOM3_Claw1.bmp
  22 14.354448 5.102784 16.155691 -0.937743 0.228811 0.261312 0.641026 0.082192
  22 15.097923 5.192877 16.095453 0.922913 0.324304 -0.207503 0.589744 0.082192
  22 14.853692 7.284853 15.393109 0.688912 0.265904 0.674311 0.589744 0.054795
ZOM3_Claw1.bmp
  22 15.097923 5.192877 16.095453 0.922913 0.324304 -0.207503 0.589744 0.082192
  22 14.387393 7.304613 14.928270 -0.039701 -0.144403 -0.988722 0.641026 0.027397
  22 14.853692 7.284853 15.393109 0.688912 0.265904 0.674311 0.589744 0.054795
ZOM3_Claw1.bmp
  22 14.853692 7.284853 15.393109 0.688912 0.265904 0.674311 0.589744 0.054795
  22 14.387393 7.304613 14.928270 -0.039701 -0.144403 -0.988722 0.641026 0.027397
  23 14.035919 10.664899 16.384135 -0.075001 0.692911 -0.717112 0.666667 0.095890
ZOM3_Claw1.bmp
  22 14.387393 7.304613 14.928270 -0.039701 -0.144403 -0.988722 0.641026 0.027397
  22 13.973112 7.163104 15.453575 -0.887575 -0.072098 0.454987 0.666667 0.054795
  23 14.035919 10.664899 16.384135 -0.075001 0.692911 -0.717112 0.666667 0.095890
ZOM3_Claw1.bmp
  23 14.035919 10.664899 16.384135 -0.075001 0.692911 -0.717112 0.666667 0.095890
  22 13.973112 7.163104 15.453575 -0.887575 -0.072098 0.454987 0.666667 0.054795
  22 14.853692 7.284853 15.393109 0.688912 0.265904 0.674311 0.589744 0.054795
ZOM3_Claw1.bmp
  22 13.973112 7.163104 15.453575 -0.887575 -0.072098 0.454987 0.666667 0.054795
  22 14.354448 5.102784 16.155691 -0.937743 0.228811 0.261312 0.641026 0.082192
  22 14.853692 7.284853 15.393109 0.688912 0.265904 0.674311 0.589744 0.054795
ZOM3_Claw1.bmp
  33 -16.865661 1.233945 20.890701 -0.599503 0.151501 -0.785903 0.358974 0.315068
  33 -16.021265 0.540556 20.712358 -0.162002 -0.864007 -0.476704 0.435897 0.301370
  33 -17.387807 0.637648 21.259473 -0.393600 -0.811399 -0.432100 0.333333 0.328767
ZOM3_Claw1.bmp
  33 -17.387807 0.637648 21.259473 -0.393600 -0.811399 -0.432100 0.333333 0.328767
  33 -16.021265 0.540556 20.712358 -0.162002 -0.864007 -0.476704 0.435897 0.301370
  32 -15.961496 0.454966 24.835345 -0.916977 -0.225794 0.328892 0.435897 0.506849
ZOM3_Claw1.bmp
  33 -16.021265 0.540556 20.712358 -0.162002 -0.864007 -0.476704 0.435897 0.301370
  33 -13.368415 0.013398 22.645618 0.286105 -0.806814 -0.516909 0.641026 0.397260
  32 -15.961496 0.454966 24.835345 -0.916977 -0.225794 0.328892 0.435897 0.506849
ZOM3_Claw1.bmp
  32 -15.961496 0.454966 24.835345 -0.916977 -0.225794 0.328892 0.435897 0.506849
  33 -13.368415 0.013398 22.645618 0.286105 -0.806814 -0.516909 0.641026 0.397260
  32 -13.850588 -0.283197 24.523444 0.369692 -0.928980 -0.018000 0.615385 0.493151
ZOM3_Claw1.bmp
  33 -13.368415 0.013398 22.645618 0.286105 -0.806814 -0.516909 0.641026 0.397260
  34 -11.373917 1.534019 22.354859 0.300482 -0.767055 -0.566866 0.794872 0.369863
  32 -13.850588 -0.283197 24.523444 0.369692 -0.928980 -0.018000 0.615385 0.493151
ZOM3_Claw1.bmp
  32 -13.850588 -0.283197 24.523444 0.369692 -0.928980 -0.018000 0.615385 0.493151
  34 -11.373917 1.534019 22.354859 0.300482 -0.767055 -0.566866 0.794872 0.369863
  34 -10.868292 1.593886 22.619734 0.788494 -0.580296 0.203799 0.846154 0.383562
ZOM3_Claw1.bmp
  34 -11.373917 1.534019 22.354859 0.300482 -0.767055 -0.566866 0.794872 0.369863
  35 -10.182683 2.992840 21.028806 0.021800 -0.649203 -0.760303 0.923077 0.315068
  34 -10.868292 1.593886 22.619734 0.788494 -0.580296 0.203799 0.846154 0.383562
ZOM3_Claw1.bmp
  34 -10.868292 1.593886 22.619734 0.788494 -0.580296 0.203799 0.846154 0.383562
  35 -10.182683 2.992840 21.028806 0.021800 -0.649203 -0.760303 0.923077 0.315068
  35 -9.762072 3.273635 21.137158 0.925529 0.116804 0.360211 0.948718 0.315068
ZOM3_Claw1.bmp
  35 -10.182683 2.992840 21.028806 0.021800 -0.649203 -0.760303 0.923077 0.315068
  36 -10.660290 5.869095 18.787484 -0.745698 -0.315599 -0.586798 0.871795 0.232877
  35 -9.762072 3.273635 21.137158 0.925529 0.116804 0.360211 0.948718 0.315068
ZOM3_Claw1.bmp
  35 -9.762072 3.273635 21.137158 0.925529 0.116804 0.360211 0.948718 0.315068
  36 -10.660290 5.869095 18.787484 -0.745698 -0.315599 -0.586798 0.871795 0.232877
  35 -10.591920 3.586898 21.346486 -0.556895 0.688894 0.463996 0.871795 0.328767
ZOM3_Claw1.bmp
  36 -10.660290 5.869095 18.787484 -0.745698 -0.315599 -0.586798 0.871795 0.232877
  35 -10.584651 3.349885 21.239378 -0.909876 0.020200 -0.414389 0.871795 0.328767
  35 -10.591920 3.586898 21.346486 -0.556895 0.688894 0.463996 0.871795 0.328767
ZOM3_Claw1.bmp
  35 -10.591920 3.586898 21.346486 -0.556895 0.688894 0.463996 0.871795 0.328767
  35 -10.584651 3.349885 21.239378 -0.909876 0.020200 -0.414389 0.871795 0.328767
  34 -11.585585 2.126585 23.014983 -0.246988 0.810463 0.531175 0.794872 0.410959
ZOM3_Claw1.bmp
  35 -10.584651 3.349885 21.239378 -0.909876 0.020200 -0.414389 0.871795 0.328767
  34 -11.721661 1.849433 22.147763 -0.546003 0.232401 -0.804904 0.769231 0.369863
  34 -11.585585 2.126585 23.014983 -0.246988 0.810463 0.531175 0.794872 0.410959
ZOM3_Claw1.bmp
  34 -11.585585 2.126585 23.014983 -0.246988 0.810463 0.531175 0.794872 0.410959
  34 -11.721661 1.849433 22.147763 -0.546003 0.232401 -0.804904 0.769231 0.369863
  32 -13.120653 0.945961 24.653314 0.539496 0.789994 0.291298 0.692308 0.493151
ZOM3_Claw1.bmp
  34 -11.721661 1.849433 22.147763 -0.546003 0.232401 -0.804904 0.769231 0.369863
  33 -13.179329 1.366647 22.422089 0.140001 0.978306 -0.152701 0.666667 0.383562
  32 -13.120653 0.945961 24.653314 0.539496 0.789994 0.291298 0.692308 0.493151
ZOM3_Claw1.bmp
  32 -13.120653 0.945961 24.653314 0.539496 0.789994 0.291298 0.692308 0.493151
  33 -13.179329 1.366647 22.422089 0.140001 0.978306 -0.152701 0.666667 0.383562
  32 -15.961496 0.454966 24.835345 -0.916977 -0.225794 0.328892 0.435897 0.506849
ZOM3_Claw1.bmp
  33 -13.179329 1.366647 22.422089 0.140001 0.978306 -0.152701 0.666667 0.383562
  33 -16.301803 1.843916 21.047546 -0.095202 0.995219 -0.021800 0.410256 0.328767
  32 -15.961496 0.454966 24.835345 -0.916977 -0.225794 0.328892 0.435897 0.506849
ZOM3_Claw1.bmp
  32 -15.961496 0.454966 24.835345 -0.916977 -0.225794 0.328892 0.435897 0.506849
  33 -16.301803 1.843916 21.047546 -0.095202 0.995219 -0.021800 0.410256 0.328767
  43 -17.735336 1.390160 21.472528 -0.485708 0.738912 0.467008 0.307692 0.342466
ZOM3_Claw1.bmp
  33 -16.301803 1.843916 21.047546 -0.095202 0.995219 -0.021800 0.410256 0.328767
  33 -16.865661 1.233945 20.890701 -0.599503 0.151501 -0.785903 0.358974 0.315068
  43 -17.735336 1.390160 21.472528 -0.485708 0.738912 0.467008 0.307692 0.342466
ZOM3_Claw1.bmp
  43 -17.735336 1.390160 21.472528 -0.485708 0.738912 0.467008 0.307692 0.342466
  33 -16.865661 1.233945 20.890701 -0.599503 0.151501 -0.785903 0.358974 0.315068
  40 -17.705057 2.102794 19.779846 0.892176 0.361290 -0.271093 0.307692 0.273973
ZOM3_Claw1.bmp
  33 -16.865661 1.233945 20.890701 -0.599503 0.151501 -0.785903 0.358974 0.315068
  33 -17.387807 0.637648 21.259473 -0.393600 -0.811399 -0.432100 0.333333 0.328767
  40 -17.705057 2.102794 19.779846 0.892176 0.361290 -0.271093 0.307692 0.273973
ZOM3_Claw1.bmp
  40 -17.705057 2.102794 19.779846 0.892176 0.361290 -0.271093 0.307692 0.273973
  33 -17.387807 0.637648 21.259473 -0.393600 -0.811399 -0.432100 0.333333 0.328767
  43 -18.810584 3.450478 18.565255 0.823491 0.214797 -0.525094 0.205128 0.205479
ZOM3_Claw1.bmp
  33 -17.387807 0.637648 21.259473 -0.393600 -0.811399 -0.432100 0.333333 0.328767
  43 -19.449324 3.234408 18.522545 -0.304594 -0.600688 -0.739186 0.128205 0.205479
  43 -18.810584 3.450478 18.565255 0.823491 0.214797 -0.525094 0.205128 0.205479
ZOM3_Claw1.bmp
  43 -18.810584 3.450478 18.565255 0.823491 0.214797 -0.525094 0.205128 0.205479
  43 -19.449324 3.234408 18.522545 -0.304594 -0.600688 -0.739186 0.128205 0.205479
  44 -20.090881 7.641196 17.495500 0.983492 0.128899 -0.126999 0.076923 0.150685
ZOM3_Claw1.bmp
  43 -19.449324 3.234408 18.522545 -0.304594 -0.600688 -0.739186 0.128205 0.205479
  44 -20.667998 7.723891 17.250148 -0.595993 -0.028300 -0.802491 0.051282 0.150685
  44 -20.090881 7.641196 17.495500 0.983492 0.128899 -0.126999 0.076923 0.150685
ZOM3_Claw1.bmp
  44 -20.090881 7.641196 17.495500 0.983492 0.128899 -0.126999 0.076923 0.150685
  44 -20.667998 7.723891 17.250148 -0.595993 -0.028300 -0.802491 0.051282 0.150685
  45 -19.902998 11.173761 19.386746 -0.018200 0.795490 -0.605693 0.102564 0.246575
ZOM3_Claw1.bmp
  44 -20.667998 7.723891 17.250148 -0.595993 -0.028300 -0.802491 0.051282 0.150685
  44 -20.846114 7.546828 17.959953 -0.615488 -0.063499 0.785584 0.025641 0.178082
  45 -19.902998 11.173761 19.386746 -0.018200 0.795490 -0.605693 0.102564 0.246575
ZOM3_Claw1.bmp
  45 -19.902998 11.173761 19.386746 -0.018200 0.795490 -0.605693 0.102564 0.246575
  44 -20.846114 7.546828 17.959953 -0.615488 -0.063499 0.785584 0.025641 0.178082
  44 -20.090881 7.641196 17.495500 0.983492 0.128899 -0.126999 0.076923 0.150685
ZOM3_Claw1.bmp
  44 -20.846114 7.546828 17.959953 -0.615488 -0.063499 0.785584 0.025641 0.178082
  43 -19.744640 3.310440 19.133698 -0.639425 0.195708 0.743529 0.128205 0.232877
  44 -20.090881 7.641196 17.495500 0.983492 0.128899 -0.126999 0.076923 0.150685
ZOM3_Claw1.bmp
  44 -20.090881 7.641196 17.495500 0.983492 0.128899 -0.126999 0.076923 0.150685
  43 -19.744640 3.310440 19.133698 -0.639425 0.195708 0.743529 0.128205 0.232877
  43 -18.810584 3.450478 18.565255 0.823491 0.214797 -0.525094 0.205128 0.205479
ZOM3_Claw1.bmp
  43 -19.744640 3.310440 19.133698 -0.639425 0.195708 0.743529 0.128205 0.232877
  40 -18.168923 2.425899 20.315133 0.152897 0.781184 0.605288 0.256410 0.301370
  43 -18.810584 3.450478 18.565255 0.823491 0.214797 -0.525094 0.205128 0.205479
ZOM3_Claw1.bmp
  43 -18.810584 3.450478 18.565255 0.823491 0.214797 -0.525094 0.205128 0.205479
  40 -18.168923 2.425899 20.315133 0.152897 0.781184 0.605288 0.256410 0.301370
  40 -17.705057 2.102794 19.779846 0.892176 0.361290 -0.271093 0.307692 0.273973
ZOM3_Claw1.bmp
  40 -18.168923 2.425899 20.315133 0.152897 0.781184 0.605288 0.256410 0.301370
  43 -17.735336 1.390160 21.472528 -0.485708 0.738912 0.467008 0.307692 0.342466
  40 -17.705057 2.102794 19.779846 0.892176 0.361290 -0.271093 0.307692 0.273973
ZOM3_Claw1.bmp
  15 12.313671 1.718080 37.597283 0.269192 0.955569 0.120096 0.820513 1.000000
  15 13.642250 -0.275245 36.945412 0.985830 -0.020401 0.166505 0.717949 0.972603
  16 12.327198 1.879462 36.871907 -0.005900 0.929059 0.369884 0.820513 0.972603
ZOM3_Claw1.bmp
  16 12.327198 1.879462 36.871907 -0.005900 0.929059 0.369884 0.820513 0.972603
  15 13.642250 -0.275245 36.945412 0.985830 -0.020401 0.166505 0.717949 0.972603
  16 14.441001 1.710888 34.441758 0.977726 -0.060402 0.201005 0.641026 0.876712
ZOM3_Claw1.bmp
  15 13.642250 -0.275245 36.945412 0.985830 -0.020401 0.166505 0.717949 0.972603
  16 11.934557 -1.373875 36.598534 0.161504 -0.964225 -0.210205 0.846154 0.958904
  16 14.441001 1.710888 34.441758 0.977726 -0.060402 0.201005 0.641026 0.876712
ZOM3_Claw1.bmp
  16 14.441001 1.710888 34.441758 0.977726 -0.060402 0.201005 0.641026 0.876712
  16 11.934557 -1.373875 36.598534 0.161504 -0.964225 -0.210205 0.846154 0.958904
  16 13.693796 0.273083 30.405311 -0.186795 -0.979973 -0.068998 0.692308 0.698630
ZOM3_Claw1.bmp
  16 11.934557 -1.373875 36.598534 0.161504 -0.964225 -0.210205 0.846154 0.958904
  16 10.779996 1.820740 33.231231 -0.963818 0.040901 -0.263405 0.948718 0.821918
  16 13.693796 0.273083 30.405311 -0.186795 -0.979973 -0.068998 0.692308 0.698630
ZOM3_Claw1.bmp
  16 13.693796 0.273083 30.405311 -0.186795 -0.979973 -0.068998 0.692308 0.698630
  16 10.779996 1.820740 33.231231 -0.963818 0.040901 -0.263405 0.948718 0.821918
  16 12.615380 1.102350 30.106254 -0.851919 0.313307 -0.419610 0.794872 0.684932
ZOM3_Claw1.bmp
  16 10.779996 1.820740 33.231231 -0.963818 0.040901 -0.263405 0.948718 0.821918
  16 12.770854 2.765811 33.210643 0.100101 0.987005 -0.125701 0.769231 0.821918
  16 12.615380 1.102350 30.106254 -0.851919 0.313307 -0.419610 0.794872 0.684932
ZOM3_Claw1.bmp
  16 12.615380 1.102350 30.106254 -0.851919 0.313307 -0.419610 0.794872 0.684932
  16 12.770854 2.765811 33.210643 0.100101 0.987005 -0.125701 0.769231 0.821918
  16 13.702443 1.671385 30.026923 0.156500 0.986501 -0.048200 0.692308 0.684932
ZOM3_Claw1.bmp
  16 12.770854 2.765811 33.210643 0.100101 0.987005 -0.125701 0.769231 0.821918
  16 14.782223 0.460181 30.916506 0.982716 0.105802 0.151903 0.615385 0.726027
  16 13.702443 1.671385 30.026923 0.156500 0.986501 -0.048200 0.692308 0.684932
ZOM3_Claw1.bmp
  16 13.702443 1.671385 30.026923 0.156500 0.986501 -0.048200 0.692308 0.684932
  16 14.782223 0.460181 30.916506 0.982716 0.105802 0.151903 0.615385 0.726027
  16 16.390938 1.029787 25.580695 0.916878 -0.183496 0.354491 0.461538 0.506849
ZOM3_Claw1.bmp
  16 14.782223 0.460181 30.916506 0.982716 0.105802 0.151903 0.615385 0.726027
  16 13.693796 0.273083 30.405311 -0.186795 -0.979973 -0.068998 0.692308 0.698630
  16 16.390938 1.029787 25.580695 0.916878 -0.183496 0.354491 0.461538 0.506849
ZOM3_Claw1.bmp
  16 16.390938 1.029787 25.580695 0.916878 -0.183496 0.354491 0.461538 0.506849
  16 13.693796 0.273083 30.405311 -0.186795 -0.979973 -0.068998 0.692308 0.698630
  16 14.748911 0.308457 25.131330 -0.306106 -0.951017 -0.043201 0.615385 0.493151
ZOM3_Claw1.bmp
  16 13.693796 0.273083 30.405311 -0.186795 -0.979973 -0.068998 0.692308 0.698630
  16 13.733992 1.539374 25.172339 -0.499610 0.789217 0.357108 0.692308 0.493151
  16 14.748911 0.308457 25.131330 -0.306106 -0.951017 -0.043201 0.615385 0.493151
ZOM3_Claw1.bmp
  16 14.748911 0.308457 25.131330 -0.306106 -0.951017 -0.043201 0.615385 0.493151
  16 13.733992 1.539374 25.172339 -0.499610 0.789217 0.357108 0.692308 0.493151
  18 11.822419 2.191196 23.342573 -0.778978 -0.602283 0.174495 0.820513 0.383562
ZOM3_Claw1.bmp
  16 13.733992 1.539374 25.172339 -0.499610 0.789217 0.357108 0.692308 0.493151
  18 12.529486 2.703381 23.732857 0.312504 0.795009 0.519906 0.769231 0.397260
  18 11.822419 2.191196 23.342573 -0.778978 -0.602283 0.174495 0.820513 0.383562
ZOM3_Claw1.bmp
  18 11.822419 2.191196 23.342573 -0.778978 -0.602283 0.174495 0.820513 0.383562
  18 12.529486 2.703381 23.732857 0.312504 0.795009 0.519906 0.769231 0.397260
  19 10.630774 3.861345 21.923879 -0.862751 0.181390 0.471973 0.948718 0.315068
ZOM3_Claw1.bmp
  18 12.529486 2.703381 23.732857 0.312504 0.795009 0.519906 0.769231 0.397260
  19 11.583233 4.176645 21.788577 0.671281 0.658781 0.339690 0.871795 0.328767
  19 10.630774 3.861345 21.923879 -0.862751 0.181390 0.471973 0.948718 0.315068
ZOM3_Claw1.bmp
  19 10.630774 3.861345 21.923879 -0.862751 0.181390 0.471973 0.948718 0.315068
  19 11.583233 4.176645 21.788577 0.671281 0.658781 0.339690 0.871795 0.328767
  20 11.061982 6.449901 19.539391 0.487297 -0.360398 -0.795396 0.871795 0.219178
ZOM3_Claw1.bmp
  19 11.583233 4.176645 21.788577 0.671281 0.658781 0.339690 0.871795 0.328767
  19 11.581405 3.938226 21.678337 0.809883 -0.084398 -0.580488 0.871795 0.315068
  20 11.061982 6.449901 19.539391 0.487297 -0.360398 -0.795396 0.871795 0.219178
ZOM3_Claw1.bmp
  20 11.061982 6.449901 19.539391 0.487297 -0.360398 -0.795396 0.871795 0.219178
  19 11.581405 3.938226 21.678337 0.809883 -0.084398 -0.580488 0.871795 0.315068
  19 11.061869 3.588895 21.809300 -0.223905 -0.681916 -0.696316 0.897436 0.315068
ZOM3_Claw1.bmp
  19 11.581405 3.938226 21.678337 0.809883 -0.084398 -0.580488 0.871795 0.315068
  18 12.744278 2.438723 22.691262 0.446512 0.113703 -0.887524 0.769231 0.369863
  19 11.061869 3.588895 21.809300 -0.223905 -0.681916 -0.696316 0.897436 0.315068
ZOM3_Claw1.bmp
  19 11.061869 3.588895 21.809300 -0.223905 -0.681916 -0.696316 0.897436 0.315068
  18 12.744278 2.438723 22.691262 0.446512 0.113703 -0.887524 0.769231 0.369863
  18 12.316383 2.120274 23.078814 -0.366197 -0.776294 -0.513096 0.794872 0.369863
ZOM3_Claw1.bmp
  18 12.744278 2.438723 22.691262 0.446512 0.113703 -0.887524 0.769231 0.369863
  17 14.388020 0.597766 23.188386 -0.293108 -0.822921 -0.486712 0.641026 0.397260
  18 12.316383 2.120274 23.078814 -0.366197 -0.776294 -0.513096 0.794872 0.369863
ZOM3_Claw1.bmp
  18 12.316383 2.120274 23.078814 -0.366197 -0.776294 -0.513096 0.794872 0.369863
  17 14.388020 0.597766 23.188386 -0.293108 -0.822921 -0.486712 0.641026 0.397260
  16 14.748911 0.308457 25.131330 -0.306106 -0.951017 -0.043201 0.615385 0.493151
ZOM3_Claw1.bmp
  17 14.388020 0.597766 23.188386 -0.293108 -0.822921 -0.486712 0.641026 0.397260
  16 16.390938 1.029787 25.580695 0.916878 -0.183496 0.354491 0.461538 0.506849
  16 14.748911 0.308457 25.131330 -0.306106 -0.951017 -0.043201 0.615385 0.493151
ZOM3_Claw1.bmp
  40 -16.493083 2.729307 16.945785 0.961607 0.225501 -0.156401 0.384615 0.136986
  41 -17.452814 6.901997 14.286986 0.989081 0.132897 0.063699 0.307692 0.013699
  41 -18.300281 6.900196 14.559011 -0.443623 0.359518 0.820942 0.230769 0.027397
ZOM3_Claw1.bmp
  41 -18.300281 6.900196 14.559011 -0.443623 0.359518 0.820942 0.230769 0.027397
  41 -17.452814 6.901997 14.286986 0.989081 0.132897 0.063699 0.307692 0.013699
  42 -17.757764 11.321838 14.775296 -0.255505 0.496609 -0.829516 0.282051 0.041096
ZOM3_Claw1.bmp
  41 -17.452814 6.901997 14.286986 0.989081 0.132897 0.063699 0.307692 0.013699
  41 -18.033427 6.928036 13.933700 -0.280801 -0.348901 -0.894102 0.256410 0.000000
  42 -17.757764 11.321838 14.775296 -0.255505 0.496609 -0.829516 0.282051 0.041096
ZOM3_Claw1.bmp
  42 -17.757764 11.321838 14.775296 -0.255505 0.496609 -0.829516 0.282051 0.041096
  41 -18.033427 6.928036 13.933700 -0.280801 -0.348901 -0.894102 0.256410 0.000000
  41 -18.300281 6.900196 14.559011 -0.443623 0.359518 0.820942 0.230769 0.027397
ZOM3_Claw1.bmp
  41 -18.033427 6.928036 13.933700 -0.280801 -0.348901 -0.894102 0.256410 0.000000
  40 -17.540299 2.705088 17.282908 -0.990459 0.043998 0.130595 0.307692 0.150685
  41 -18.300281 6.900196 14.559011 -0.443623 0.359518 0.820942 0.230769 0.027397
ZOM3_Claw1.bmp
  41 -18.300281 6.900196 14.559011 -0.443623 0.359518 0.820942 0.230769 0.027397
  40 -17.540299 2.705088 17.282908 -0.990459 0.043998 0.130595 0.307692 0.150685
  40 -16.493083 2.729307 16.945785 0.961607 0.225501 -0.156401 0.384615 0.136986
ZOM3_Claw1.bmp
  40 -17.540299 2.705088 17.282908 -0.990459 0.043998 0.130595 0.307692 0.150685
  40 -16.347859 2.014570 19.489279 0.071898 0.968675 0.237694 0.410256 0.260274
  40 -16.493083 2.729307 16.945785 0.961607 0.225501 -0.156401 0.384615 0.136986
ZOM3_Claw1.bmp
  40 -16.493083 2.729307 16.945785 0.961607 0.225501 -0.156401 0.384615 0.136986
  40 -16.347859 2.014570 19.489279 0.071898 0.968675 0.237694 0.410256 0.260274
  40 -15.879816 1.785396 19.219623 0.858554 0.456475 -0.233487 0.435897 0.246575
ZOM3_Claw1.bmp
  40 -16.347859 2.014570 19.489279 0.071898 0.968675 0.237694 0.410256 0.260274
  33 -16.301803 1.843916 21.047546 -0.095202 0.995219 -0.021800 0.410256 0.328767
  40 -15.879816 1.785396 19.219623 0.858554 0.456475 -0.233487 0.435897 0.246575
ZOM3_Claw1.bmp
  40 -15.879816 1.785396 19.219623 0.858554 0.456475 -0.233487 0.435897 0.246575
  33 -16.301803 1.843916 21.047546 -0.095202 0.995219 -0.021800 0.410256 0.328767
  40 -15.028679 1.293325 20.330808 -0.078900 0.393801 -0.915803 0.512821 0.287671
ZOM3_Claw1.bmp
  33 -16.301803 1.843916 21.047546 -0.095202 0.995219 -0.021800 0.410256 0.328767
  33 -13.738745 1.443966 20.475380 0.744376 0.663479 -0.075498 0.615385 0.301370
  40 -15.028679 1.293325 20.330808 -0.078900 0.393801 -0.915803 0.512821 0.287671
ZOM3_Claw1.bmp
  40 -15.028679 1.293325 20.330808 -0.078900 0.393801 -0.915803 0.512821 0.287671
  33 -13.738745 1.443966 20.475380 0.744376 0.663479 -0.075498 0.615385 0.301370
  37 -14.694917 2.179995 19.011860 -0.995794 0.024800 -0.088199 0.538462 0.232877
ZOM3_Claw1.bmp
  33 -13.738745 1.443966 20.475380 0.744376 0.663479 -0.075498 0.615385 0.301370
  37 -14.073674 2.509629 19.376276 0.311410 0.666121 0.677722 0.589744 0.246575
  37 -14.694917 2.179995 19.011860 -0.995794 0.024800 -0.088199 0.538462 0.232877
ZOM3_Claw1.bmp
  37 -14.694917 2.179995 19.011860 -0.995794 0.024800 -0.088199 0.538462 0.232877
  37 -14.073674 2.509629 19.376276 0.311410 0.666121 0.677722 0.589744 0.246575
  37 -13.772471 3.934162 17.877449 0.069596 0.842253 0.534570 0.615385 0.178082
ZOM3_Claw1.bmp
  37 -14.073674 2.509629 19.376276 0.311410 0.666121 0.677722 0.589744 0.246575
  37 -13.265569 3.370933 17.548019 0.997076 0.014099 0.075098 0.641026 0.164384
  37 -13.772471 3.934162 17.877449 0.069596 0.842253 0.534570 0.615385 0.178082
ZOM3_Claw1.bmp
  37 -13.772471 3.934162 17.877449 0.069596 0.842253 0.534570 0.615385 0.178082
  37 -13.265569 3.370933 17.548019 0.997076 0.014099 0.075098 0.641026 0.164384
  37 -13.983867 4.603075 15.894908 -0.694206 0.655006 0.298403 0.589744 0.082192
ZOM3_Claw1.bmp
  37 -13.265569 3.370933 17.548019 0.997076 0.014099 0.075098 0.641026 0.164384
  37 -13.239127 4.518224 15.946512 0.960030 -0.169805 -0.222507 0.641026 0.082192
  37 -13.983867 4.603075 15.894908 -0.694206 0.655006 0.298403 0.589744 0.082192
ZOM3_Claw1.bmp
  37 -13.983867 4.603075 15.894908 -0.694206 0.655006 0.298403 0.589744 0.082192
  37 -13.239127 4.518224 15.946512 0.960030 -0.169805 -0.222507 0.641026 0.082192
  38 -12.850381 6.579389 15.256954 0.617609 0.112402 0.778412 0.692308 0.054795
ZOM3_Claw1.bmp
  37 -13.239127 4.518224 15.946512 0.960030 -0.169805 -0.222507 0.641026 0.082192
  38 -13.286734 6.715711 14.793583 0.024400 -0.130198 -0.991188 0.641026 0.041096
  38 -12.850381 6.579389 15.256954 0.617609 0.112402 0.778412 0.692308 0.054795
ZOM3_Claw1.bmp
  38 -12.850381 6.579389 15.256954 0.617609 0.112402 0.778412 0.692308 0.054795
  38 -13.286734 6.715711 14.793583 0.024400 -0.130198 -0.991188 0.641026 0.041096
  39 -12.910209 10.069391 16.187195 0.001000 0.609096 -0.793096 0.692308 0.095890
ZOM3_Claw1.bmp
  38 -13.286734 6.715711 14.793583 0.024400 -0.130198 -0.991188 0.641026 0.041096
  38 -13.733365 6.693939 15.199351 -0.933513 0.165802 0.317904 0.615385 0.054795
  39 -12.910209 10.069391 16.187195 0.001000 0.609096 -0.793096 0.692308 0.095890
ZOM3_Claw1.bmp
  39 -12.910209 10.069391 16.187195 0.001000 0.609096 -0.793096 0.692308 0.095890
  38 -13.733365 6.693939 15.199351 -0.933513 0.165802 0.317904 0.615385 0.054795
  38 -12.850381 6.579389 15.256954 0.617609 0.112402 0.778412 0.692308 0.054795
ZOM3_Claw1.bmp
  38 -13.733365 6.693939 15.199351 -0.933513 0.165802 0.317904 0.615385 0.054795
  37 -13.983867 4.603075 15.894908 -0.694206 0.655006 0.298403 0.589744 0.082192
  38 -12.850381 6.579389 15.256954 0.617609 0.112402 0.778412 0.692308 0.054795
ZOM3_Claw1.bmp
  32 -9.521488 2.016982 36.224011 0.842478 0.499186 -0.202595 0.948718 0.931507
  31 -11.219944 2.489639 36.841483 -0.119700 0.992703 0.014600 0.794872 0.958904
  31 -11.211336 2.327574 37.568987 -0.203702 0.891108 0.405503 0.794872 0.986301
ZOM3_Claw1.bmp
  31 -11.211336 2.327574 37.568987 -0.203702 0.891108 0.405503 0.794872 0.986301
  31 -11.219944 2.489639 36.841483 -0.119700 0.992703 0.014600 0.794872 0.958904
  32 -12.521449 1.598327 37.287149 -0.914875 0.303992 0.265693 0.692308 0.972603
ZOM3_Claw1.bmp
  31 -11.219944 2.489639 36.841483 -0.119700 0.992703 0.014600 0.794872 0.958904
  32 -13.598265 1.122320 34.133946 -0.962498 -0.017900 0.270699 0.589744 0.876712
  32 -12.521449 1.598327 37.287149 -0.914875 0.303992 0.265693 0.692308 0.972603
ZOM3_Claw1.bmp
  32 -12.521449 1.598327 37.287149 -0.914875 0.303992 0.265693 0.692308 0.972603
  32 -13.598265 1.122320 34.133946 -0.962498 -0.017900 0.270699 0.589744 0.876712
  32 -10.823883 0.053419 36.743708 -0.192195 -0.930174 -0.312791 0.846154 0.945205
ZOM3_Claw1.bmp
  32 -13.598265 1.122320 34.133946 -0.962498 -0.017900 0.270699 0.589744 0.876712
  32 -12.874564 -0.318457 30.108301 0.226392 -0.973866 -0.018199 0.666667 0.698630
  32 -10.823883 0.053419 36.743708 -0.192195 -0.930174 -0.312791 0.846154 0.945205
ZOM3_Claw1.bmp
  32 -10.823883 0.053419 36.743708 -0.192195 -0.930174 -0.312791 0.846154 0.945205
  32 -12.874564 -0.318457 30.108301 0.226392 -0.973866 -0.018199 0.666667 0.698630
  32 -9.951991 1.231936 32.925986 0.928621 0.155203 -0.337008 0.897436 0.821918
ZOM3_Claw1.bmp
  32 -12.874564 -0.318457 30.108301 0.226392 -0.973866 -0.018199 0.666667 0.698630
  32 -11.777526 0.521256 29.809489 0.881720 0.241105 -0.405509 0.743590 0.684932
  32 -9.951991 1.231936 32.925986 0.928621 0.155203 -0.337008 0.897436 0.821918
ZOM3_Claw1.bmp
  32 -9.951991 1.231936 32.925986 0.928621 0.155203 -0.337008 0.897436 0.821918
  32 -11.777526 0.521256 29.809489 0.881720 0.241105 -0.405509 0.743590 0.684932
  32 -11.941664 2.170248 32.917508 -0.089597 0.973675 -0.209595 0.743590 0.821918
ZOM3_Claw1.bmp
  32 -11.777526 0.521256 29.809489 0.881720 0.241105 -0.405509 0.743590 0.684932
  32 -12.871206 1.347361 29.798725 -0.083498 0.994577 -0.061999 0.666667 0.684932
  32 -11.941664 2.170248 32.917508 -0.089597 0.973675 -0.209595 0.743590 0.821918
ZOM3_Claw1.bmp
  32 -11.941664 2.170248 32.917508 -0.089597 0.973675 -0.209595 0.743590 0.821918
  32 -12.871206 1.347361 29.798725 -0.083498 0.994577 -0.061999 0.666667 0.684932
  32 -14.344831 -0.129358 30.472247 -0.972942 0.138806 0.184708 0.538462 0.712329
ZOM3_Claw1.bmp
  32 -12.871206 1.347361 29.798725 -0.083498 0.994577 -0.061999 0.666667 0.684932
  32 -15.961496 0.454966 24.835345 -0.916977 -0.225794 0.328892 0.435897 0.506849
  32 -14.344831 -0.129358 30.472247 -0.972942 0.138806 0.184708 0.538462 0.712329
ZOM3_Claw1.bmp
  32 -14.344831 -0.129358 30.472247 -0.972942 0.138806 0.184708 0.538462 0.712329
  32 -15.961496 0.454966 24.835345 -0.916977 -0.225794 0.328892 0.435897 0.506849
  32 -12.874564 -0.318457 30.108301 0.226392 -0.973866 -0.018199 0.666667 0.698630
ZOM3_Claw1.bmp
  32 -15.961496 0.454966 24.835345 -0.916977 -0.225794 0.328892 0.435897 0.506849
  32 -13.850588 -0.283197 24.523444 0.369692 -0.928980 -0.018000 0.615385 0.493151
  32 -12.874564 -0.318457 30.108301 0.226392 -0.973866 -0.018199 0.666667 0.698630
ZOM3_Claw1.bmp
  32 -12.874564 -0.318457 30.108301 0.226392 -0.973866 -0.018199 0.666667 0.698630
  32 -13.850588 -0.283197 24.523444 0.369692 -0.928980 -0.018000 0.615385 0.493151
  32 -13.120653 0.945961 24.653314 0.539496 0.789994 0.291298 0.692308 0.493151
ZOM3_Claw1.bmp
  32 -13.850588 -0.283197 24.523444 0.369692 -0.928980 -0.018000 0.615385 0.493151
  34 -10.868292 1.593886 22.619734 0.788494 -0.580296 0.203799 0.846154 0.383562
  32 -13.120653 0.945961 24.653314 0.539496 0.789994 0.291298 0.692308 0.493151
ZOM3_Claw1.bmp
  32 -13.120653 0.945961 24.653314 0.539496 0.789994 0.291298 0.692308 0.493151
  34 -10.868292 1.593886 22.619734 0.788494 -0.580296 0.203799 0.846154 0.383562
  34 -11.585585 2.126585 23.014983 -0.246988 0.810463 0.531175 0.794872 0.410959
ZOM3_Claw1.bmp
  34 -10.868292 1.593886 22.619734 0.788494 -0.580296 0.203799 0.846154 0.383562
  35 -9.762072 3.273635 21.137158 0.925529 0.116804 0.360211 0.948718 0.315068
  34 -11.585585 2.126585 23.014983 -0.246988 0.810463 0.531175 0.794872 0.410959
ZOM3_Claw1.bmp
  34 -11.585585 2.126585 23.014983 -0.246988 0.810463 0.531175 0.794872 0.410959
  35 -9.762072 3.273635 21.137158 0.925529 0.116804 0.360211 0.948718 0.315068
  35 -10.591920 3.586898 21.346486 -0.556895 0.688894 0.463996 0.871795 0.328767
ZOM3_Claw1.bmp
  34 -11.721661 1.849433 22.147763 -0.546003 0.232401 -0.804904 0.769231 0.369863
  33 -13.368415 0.013398 22.645618 0.286105 -0.806814 -0.516909 0.641026 0.397260
  33 -13.179329 1.366647 22.422089 0.140001 0.978306 -0.152701 0.666667 0.383562
ZOM3_Claw1.bmp
  33 -13.179329 1.366647 22.422089 0.140001 0.978306 -0.152701 0.666667 0.383562
  33 -13.368415 0.013398 22.645618 0.286105 -0.806814 -0.516909 0.641026 0.397260
  33 -13.738745 1.443966 20.475380 0.744376 0.663479 -0.075498 0.615385 0.301370
ZOM3_Claw1.bmp
  33 -13.368415 0.013398 22.645618 0.286105 -0.806814 -0.516909 0.641026 0.397260
  33 -14.445564 0.675110 20.385001 0.131602 -0.762211 -0.633810 0.564103 0.287671
  33 -13.738745 1.443966 20.475380 0.744376 0.663479 -0.075498 0.615385 0.301370
ZOM3_Claw1.bmp
  33 -13.738745 1.443966 20.475380 0.744376 0.663479 -0.075498 0.615385 0.301370
  33 -14.445564 0.675110 20.385001 0.131602 -0.762211 -0.633810 0.564103 0.287671
  37 -13.704778 2.098778 19.126441 0.946095 -0.309798 -0.094499 0.615385 0.232877
ZOM3_Claw1.bmp
  33 -14.445564 0.675110 20.385001 0.131602 -0.762211 -0.633810 0.564103 0.287671
  37 -13.842661 3.113312 17.286874 0.150302 -0.786510 -0.599008 0.615385 0.150685
  37 -13.704778 2.098778 19.126441 0.946095 -0.309798 -0.094499 0.615385 0.232877
ZOM3_Claw1.bmp
  37 -13.704778 2.098778 19.126441 0.946095 -0.309798 -0.094499 0.615385 0.232877
  37 -13.842661 3.113312 17.286874 0.150302 -0.786510 -0.599008 0.615385 0.150685
  37 -13.265569 3.370933 17.548019 0.997076 0.014099 0.075098 0.641026 0.164384
ZOM3_Claw1.bmp
  37 -13.842661 3.113312 17.286874 0.150302 -0.786510 -0.599008 0.615385 0.150685
  37 -13.603815 4.465777 15.668390 -0.010200 -0.653479 -0.756876 0.615385 0.082192
  37 -13.265569 3.370933 17.548019 0.997076 0.014099 0.075098 0.641026 0.164384
ZOM3_Claw1.bmp
  37 -13.265569 3.370933 17.548019 0.997076 0.014099 0.075098 0.641026 0.164384
  37 -13.603815 4.465777 15.668390 -0.010200 -0.653479 -0.756876 0.615385 0.082192
  37 -13.239127 4.518224 15.946512 0.960030 -0.169805 -0.222507 0.641026 0.082192
ZOM3_Claw1.bmp
  37 -13.603815 4.465777 15.668390 -0.010200 -0.653479 -0.756876 0.615385 0.082192
  38 -13.286734 6.715711 14.793583 0.024400 -0.130198 -0.991188 0.641026 0.041096
  37 -13.239127 4.518224 15.946512 0.960030 -0.169805 -0.222507 0.641026 0.082192
ZOM3_Claw1.bmp
  17 17.540176 2.433298 21.048331 0.097896 0.995061 -0.016399 0.384615 0.315068
  16 16.390938 1.029787 25.580695 0.916878 -0.183496 0.354491 0.461538 0.506849
  17 18.788403 1.966937 21.537144 0.417505 0.746009 0.518806 0.282051 0.342466
ZOM3_Claw1.bmp
  17 17.540176 2.433298 21.048331 0.097896 0.995061 -0.016399 0.384615 0.315068
  17 14.197595 1.952630 22.963041 -0.135099 0.978995 -0.152699 0.666667 0.383562
  16 16.390938 1.029787 25.580695 0.916878 -0.183496 0.354491 0.461538 0.506849
ZOM3_Claw1.bmp
  17 17.540176 2.433298 21.048331 0.097896 0.995061 -0.016399 0.384615 0.315068
  17 14.982722 2.022397 20.486469 -0.750085 0.658687 -0.059199 0.589744 0.287671
  17 14.197595 1.952630 22.963041 -0.135099 0.978995 -0.152699 0.666667 0.383562
ZOM3_Claw1.bmp
  17 17.540176 2.433298 21.048331 0.097896 0.995061 -0.016399 0.384615 0.315068
  17 16.272303 1.868601 20.351829 0.061201 0.395304 -0.916509 0.487179 0.287671
  17 14.982722 2.022397 20.486469 -0.750085 0.658687 -0.059199 0.589744 0.287671
ZOM3_Claw1.bmp
  17 17.540176 2.433298 21.048331 0.097896 0.995061 -0.016399 0.384615 0.315068
  24 17.041299 2.368254 19.203752 -0.957750 0.189310 -0.216511 0.435897 0.232877
  17 16.272303 1.868601 20.351829 0.061201 0.395304 -0.916509 0.487179 0.287671
ZOM3_Claw1.bmp
  17 17.540176 2.433298 21.048331 0.097896 0.995061 -0.016399 0.384615 0.315068
  24 17.366406 2.781030 19.468366 -0.184705 0.944027 0.273308 0.410256 0.246575
  24 17.041299 2.368254 19.203752 -0.957750 0.189310 -0.216511 0.435897 0.232877
ZOM3_Claw1.bmp
  17 17.540176 2.433298 21.048331 0.097896 0.995061 -0.016399 0.384615 0.315068
  24 18.060087 2.346545 19.561803 0.950221 0.246705 0.190304 0.333333 0.260274
  24 17.366406 2.781030 19.468366 -0.184705 0.944027 0.273308 0.410256 0.246575
ZOM3_Claw1.bmp
  17 17.540176 2.433298 21.048331 0.097896 0.995061 -0.016399 0.384615 0.315068
  17 17.920053 1.813949 20.946836 0.693707 0.099101 -0.713407 0.358974 0.315068
  24 18.060087 2.346545 19.561803 0.950221 0.246705 0.190304 0.333333 0.260274
ZOM3_Claw1.bmp
  17 17.540176 2.433298 21.048331 0.097896 0.995061 -0.016399 0.384615 0.315068
  17 18.788403 1.966937 21.537144 0.417505 0.746009 0.518806 0.282051 0.342466
  17 17.920053 1.813949 20.946836 0.693707 0.099101 -0.713407 0.358974 0.315068
ZOM3_Claw1.bmp
  24 18.248121 3.076557 17.006529 0.195009 -0.755436 -0.625530 0.307692 0.123288
  25 19.115220 7.515449 14.091688 0.246609 -0.351214 -0.903235 0.256410 0.000000
  24 18.662757 3.283967 17.483768 0.992901 0.039200 0.112300 0.282051 0.136986
ZOM3_Claw1.bmp
  24 18.662757 3.283967 17.483768 0.992901 0.039200 0.112300 0.282051 0.136986
  25 19.115220 7.515449 14.091688 0.246609 -0.351214 -0.903235 0.256410 0.000000
  25 19.428548 7.486887 14.748886 0.442389 0.362991 0.820079 0.230769 0.027397
ZOM3_Claw1.bmp
  25 19.115220 7.515449 14.091688 0.246609 -0.351214 -0.903235 0.256410 0.000000
  26 18.883261 11.910734 14.974445 0.045801 0.541711 -0.839316 0.256410 0.027397
  25 19.428548 7.486887 14.748886 0.442389 0.362991 0.820079 0.230769 0.027397
ZOM3_Claw1.bmp
  25 19.428548 7.486887 14.748886 0.442389 0.362991 0.820079 0.230769 0.027397
  26 18.883261 11.910734 14.974445 0.045801 0.541711 -0.839316 0.256410 0.027397
  25 18.568859 7.490793 14.479222 -0.984716 0.141603 0.101402 0.282051 0.013699
ZOM3_Claw1.bmp
  26 18.883261 11.910734 14.974445 0.045801 0.541711 -0.839316 0.256410 0.027397
  25 19.115220 7.515449 14.091688 0.246609 -0.351214 -0.903235 0.256410 0.000000
  25 18.568859 7.490793 14.479222 -0.984716 0.141603 0.101402 0.282051 0.013699
ZOM3_Claw1.bmp
  25 18.568859 7.490793 14.479222 -0.984716 0.141603 0.101402 0.282051 0.013699
  25 19.115220 7.515449 14.091688 0.246609 -0.351214 -0.903235 0.256410 0.000000
  24 17.617589 3.308238 17.139770 -0.968271 0.128896 -0.214094 0.384615 0.123288
ZOM3_Claw1.bmp
  25 19.115220 7.515449 14.091688 0.246609 -0.351214 -0.903235 0.256410 0.000000
  24 18.248121 3.076557 17.006529 0.195009 -0.755436 -0.625530 0.307692 0.123288
  24 17.617589 3.308238 17.139770 -0.968271 0.128896 -0.214094 0.384615 0.123288
ZOM3_Claw1.bmp
  24 17.617589 3.308238 17.139770 -0.968271 0.128896 -0.214094 0.384615 0.123288
  24 18.248121 3.076557 17.006529 0.195009 -0.755436 -0.625530 0.307692 0.123288
  17 17.249905 1.134984 20.719660 0.200693 -0.863669 -0.462383 0.410256 0.301370
ZOM3_Claw1.bmp
  24 18.248121 3.076557 17.006529 0.195009 -0.755436 -0.625530 0.307692 0.123288
  24 18.662757 3.283967 17.483768 0.992901 0.039200 0.112300 0.282051 0.136986
  17 17.249905 1.134984 20.719660 0.200693 -0.863669 -0.462383 0.410256 0.301370
ZOM3_Claw1.bmp
  33 -16.021265 0.540556 20.712358 -0.162002 -0.864007 -0.476704 0.435897 0.301370
  33 -14.445564 0.675110 20.385001 0.131602 -0.762211 -0.633810 0.564103 0.287671
  33 -13.368415 0.013398 22.645618 0.286105 -0.806814 -0.516909 0.641026 0.397260
ZOM3_Claw1.bmp
  33 -16.021265 0.540556 20.712358 -0.162002 -0.864007 -0.476704 0.435897 0.301370
  40 -15.028679 1.293325 20.330808 -0.078900 0.393801 -0.915803 0.512821 0.287671
  33 -14.445564 0.675110 20.385001 0.131602 -0.762211 -0.633810 0.564103 0.287671
ZOM3_Claw1.bmp
  33 -16.021265 0.540556 20.712358 -0.162002 -0.864007 -0.476704 0.435897 0.301370
  40 -15.879816 1.785396 19.219623 0.858554 0.456475 -0.233487 0.435897 0.246575
  40 -15.028679 1.293325 20.330808 -0.078900 0.393801 -0.915803 0.512821 0.287671
ZOM3_Claw1.bmp
  33 -16.021265 0.540556 20.712358 -0.162002 -0.864007 -0.476704 0.435897 0.301370
  40 -16.493083 2.729307 16.945785 0.961607 0.225501 -0.156401 0.384615 0.136986
  40 -15.879816 1.785396 19.219623 0.858554 0.456475 -0.233487 0.435897 0.246575
ZOM3_Claw1.bmp
  33 -16.021265 0.540556 20.712358 -0.162002 -0.864007 -0.476704 0.435897 0.301370
  40 -17.120852 2.495866 16.802918 -0.191612 -0.761547 -0.619138 0.333333 0.123288
  40 -16.493083 2.729307 16.945785 0.961607 0.225501 -0.156401 0.384615 0.136986
ZOM3_Claw1.bmp
  33 -16.021265 0.540556 20.712358 -0.162002 -0.864007 -0.476704 0.435897 0.301370
  40 -17.540299 2.705088 17.282908 -0.990459 0.043998 0.130595 0.307692 0.150685
  40 -17.120852 2.495866 16.802918 -0.191612 -0.761547 -0.619138 0.333333 0.123288
ZOM3_Claw1.bmp
  33 -16.021265 0.540556 20.712358 -0.162002 -0.864007 -0.476704 0.435897 0.301370
  40 -16.898096 1.760946 19.580466 -0.927841 0.335615 0.162707 0.358974 0.260274
  40 -17.540299 2.705088 17.282908 -0.990459 0.043998 0.130595 0.307692 0.150685
ZOM3_Claw1.bmp
  33 -16.021265 0.540556 20.712358 -0.162002 -0.864007 -0.476704 0.435897 0.301370
  33 -16.865661 1.233945 20.890701 -0.599503 0.151501 -0.785903 0.358974 0.315068
  40 -16.898096 1.760946 19.580466 -0.927841 0.335615 0.162707 0.358974 0.260274
ZOM3_Claw1.bmp
  27 19.938619 4.031608 18.759546 -0.927186 0.365895 -0.080299 0.179487 0.205479
  27 20.737352 3.815162 18.514441 0.182697 -0.512892 -0.838787 0.102564 0.191781
  17 18.445040 1.227993 21.320660 0.394719 -0.806038 -0.441021 0.307692 0.328767
ZOM3_Claw1.bmp
  17 18.445040 1.227993 21.320660 0.394719 -0.806038 -0.441021 0.307692 0.328767
  27 20.737352 3.815162 18.514441 0.182697 -0.512892 -0.838787 0.102564 0.191781
  27 20.869313 3.883331 19.334282 0.851205 0.023600 0.524303 0.102564 0.219178
ZOM3_Claw1.bmp
  27 20.737352 3.815162 18.514441 0.182697 -0.512892 -0.838787 0.102564 0.191781
  28 21.792253 8.303676 17.456940 0.651082 0.006500 -0.758979 0.025641 0.136986
  27 20.869313 3.883331 19.334282 0.851205 0.023600 0.524303 0.102564 0.219178
ZOM3_Claw1.bmp
  27 20.869313 3.883331 19.334282 0.851205 0.023600 0.524303 0.102564 0.219178
  28 21.792253 8.303676 17.456940 0.651082 0.006500 -0.758979 0.025641 0.136986
  28 21.973597 8.127436 18.172939 0.206592 0.129195 0.969860 0.000000 0.178082
ZOM3_Claw1.bmp
  28 21.792253 8.303676 17.456940 0.651082 0.006500 -0.758979 0.025641 0.136986
  29 21.033576 11.770017 19.587700 0.066198 0.784271 -0.616877 0.102564 0.232877
  28 21.973597 8.127436 18.172939 0.206592 0.129195 0.969860 0.000000 0.178082
ZOM3_Claw1.bmp
  28 21.973597 8.127436 18.172939 0.206592 0.129195 0.969860 0.000000 0.178082
  29 21.033576 11.770017 19.587700 0.066198 0.784271 -0.616877 0.102564 0.232877
  28 21.209509 8.225591 17.701096 -0.878757 0.027499 -0.476477 0.076923 0.150685
ZOM3_Claw1.bmp
  29 21.033576 11.770017 19.587700 0.066198 0.784271 -0.616877 0.102564 0.232877
  28 21.792253 8.303676 17.456940 0.651082 0.006500 -0.758979 0.025641 0.136986
  28 21.209509 8.225591 17.701096 -0.878757 0.027499 -0.476477 0.076923 0.150685
ZOM3_Claw1.bmp
  28 21.209509 8.225591 17.701096 -0.878757 0.027499 -0.476477 0.076923 0.150685
  28 21.792253 8.303676 17.456940 0.651082 0.006500 -0.758979 0.025641 0.136986
  27 20.737352 3.815162 18.514441 0.182697 -0.512892 -0.838787 0.102564 0.191781
ZOM3_Claw1.bmp
  32 -10.823883 0.053419 36.743708 -0.192195 -0.930174 -0.312791 0.846154 0.945205
  32 -9.951991 1.231936 32.925986 0.928621 0.155203 -0.337008 0.897436 0.821918
  32 -9.521488 2.016982 36.224011 0.842478 0.499186 -0.202595 0.948718 0.931507
ZOM3_Claw1.bmp
  32 -9.521488 2.016982 36.224011 0.842478 0.499186 -0.202595 0.948718 0.931507
  32 -9.951991 1.231936 32.925986 0.928621 0.155203 -0.337008 0.897436 0.821918
  31 -11.219944 2.489639 36.841483 -0.119700 0.992703 0.014600 0.794872 0.958904
ZOM3_Claw1.bmp
  32 -9.951991 1.231936 32.925986 0.928621 0.155203 -0.337008 0.897436 0.821918
  32 -11.941664 2.170248 32.917508 -0.089597 0.973675 -0.209595 0.743590 0.821918
  31 -11.219944 2.489639 36.841483 -0.119700 0.992703 0.014600 0.794872 0.958904
ZOM3_Claw1.bmp
  31 -11.219944 2.489639 36.841483 -0.119700 0.992703 0.014600 0.794872 0.958904
  32 -11.941664 2.170248 32.917508 -0.089597 0.973675 -0.209595 0.743590 0.821918
  32 -13.598265 1.122320 34.133946 -0.962498 -0.017900 0.270699 0.589744 0.876712
ZOM3_Claw1.bmp
  32 -11.941664 2.170248 32.917508 -0.089597 0.973675 -0.209595 0.743590 0.821918
  32 -14.344831 -0.129358 30.472247 -0.972942 0.138806 0.184708 0.538462 0.712329
  32 -13.598265 1.122320 34.133946 -0.962498 -0.017900 0.270699 0.589744 0.876712
ZOM3_Claw1.bmp
  32 -13.598265 1.122320 34.133946 -0.962498 -0.017900 0.270699 0.589744 0.876712
  32 -14.344831 -0.129358 30.472247 -0.972942 0.138806 0.184708 0.538462 0.712329
  32 -12.874564 -0.318457 30.108301 0.226392 -0.973866 -0.018199 0.666667 0.698630
ZOM3_Claw1.bmp
  22 13.973112 7.163104 15.453575 -0.887575 -0.072098 0.454987 0.666667 0.054795
  22 14.387393 7.304613 14.928270 -0.039701 -0.144403 -0.988722 0.641026 0.027397
  22 14.354448 5.102784 16.155691 -0.937743 0.228811 0.261312 0.641026 0.082192
ZOM3_Claw1.bmp
  22 14.354448 5.102784 16.155691 -0.937743 0.228811 0.261312 0.641026 0.082192
  22 14.387393 7.304613 14.928270 -0.039701 -0.144403 -0.988722 0.641026 0.027397
  22 14.736861 5.061845 15.870587 -0.015900 -0.658188 -0.752686 0.615385 0.068493
ZOM3_Claw1.bmp
  22 14.387393 7.304613 14.928270 -0.039701 -0.144403 -0.988722 0.641026 0.027397
  22 15.097923 5.192877 16.095453 0.922913 0.324304 -0.207503 0.589744 0.082192
  22 14.736861 5.061845 15.870587 -0.015900 -0.658188 -0.752686 0.615385 0.068493
ZOM3_Claw1.bmp
  22 14.736861 5.061845 15.870587 -0.015900 -0.658188 -0.752686 0.615385 0.068493
  22 15.097923 5.192877 16.095453 0.922913 0.324304 -0.207503 0.589744 0.082192
  21 15.857530 2.759062 19.033579 0.992324 0.018300 -0.122303 0.512821 0.232877
ZOM3_Claw1.bmp
  22 15.097923 5.192877 16.095453 0.922913 0.324304 -0.207503 0.589744 0.082192
  21 14.893398 4.524534 18.068924 -0.073102 0.824228 0.561519 0.589744 0.164384
  21 15.857530 2.759062 19.033579 0.992324 0.018300 -0.122303 0.512821 0.232877
ZOM3_Claw1.bmp
  21 15.857530 2.759062 19.033579 0.992324 0.018300 -0.122303 0.512821 0.232877
  21 14.893398 4.524534 18.068924 -0.073102 0.824228 0.561519 0.589744 0.164384
  21 15.217359 3.092313 19.401851 -0.301582 0.635062 0.711157 0.564103 0.246575
ZOM3_Claw1.bmp
  16 13.733992 1.539374 25.172339 -0.499610 0.789217 0.357108 0.692308 0.493151
  18 12.744278 2.438723 22.691262 0.446512 0.113703 -0.887524 0.769231 0.369863
  18 12.529486 2.703381 23.732857 0.312504 0.795009 0.519906 0.769231 0.397260
ZOM3_Claw1.bmp
  16 13.733992 1.539374 25.172339 -0.499610 0.789217 0.357108 0.692308 0.493151
  17 14.197595 1.952630 22.963041 -0.135099 0.978995 -0.152699 0.666667 0.383562
  18 12.744278 2.438723 22.691262 0.446512 0.113703 -0.887524 0.769231 0.369863
ZOM3_Claw1.bmp
  16 13.733992 1.539374 25.172339 -0.499610 0.789217 0.357108 0.692308 0.493151
  16 16.390938 1.029787 25.580695 0.916878 -0.183496 0.354491 0.461538 0.506849
  17 14.197595 1.952630 22.963041 -0.135099 0.978995 -0.152699 0.666667 0.383562
ZOM3_Claw1.bmp
  16 13.733992 1.539374 25.172339 -0.499610 0.789217 0.357108 0.692308 0.493151
  16 13.702443 1.671385 30.026923 0.156500 0.986501 -0.048200 0.692308 0.684932
  16 16.390938 1.029787 25.580695 0.916878 -0.183496 0.354491 0.461538 0.506849
ZOM3_Claw1.bmp
  16 13.733992 1.539374 25.172339 -0.499610 0.789217 0.357108 0.692308 0.493151
  16 12.615380 1.102350 30.106254 -0.851919 0.313307 -0.419610 0.794872 0.684932
  16 13.702443 1.671385 30.026923 0.156500 0.986501 -0.048200 0.692308 0.684932
ZOM3_Claw1.bmp
  16 13.733992 1.539374 25.172339 -0.499610 0.789217 0.357108 0.692308 0.493151
  16 13.693796 0.273083 30.405311 -0.186795 -0.979973 -0.068998 0.692308 0.698630
  16 12.615380 1.102350 30.106254 -0.851919 0.313307 -0.419610 0.794872 0.684932
ZOM3_Claw1.bmp
  43 -17.735336 1.390160 21.472528 -0.485708 0.738912 0.467008 0.307692 0.342466
  43 -18.598403 1.990354 20.292280 -0.863901 -0.301700 0.403301 0.230769 0.301370
  33 -17.387807 0.637648 21.259473 -0.393600 -0.811399 -0.432100 0.333333 0.328767
ZOM3_Claw1.bmp
  33 -17.387807 0.637648 21.259473 -0.393600 -0.811399 -0.432100 0.333333 0.328767
  43 -18.598403 1.990354 20.292280 -0.863901 -0.301700 0.403301 0.230769 0.301370
  43 -19.449324 3.234408 18.522545 -0.304594 -0.600688 -0.739186 0.128205 0.205479
ZOM3_Claw1.bmp
  43 -18.598403 1.990354 20.292280 -0.863901 -0.301700 0.403301 0.230769 0.301370
  43 -19.744640 3.310440 19.133698 -0.639425 0.195708 0.743529 0.128205 0.232877
  43 -19.449324 3.234408 18.522545 -0.304594 -0.600688 -0.739186 0.128205 0.205479
ZOM3_Claw1.bmp
  43 -19.449324 3.234408 18.522545 -0.304594 -0.600688 -0.739186 0.128205 0.205479
  43 -19.744640 3.310440 19.133698 -0.639425 0.195708 0.743529 0.128205 0.232877
  44 -20.667998 7.723891 17.250148 -0.595993 -0.028300 -0.802491 0.051282 0.150685
ZOM3_Claw1.bmp
  43 -19.744640 3.310440 19.133698 -0.639425 0.195708 0.743529 0.128205 0.232877
  44 -20.846114 7.546828 17.959953 -0.615488 -0.063499 0.785584 0.025641 0.178082
  44 -20.667998 7.723891 17.250148 -0.595993 -0.028300 -0.802491 0.051282 0.150685
ZOM3_Claw1.bmp
  37 -14.694917 2.179995 19.011860 -0.995794 0.024800 -0.088199 0.538462 0.232877
  33 -14.445564 0.675110 20.385001 0.131602 -0.762211 -0.633810 0.564103 0.287671
  40 -15.028679 1.293325 20.330808 -0.078900 0.393801 -0.915803 0.512821 0.287671
ZOM3_Claw1.bmp
  37 -14.694917 2.179995 19.011860 -0.995794 0.024800 -0.088199 0.538462 0.232877
  37 -13.842661 3.113312 17.286874 0.150302 -0.786510 -0.599008 0.615385 0.150685
  33 -14.445564 0.675110 20.385001 0.131602 -0.762211 -0.633810 0.564103 0.287671
ZOM3_Claw1.bmp
  37 -14.694917 2.179995 19.011860 -0.995794 0.024800 -0.088199 0.538462 0.232877
  37 -13.603815 4.465777 15.668390 -0.010200 -0.653479 -0.756876 0.615385 0.082192
  37 -13.842661 3.113312 17.286874 0.150302 -0.786510 -0.599008 0.615385 0.150685
ZOM3_Claw1.bmp
  37 -14.694917 2.179995 19.011860 -0.995794 0.024800 -0.088199 0.538462 0.232877
  37 -13.983867 4.603075 15.894908 -0.694206 0.655006 0.298403 0.589744 0.082192
  37 -13.603815 4.465777 15.668390 -0.010200 -0.653479 -0.756876 0.615385 0.082192
ZOM3_Claw1.bmp
  37 -14.694917 2.179995 19.011860 -0.995794 0.024800 -0.088199 0.538462 0.232877
  37 -13.772471 3.934162 17.877449 0.069596 0.842253 0.534570 0.615385 0.178082
  37 -13.983867 4.603075 15.894908 -0.694206 0.655006 0.298403 0.589744 0.082192
ZOM3_Claw1.bmp
  16 14.782223 0.460181 30.916506 0.982716 0.105802 0.151903 0.615385 0.726027
  16 12.770854 2.765811 33.210643 0.100101 0.987005 -0.125701 0.769231 0.821918
  16 14.441001 1.710888 34.441758 0.977726 -0.060402 0.201005 0.641026 0.876712
ZOM3_Claw1.bmp
  16 14.441001 1.710888 34.441758 0.977726 -0.060402 0.201005 0.641026 0.876712
  16 12.770854 2.765811 33.210643 0.100101 0.987005 -0.125701 0.769231 0.821918
  16 12.327198 1.879462 36.871907 -0.005900 0.929059 0.369884 0.820513 0.972603
ZOM3_Claw1.bmp
  16 12.770854 2.765811 33.210643 0.100101 0.987005 -0.125701 0.769231 0.821918
  16 10.779996 1.820740 33.231231 -0.963818 0.040901 -0.263405 0.948718 0.821918
  16 12.327198 1.879462 36.871907 -0.005900 0.929059 0.369884 0.820513 0.972603
ZOM3_Claw1.bmp
  16 12.327198 1.879462 36.871907 -0.005900 0.929059 0.369884 0.820513 0.972603
  16 10.779996 1.820740 33.231231 -0.963818 0.040901 -0.263405 0.948718 0.821918
  15 10.642395 0.137158 35.875881 -0.926913 0.234104 -0.293304 0.948718 0.931507
ZOM3_Claw1.bmp
  16 10.779996 1.820740 33.231231 -0.963818 0.040901 -0.263405 0.948718 0.821918
  16 11.934557 -1.373875 36.598534 0.161504 -0.964225 -0.210205 0.846154 0.958904
  15 10.642395 0.137158 35.875881 -0.926913 0.234104 -0.293304 0.948718 0.931507
ZOM3_Claw1.bmp
  33 -13.368415 0.013398 22.645618 0.286105 -0.806814 -0.516909 0.641026 0.397260
  34 -11.721661 1.849433 22.147763 -0.546003 0.232401 -0.804904 0.769231 0.369863
  34 -11.373917 1.534019 22.354859 0.300482 -0.767055 -0.566866 0.794872 0.369863
ZOM3_Claw1.bmp
  34 -11.373917 1.534019 22.354859 0.300482 -0.767055 -0.566866 0.794872 0.369863
  34 -11.721661 1.849433 22.147763 -0.546003 0.232401 -0.804904 0.769231 0.369863
  35 -10.182683 2.992840 21.028806 0.021800 -0.649203 -0.760303 0.923077 0.315068
ZOM3_Claw1.bmp
  34 -11.721661 1.849433 22.147763 -0.546003 0.232401 -0.804904 0.769231 0.369863
  35 -10.584651 3.349885 21.239378 -0.909876 0.020200 -0.414389 0.871795 0.328767
  35 -10.182683 2.992840 21.028806 0.021800 -0.649203 -0.760303 0.923077 0.315068
ZOM3_Claw1.bmp
  35 -10.182683 2.992840 21.028806 0.021800 -0.649203 -0.760303 0.923077 0.315068
  35 -10.584651 3.349885 21.239378 -0.909876 0.020200 -0.414389 0.871795 0.328767
  36 -10.660290 5.869095 18.787484 -0.745698 -0.315599 -0.586798 0.871795 0.232877
ZOM3_Claw1.bmp
  16 14.748911 0.308457 25.131330 -0.306106 -0.951017 -0.043201 0.615385 0.493151
  18 11.822419 2.191196 23.342573 -0.778978 -0.602283 0.174495 0.820513 0.383562
  18 12.316383 2.120274 23.078814 -0.366197 -0.776294 -0.513096 0.794872 0.369863
ZOM3_Claw1.bmp
  18 12.316383 2.120274 23.078814 -0.366197 -0.776294 -0.513096 0.794872 0.369863
  18 11.822419 2.191196 23.342573 -0.778978 -0.602283 0.174495 0.820513 0.383562
  19 11.061869 3.588895 21.809300 -0.223905 -0.681916 -0.696316 0.897436 0.315068
ZOM3_Claw1.bmp
  18 11.822419 2.191196 23.342573 -0.778978 -0.602283 0.174495 0.820513 0.383562
  19 10.630774 3.861345 21.923879 -0.862751 0.181390 0.471973 0.948718 0.315068
  19 11.061869 3.588895 21.809300 -0.223905 -0.681916 -0.696316 0.897436 0.315068
ZOM3_Claw1.bmp
  19 11.061869 3.588895 21.809300 -0.223905 -0.681916 -0.696316 0.897436 0.315068
  19 10.630774 3.861345 21.923879 -0.862751 0.181390 0.471973 0.948718 0.315068
  20 11.061982 6.449901 19.539391 0.487297 -0.360398 -0.795396 0.871795 0.219178
ZOM3_Claw1.bmp
  32 -12.874564 -0.318457 30.108301 0.226392 -0.973866 -0.018199 0.666667 0.698630
  32 -13.120653 0.945961 24.653314 0.539496 0.789994 0.291298 0.692308 0.493151
  32 -11.777526 0.521256 29.809489 0.881720 0.241105 -0.405509 0.743590 0.684932
ZOM3_Claw1.bmp
  32 -11.777526 0.521256 29.809489 0.881720 0.241105 -0.405509 0.743590 0.684932
  32 -13.120653 0.945961 24.653314 0.539496 0.789994 0.291298 0.692308 0.493151
  32 -12.871206 1.347361 29.798725 -0.083498 0.994577 -0.061999 0.666667 0.684932
ZOM3_Claw1.bmp
  32 -13.120653 0.945961 24.653314 0.539496 0.789994 0.291298 0.692308 0.493151
  32 -15.961496 0.454966 24.835345 -0.916977 -0.225794 0.328892 0.435897 0.506849
  32 -12.871206 1.347361 29.798725 -0.083498 0.994577 -0.061999 0.666667 0.684932
ZOM3_Claw1.bmp
  40 -17.540299 2.705088 17.282908 -0.990459 0.043998 0.130595 0.307692 0.150685
  40 -16.898096 1.760946 19.580466 -0.927841 0.335615 0.162707 0.358974 0.260274
  40 -16.347859 2.014570 19.489279 0.071898 0.968675 0.237694 0.410256 0.260274
ZOM3_Claw1.bmp
  40 -16.347859 2.014570 19.489279 0.071898 0.968675 0.237694 0.410256 0.260274
  40 -16.898096 1.760946 19.580466 -0.927841 0.335615 0.162707 0.358974 0.260274
  33 -16.301803 1.843916 21.047546 -0.095202 0.995219 -0.021800 0.410256 0.328767
ZOM3_Claw1.bmp
  40 -16.898096 1.760946 19.580466 -0.927841 0.335615 0.162707 0.358974 0.260274
  33 -16.865661 1.233945 20.890701 -0.599503 0.151501 -0.785903 0.358974 0.315068
  33 -16.301803 1.843916 21.047546 -0.095202 0.995219 -0.021800 0.410256 0.328767
ZOM3_Claw1.bmp
  40 -17.540299 2.705088 17.282908 -0.990459 0.043998 0.130595 0.307692 0.150685
  41 -18.033427 6.928036 13.933700 -0.280801 -0.348901 -0.894102 0.256410 0.000000
  40 -17.120852 2.495866 16.802918 -0.191612 -0.761547 -0.619138 0.333333 0.123288
ZOM3_Claw1.bmp
  40 -17.120852 2.495866 16.802918 -0.191612 -0.761547 -0.619138 0.333333 0.123288
  41 -18.033427 6.928036 13.933700 -0.280801 -0.348901 -0.894102 0.256410 0.000000
  40 -16.493083 2.729307 16.945785 0.961607 0.225501 -0.156401 0.384615 0.136986
ZOM3_Claw1.bmp
  41 -18.033427 6.928036 13.933700 -0.280801 -0.348901 -0.894102 0.256410 0.000000
  41 -17.452814 6.901997 14.286986 0.989081 0.132897 0.063699 0.307692 0.013699
  40 -16.493083 2.729307 16.945785 0.961607 0.225501 -0.156401 0.384615 0.136986
ZOM3_Claw1.bmp
  27 20.737352 3.815162 18.514441 0.182697 -0.512892 -0.838787 0.102564 0.191781
  27 19.938619 4.031608 18.759546 -0.927186 0.365895 -0.080299 0.179487 0.205479
  28 21.209509 8.225591 17.701096 -0.878757 0.027499 -0.476477 0.076923 0.150685
ZOM3_Claw1.bmp
  28 21.209509 8.225591 17.701096 -0.878757 0.027499 -0.476477 0.076923 0.150685
  27 19.938619 4.031608 18.759546 -0.927186 0.365895 -0.080299 0.179487 0.205479
  28 21.973597 8.127436 18.172939 0.206592 0.129195 0.969860 0.000000 0.178082
ZOM3_Claw1.bmp
  27 19.938619 4.031608 18.759546 -0.927186 0.365895 -0.080299 0.179487 0.205479
  27 20.869313 3.883331 19.334282 0.851205 0.023600 0.524303 0.102564 0.219178
  28 21.973597 8.127436 18.172939 0.206592 0.129195 0.969860 0.000000 0.178082
ZOM3_Claw1.bmp
  43 -17.735336 1.390160 21.472528 -0.485708 0.738912 0.467008 0.307692 0.342466
  40 -18.168923 2.425899 20.315133 0.152897 0.781184 0.605288 0.256410 0.301370
  43 -18.598403 1.990354 20.292280 -0.863901 -0.301700 0.403301 0.230769 0.301370
ZOM3_Claw1.bmp
  43 -18.598403 1.990354 20.292280 -0.863901 -0.301700 0.403301 0.230769 0.301370
  40 -18.168923 2.425899 20.315133 0.152897 0.781184 0.605288 0.256410 0.301370
  43 -19.744640 3.310440 19.133698 -0.639425 0.195708 0.743529 0.128205 0.232877
ZOM3_Claw1.bmp
  38 -13.733365 6.693939 15.199351 -0.933513 0.165802 0.317904 0.615385 0.054795
  38 -13.286734 6.715711 14.793583 0.024400 -0.130198 -0.991188 0.641026 0.041096
  37 -13.983867 4.603075 15.894908 -0.694206 0.655006 0.298403 0.589744 0.082192
ZOM3_Claw1.bmp
  37 -13.983867 4.603075 15.894908 -0.694206 0.655006 0.298403 0.589744 0.082192
  38 -13.286734 6.715711 14.793583 0.024400 -0.130198 -0.991188 0.641026 0.041096
  37 -13.603815 4.465777 15.668390 -0.010200 -0.653479 -0.756876 0.615385 0.082192
ZOM3_Claw1.bmp
  33 -13.738745 1.443966 20.475380 0.744376 0.663479 -0.075498 0.615385 0.301370
  37 -13.704778 2.098778 19.126441 0.946095 -0.309798 -0.094499 0.615385 0.232877
  37 -14.073674 2.509629 19.376276 0.311410 0.666121 0.677722 0.589744 0.246575
ZOM3_Claw1.bmp
  37 -14.073674 2.509629 19.376276 0.311410 0.666121 0.677722 0.589744 0.246575
  37 -13.704778 2.098778 19.126441 0.946095 -0.309798 -0.094499 0.615385 0.232877
  37 -13.265569 3.370933 17.548019 0.997076 0.014099 0.075098 0.641026 0.164384
ZOM3_Claw1.bmp
  17 14.982722 2.022397 20.486469 -0.750085 0.658687 -0.059199 0.589744 0.287671
  17 14.388020 0.597766 23.188386 -0.293108 -0.822921 -0.486712 0.641026 0.397260
  17 14.197595 1.952630 22.963041 -0.135099 0.978995 -0.152699 0.666667 0.383562
ZOM3_Claw1.bmp
  17 14.197595 1.952630 22.963041 -0.135099 0.978995 -0.152699 0.666667 0.383562
  17 14.388020 0.597766 23.188386 -0.293108 -0.822921 -0.486712 0.641026 0.397260
  18 12.744278 2.438723 22.691262 0.446512 0.113703 -0.887524 0.769231 0.369863
ZOM3_Claw1.bmp
  27 19.274471 3.003553 20.547117 -0.376108 0.799518 0.468310 0.256410 0.301370
  27 18.813181 2.678998 20.013473 -0.882189 0.369196 -0.292296 0.282051 0.273973
  17 18.788403 1.966937 21.537144 0.417505 0.746009 0.518806 0.282051 0.342466
ZOM3_Claw1.bmp
  17 18.788403 1.966937 21.537144 0.417505 0.746009 0.518806 0.282051 0.342466
  27 18.813181 2.678998 20.013473 -0.882189 0.369196 -0.292296 0.282051 0.273973
  17 17.920053 1.813949 20.946836 0.693707 0.099101 -0.713407 0.358974 0.315068
ZOM3_Claw1.bmp
  24 18.662757 3.283967 17.483768 0.992901 0.039200 0.112300 0.282051 0.136986
  25 19.428548 7.486887 14.748886 0.442389 0.362991 0.820079 0.230769 0.027397
  24 17.617589 3.308238 17.139770 -0.968271 0.128896 -0.214094 0.384615 0.123288
ZOM3_Claw1.bmp
  24 17.617589 3.308238 17.139770 -0.968271 0.128896 -0.214094 0.384615 0.123288
  25 19.428548 7.486887 14.748886 0.442389 0.362991 0.820079 0.230769 0.027397
  25 18.568859 7.490793 14.479222 -0.984716 0.141603 0.101402 0.282051 0.013699
ZOM3_Claw1.bmp
  21 14.384550 3.957012 17.734870 -0.971106 -0.238601 0.004700 0.641026 0.150685
  21 14.967584 3.695525 17.485279 -0.174208 -0.773937 -0.608829 0.589744 0.136986
  21 14.861575 2.682165 19.156705 -0.938417 -0.336306 -0.079201 0.615385 0.232877
ZOM3_Claw1.bmp
  21 14.861575 2.682165 19.156705 -0.938417 -0.336306 -0.079201 0.615385 0.232877
  21 14.967584 3.695525 17.485279 -0.174208 -0.773937 -0.608829 0.589744 0.136986
  17 15.685407 1.262588 20.393068 -0.136098 -0.764586 -0.629988 0.538462 0.287671
ZOM3_Claw1.bmp
  21 15.217359 3.092313 19.401851 -0.301582 0.635062 0.711157 0.564103 0.246575
  17 14.982722 2.022397 20.486469 -0.750085 0.658687 -0.059199 0.589744 0.287671
  21 15.857530 2.759062 19.033579 0.992324 0.018300 -0.122303 0.512821 0.232877
ZOM3_Claw1.bmp
  21 15.857530 2.759062 19.033579 0.992324 0.018300 -0.122303 0.512821 0.232877
  17 14.982722 2.022397 20.486469 -0.750085 0.658687 -0.059199 0.589744 0.287671
  17 16.272303 1.868601 20.351829 0.061201 0.395304 -0.916509 0.487179 0.287671
ZOM3_Claw1.bmp
  19 11.583233 4.176645 21.788577 0.671281 0.658781 0.339690 0.871795 0.328767
  18 12.529486 2.703381 23.732857 0.312504 0.795009 0.519906 0.769231 0.397260
  19 11.581405 3.938226 21.678337 0.809883 -0.084398 -0.580488 0.871795 0.315068
ZOM3_Claw1.bmp
  19 11.581405 3.938226 21.678337 0.809883 -0.084398 -0.580488 0.871795 0.315068
  18 12.529486 2.703381 23.732857 0.312504 0.795009 0.519906 0.769231 0.397260
  18 12.744278 2.438723 22.691262 0.446512 0.113703 -0.887524 0.769231 0.369863
ZOM3_Claw1.bmp
  32 -15.961496 0.454966 24.835345 -0.916977 -0.225794 0.328892 0.435897 0.506849
  43 -17.735336 1.390160 21.472528 -0.485708 0.738912 0.467008 0.307692 0.342466
  33 -17.387807 0.637648 21.259473 -0.393600 -0.811399 -0.432100 0.333333 0.328767
ZOM3_Claw1.bmp
  33 -13.738745 1.443966 20.475380 0.744376 0.663479 -0.075498 0.615385 0.301370
  33 -16.301803 1.843916 21.047546 -0.095202 0.995219 -0.021800 0.410256 0.328767
  33 -13.179329 1.366647 22.422089 0.140001 0.978306 -0.152701 0.666667 0.383562
ZOM3_Claw1.bmp
  15 10.642395 0.137158 35.875881 -0.926913 0.234104 -0.293304 0.948718 0.931507
  15 12.313671 1.718080 37.597283 0.269192 0.955569 0.120096 0.820513 1.000000
  16 12.327198 1.879462 36.871907 -0.005900 0.929059 0.369884 0.820513 0.972603
ZOM3_Claw1.bmp
  16 14.441001 1.710888 34.441758 0.977726 -0.060402 0.201005 0.641026 0.876712
  16 13.693796 0.273083 30.405311 -0.186795 -0.979973 -0.068998 0.692308 0.698630
  16 14.782223 0.460181 30.916506 0.982716 0.105802 0.151903 0.615385 0.726027
SCIZOM3_Arm_L1.bmp
  15 10.642395 0.137158 35.875881 -0.926913 0.234104 -0.293304 0.526316 0.000000
  16 11.934557 -1.373875 36.598534 0.161504 -0.964225 -0.210205 0.736842 0.037736
  15 10.226608 -1.455058 38.463809 -0.107903 -0.916625 -0.384910 0.473684 0.150943
SCIZOM3_Arm_L1.bmp
  15 10.226608 -1.455058 38.463809 -0.107903 -0.916625 -0.384910 0.473684 0.150943
  16 11.934557 -1.373875 36.598534 0.161504 -0.964225 -0.210205 0.736842 0.037736
  15 11.973971 -1.129867 38.857600 0.481718 -0.874933 0.049402 0.736842 0.169811
SCIZOM3_Arm_L1.bmp
  16 11.934557 -1.373875 36.598534 0.161504 -0.964225 -0.210205 0.736842 0.037736
  15 13.155497 0.201284 39.706443 0.966310 -0.012000 0.257103 0.842105 0.207547
  15 11.973971 -1.129867 38.857600 0.481718 -0.874933 0.049402 0.736842 0.169811
SCIZOM3_Arm_L1.bmp
  15 11.973971 -1.129867 38.857600 0.481718 -0.874933 0.049402 0.736842 0.169811
  15 13.155497 0.201284 39.706443 0.966310 -0.012000 0.257103 0.842105 0.207547
  15 12.401232 -0.839517 43.362769 0.979541 -0.140692 0.143891 0.789474 0.452830
SCIZOM3_Arm_L1.bmp
  15 13.155497 0.201284 39.706443 0.966310 -0.012000 0.257103 0.842105 0.207547
  15 10.340568 1.504575 40.766870 -0.074203 0.994037 0.079903 0.473684 0.283019
  15 12.401232 -0.839517 43.362769 0.979541 -0.140692 0.143891 0.789474 0.452830
SCIZOM3_Arm_L1.bmp
  15 12.401232 -0.839517 43.362769 0.979541 -0.140692 0.143891 0.789474 0.452830
  15 10.340568 1.504575 40.766870 -0.074203 0.994037 0.079903 0.473684 0.283019
  15 11.295793 0.198703 44.138270 0.543715 0.727419 0.418611 0.631579 0.490566
SCIZOM3_Arm_L1.bmp
  15 10.340568 1.504575 40.766870 -0.074203 0.994037 0.079903 0.473684 0.283019
  15 9.621843 0.775211 43.827256 -0.441981 0.863963 0.241290 0.368421 0.471698
  15 11.295793 0.198703 44.138270 0.543715 0.727419 0.418611 0.631579 0.490566
SCIZOM3_Arm_L1.bmp
  15 11.295793 0.198703 44.138270 0.543715 0.727419 0.418611 0.631579 0.490566
  15 9.621843 0.775211 43.827256 -0.441981 0.863963 0.241290 0.368421 0.471698
  15 8.479915 -1.335316 48.214815 -0.194401 0.905706 0.376702 0.210526 0.735849
SCIZOM3_Arm_L1.bmp
  15 9.621843 0.775211 43.827256 -0.441981 0.863963 0.241290 0.368421 0.471698
  11 7.432154 -2.954452 46.668288 -0.983471 0.180995 -0.005100 0.052632 0.641509
  15 8.479915 -1.335316 48.214815 -0.194401 0.905706 0.376702 0.210526 0.735849
SCIZOM3_Arm_L1.bmp
  15 8.479915 -1.335316 48.214815 -0.194401 0.905706 0.376702 0.210526 0.735849
  11 7.432154 -2.954452 46.668288 -0.983471 0.180995 -0.005100 0.052632 0.641509
  15 7.906404 -2.219122 50.454920 -0.248991 0.885370 0.392586 0.105263 0.867925
SCIZOM3_Arm_L1.bmp
  11 7.432154 -2.954452 46.668288 -0.983471 0.180995 -0.005100 0.052632 0.641509
  15 8.080750 -3.279245 52.319094 -0.676299 0.422099 0.603699 0.157895 0.962264
  15 7.906404 -2.219122 50.454920 -0.248991 0.885370 0.392586 0.105263 0.867925
SCIZOM3_Arm_L1.bmp
  15 7.906404 -2.219122 50.454920 -0.248991 0.885370 0.392586 0.105263 0.867925
  15 8.080750 -3.279245 52.319094 -0.676299 0.422099 0.603699 0.157895 0.962264
  15 9.771458 -3.620144 51.958687 0.584633 0.475927 0.657037 0.421053 0.943396
SCIZOM3_Arm_L1.bmp
  15 8.080750 -3.279245 52.319094 -0.676299 0.422099 0.603699 0.157895 0.962264
  15 8.204044 -4.664482 52.838725 0.003300 0.197000 0.980398 0.157895 1.000000
  15 9.771458 -3.620144 51.958687 0.584633 0.475927 0.657037 0.421053 0.943396
SCIZOM3_Arm_L1.bmp
  15 9.771458 -3.620144 51.958687 0.584633 0.475927 0.657037 0.421053 0.943396
  15 8.204044 -4.664482 52.838725 0.003300 0.197000 0.980398 0.157895 1.000000
  15 7.795436 -7.051996 52.962094 -0.196690 -0.419578 0.886153 0.105263 1.000000
SCIZOM3_Arm_L1.bmp
  15 8.204044 -4.664482 52.838725 0.003300 0.197000 0.980398 0.157895 1.000000
  15 8.080750 -3.279245 52.319094 -0.676299 0.422099 0.603699 0.157895 0.962264
  15 7.795436 -7.051996 52.962094 -0.196690 -0.419578 0.886153 0.105263 1.000000
SCIZOM3_Arm_L1.bmp
  15 7.795436 -7.051996 52.962094 -0.196690 -0.419578 0.886153 0.105263 1.000000
  15 8.080750 -3.279245 52.319094 -0.676299 0.422099 0.603699 0.157895 0.962264
  15 7.301100 -5.199963 51.531953 -0.994502 -0.040900 0.096400 0.000000 0.924528
SCIZOM3_Arm_L1.bmp
  15 8.080750 -3.279245 52.319094 -0.676299 0.422099 0.603699 0.157895 0.962264
  11 7.432154 -2.954452 46.668288 -0.983471 0.180995 -0.005100 0.052632 0.641509
  15 7.301100 -5.199963 51.531953 -0.994502 -0.040900 0.096400 0.000000 0.924528
SCIZOM3_Arm_L1.bmp
  15 7.301100 -5.199963 51.531953 -0.994502 -0.040900 0.096400 0.000000 0.924528
  11 7.432154 -2.954452 46.668288 -0.983471 0.180995 -0.005100 0.052632 0.641509
  15 8.451498 -7.869017 49.687547 -0.563319 -0.789726 -0.242908 0.210526 0.811321
SCIZOM3_Arm_L1.bmp
  11 7.432154 -2.954452 46.668288 -0.983471 0.180995 -0.005100 0.052632 0.641509
  15 8.297553 -5.750167 45.453757 -0.654999 -0.641199 -0.399799 0.157895 0.566038
  15 8.451498 -7.869017 49.687547 -0.563319 -0.789726 -0.242908 0.210526 0.811321
SCIZOM3_Arm_L1.bmp
  15 8.451498 -7.869017 49.687547 -0.563319 -0.789726 -0.242908 0.210526 0.811321
  15 8.297553 -5.750167 45.453757 -0.654999 -0.641199 -0.399799 0.157895 0.566038
  15 10.108746 -5.652388 46.317134 0.581015 -0.740020 -0.338809 0.473684 0.622642
SCIZOM3_Arm_L1.bmp
  15 8.297553 -5.750167 45.453757 -0.654999 -0.641199 -0.399799 0.157895 0.566038
  15 9.069808 -3.783827 41.350718 -0.562494 -0.628593 -0.537094 0.263158 0.339623
  15 10.108746 -5.652388 46.317134 0.581015 -0.740020 -0.338809 0.473684 0.622642
SCIZOM3_Arm_L1.bmp
  15 10.108746 -5.652388 46.317134 0.581015 -0.740020 -0.338809 0.473684 0.622642
  15 9.069808 -3.783827 41.350718 -0.562494 -0.628593 -0.537094 0.263158 0.339623
  15 10.226608 -1.455058 38.463809 -0.107903 -0.916625 -0.384910 0.473684 0.150943
SCIZOM3_Arm_L1.bmp
  15 9.069808 -3.783827 41.350718 -0.562494 -0.628593 -0.537094 0.263158 0.339623
  15 9.236281 0.316414 39.094080 -0.917667 0.187393 -0.350387 0.315789 0.188679
  15 10.226608 -1.455058 38.463809 -0.107903 -0.916625 -0.384910 0.473684 0.150943
SCIZOM3_Arm_L1.bmp
  15 10.226608 -1.455058 38.463809 -0.107903 -0.916625 -0.384910 0.473684 0.150943
  15 9.236281 0.316414 39.094080 -0.917667 0.187393 -0.350387 0.315789 0.188679
  15 10.642395 0.137158 35.875881 -0.926913 0.234104 -0.293304 0.526316 0.000000
SCIZOM3_Arm_L1.bmp
  15 9.236281 0.316414 39.094080 -0.917667 0.187393 -0.350387 0.315789 0.188679
  15 10.340568 1.504575 40.766870 -0.074203 0.994037 0.079903 0.473684 0.283019
  15 10.642395 0.137158 35.875881 -0.926913 0.234104 -0.293304 0.526316 0.000000
SCIZOM3_Arm_L1.bmp
  15 10.642395 0.137158 35.875881 -0.926913 0.234104 -0.293304 0.526316 0.000000
  15 10.340568 1.504575 40.766870 -0.074203 0.994037 0.079903 0.473684 0.283019
  15 12.313671 1.718080 37.597283 0.269192 0.955569 0.120096 0.789474 0.094340
SCIZOM3_Arm_L1.bmp
  15 10.340568 1.504575 40.766870 -0.074203 0.994037 0.079903 0.473684 0.283019
  15 13.155497 0.201284 39.706443 0.966310 -0.012000 0.257103 0.842105 0.207547
  15 12.313671 1.718080 37.597283 0.269192 0.955569 0.120096 0.789474 0.094340
SCIZOM3_Arm_L1.bmp
  15 12.313671 1.718080 37.597283 0.269192 0.955569 0.120096 0.789474 0.094340
  15 13.155497 0.201284 39.706443 0.966310 -0.012000 0.257103 0.842105 0.207547
  15 13.642250 -0.275245 36.945412 0.985830 -0.020401 0.166505 1.000000 0.056604
SCIZOM3_Arm_L1.bmp
  15 13.155497 0.201284 39.706443 0.966310 -0.012000 0.257103 0.842105 0.207547
  16 11.934557 -1.373875 36.598534 0.161504 -0.964225 -0.210205 0.736842 0.037736
  15 13.642250 -0.275245 36.945412 0.985830 -0.020401 0.166505 1.000000 0.056604
SCIZOM3_Arm_L1.bmp
  15 8.479915 -1.335316 48.214815 -0.194401 0.905706 0.376702 0.210526 0.735849
  15 10.007223 -1.828733 47.838958 0.543715 0.727419 0.418611 0.421053 0.716981
  15 11.295793 0.198703 44.138270 0.543715 0.727419 0.418611 0.631579 0.490566
SCIZOM3_Arm_L1.bmp
  15 11.295793 0.198703 44.138270 0.543715 0.727419 0.418611 0.631579 0.490566
  15 10.007223 -1.828733 47.838958 0.543715 0.727419 0.418611 0.421053 0.716981
  15 11.282618 -2.955700 46.886428 0.961847 0.124706 0.243512 0.631579 0.660377
SCIZOM3_Arm_L1.bmp
  15 10.007223 -1.828733 47.838958 0.543715 0.727419 0.418611 0.421053 0.716981
  15 9.771458 -3.620144 51.958687 0.584633 0.475927 0.657037 0.421053 0.943396
  15 11.282618 -2.955700 46.886428 0.961847 0.124706 0.243512 0.631579 0.660377
SCIZOM3_Arm_L1.bmp
  15 11.282618 -2.955700 46.886428 0.961847 0.124706 0.243512 0.631579 0.660377
  15 9.771458 -3.620144 51.958687 0.584633 0.475927 0.657037 0.421053 0.943396
  15 10.686758 -4.984155 51.135159 0.874009 -0.139002 0.465605 0.526316 0.905660
SCIZOM3_Arm_L1.bmp
  15 9.771458 -3.620144 51.958687 0.584633 0.475927 0.657037 0.421053 0.943396
  15 7.795436 -7.051996 52.962094 -0.196690 -0.419578 0.886153 0.105263 1.000000
  15 10.686758 -4.984155 51.135159 0.874009 -0.139002 0.465605 0.526316 0.905660
SCIZOM3_Arm_L1.bmp
  15 10.686758 -4.984155 51.135159 0.874009 -0.139002 0.465605 0.526316 0.905660
  15 7.795436 -7.051996 52.962094 -0.196690 -0.419578 0.886153 0.105263 1.000000
  15 9.765406 -7.844630 49.725622 0.659427 -0.751432 0.022501 0.421053 0.811321
SCIZOM3_Arm_L1.bmp
  15 7.795436 -7.051996 52.962094 -0.196690 -0.419578 0.886153 0.105263 1.000000
  15 8.451498 -7.869017 49.687547 -0.563319 -0.789726 -0.242908 0.210526 0.811321
  15 9.765406 -7.844630 49.725622 0.659427 -0.751432 0.022501 0.421053 0.811321
SCIZOM3_Arm_L1.bmp
  15 9.765406 -7.844630 49.725622 0.659427 -0.751432 0.022501 0.421053 0.811321
  15 8.451498 -7.869017 49.687547 -0.563319 -0.789726 -0.242908 0.210526 0.811321
  15 10.108746 -5.652388 46.317134 0.581015 -0.740020 -0.338809 0.473684 0.622642
SCIZOM3_Arm_L1.bmp
  15 8.135325 -0.739858 43.068157 -0.948266 0.295490 -0.116096 0.157895 0.433962
  15 9.236281 0.316414 39.094080 -0.917667 0.187393 -0.350387 0.315789 0.188679
  15 9.069808 -3.783827 41.350718 -0.562494 -0.628593 -0.537094 0.263158 0.339623
SCIZOM3_Arm_L1.bmp
  15 8.135325 -0.739858 43.068157 -0.948266 0.295490 -0.116096 0.157895 0.433962
  15 10.340568 1.504575 40.766870 -0.074203 0.994037 0.079903 0.473684 0.283019
  15 9.236281 0.316414 39.094080 -0.917667 0.187393 -0.350387 0.315789 0.188679
SCIZOM3_Arm_L1.bmp
  15 8.135325 -0.739858 43.068157 -0.948266 0.295490 -0.116096 0.157895 0.433962
  15 9.621843 0.775211 43.827256 -0.441981 0.863963 0.241290 0.368421 0.471698
  15 10.340568 1.504575 40.766870 -0.074203 0.994037 0.079903 0.473684 0.283019
SCIZOM3_Arm_L1.bmp
  15 8.135325 -0.739858 43.068157 -0.948266 0.295490 -0.116096 0.157895 0.433962
  11 7.432154 -2.954452 46.668288 -0.983471 0.180995 -0.005100 0.052632 0.641509
  15 9.621843 0.775211 43.827256 -0.441981 0.863963 0.241290 0.368421 0.471698
SCIZOM3_Arm_L1.bmp
  15 8.135325 -0.739858 43.068157 -0.948266 0.295490 -0.116096 0.157895 0.433962
  15 8.297553 -5.750167 45.453757 -0.654999 -0.641199 -0.399799 0.157895 0.566038
  11 7.432154 -2.954452 46.668288 -0.983471 0.180995 -0.005100 0.052632 0.641509
SCIZOM3_Arm_L1.bmp
  15 8.135325 -0.739858 43.068157 -0.948266 0.295490 -0.116096 0.157895 0.433962
  15 9.069808 -3.783827 41.350718 -0.562494 -0.628593 -0.537094 0.263158 0.339623
  15 8.297553 -5.750167 45.453757 -0.654999 -0.641199 -0.399799 0.157895 0.566038
SCIZOM3_Arm_L1.bmp
  15 11.973971 -1.129867 38.857600 0.481718 -0.874933 0.049402 0.736842 0.169811
  15 12.401232 -0.839517 43.362769 0.979541 -0.140692 0.143891 0.789474 0.452830
  15 10.226608 -1.455058 38.463809 -0.107903 -0.916625 -0.384910 0.473684 0.150943
SCIZOM3_Arm_L1.bmp
  15 10.226608 -1.455058 38.463809 -0.107903 -0.916625 -0.384910 0.473684 0.150943
  15 12.401232 -0.839517 43.362769 0.979541 -0.140692 0.143891 0.789474 0.452830
  15 10.108746 -5.652388 46.317134 0.581015 -0.740020 -0.338809 0.473684 0.622642
SCIZOM3_Arm_L1.bmp
  15 12.401232 -0.839517 43.362769 0.979541 -0.140692 0.143891 0.789474 0.452830
  15 11.282618 -2.955700 46.886428 0.961847 0.124706 0.243512 0.631579 0.660377
  15 10.108746 -5.652388 46.317134 0.581015 -0.740020 -0.338809 0.473684 0.622642
SCIZOM3_Arm_L1.bmp
  15 10.108746 -5.652388 46.317134 0.581015 -0.740020 -0.338809 0.473684 0.622642
  15 11.282618 -2.955700 46.886428 0.961847 0.124706 0.243512 0.631579 0.660377
  15 9.765406 -7.844630 49.725622 0.659427 -0.751432 0.022501 0.421053 0.811321
SCIZOM3_Arm_L1.bmp
  15 11.282618 -2.955700 46.886428 0.961847 0.124706 0.243512 0.631579 0.660377
  15 10.686758 -4.984155 51.135159 0.874009 -0.139002 0.465605 0.526316 0.905660
  15 9.765406 -7.844630 49.725622 0.659427 -0.751432 0.022501 0.421053 0.811321
SCIZOM3_Arm_L1.bmp
  15 8.479915 -1.335316 48.214815 -0.194401 0.905706 0.376702 0.210526 0.735849
  15 7.906404 -2.219122 50.454920 -0.248991 0.885370 0.392586 0.105263 0.867925
  15 10.007223 -1.828733 47.838958 0.543715 0.727419 0.418611 0.421053 0.716981
SCIZOM3_Arm_L1.bmp
  15 10.007223 -1.828733 47.838958 0.543715 0.727419 0.418611 0.421053 0.716981
  15 7.906404 -2.219122 50.454920 -0.248991 0.885370 0.392586 0.105263 0.867925
  15 9.771458 -3.620144 51.958687 0.584633 0.475927 0.657037 0.421053 0.943396
SCIZOM3_Arm_L1.bmp
  15 11.295793 0.198703 44.138270 0.543715 0.727419 0.418611 0.631579 0.490566
  15 11.282618 -2.955700 46.886428 0.961847 0.124706 0.243512 0.631579 0.660377
  15 12.401232 -0.839517 43.362769 0.979541 -0.140692 0.143891 0.789474 0.452830
SCIZOM3_Arm_L1.bmp
  15 7.795436 -7.051996 52.962094 -0.196690 -0.419578 0.886153 0.105263 1.000000
  15 7.301100 -5.199963 51.531953 -0.994502 -0.040900 0.096400 0.000000 0.924528
  15 8.451498 -7.869017 49.687547 -0.563319 -0.789726 -0.242908 0.210526 0.811321
SCIZOM3_LegFrnt2.bmp
  2 1.046923 -0.279777 21.385568 -0.969410 0.152902 -0.192002 0.000000 0.916667
  3 2.006915 -0.133661 15.897998 -0.985664 -0.117995 -0.120596 0.200000 0.645833
  2 3.426929 -3.558376 22.172182 -0.478268 -0.864141 -0.156589 0.400000 0.958333
SCIZOM3_LegFrnt2.bmp
  2 3.426929 -3.558376 22.172182 -0.478268 -0.864141 -0.156589 0.400000 0.958333
  3 2.006915 -0.133661 15.897998 -0.985664 -0.117995 -0.120596 0.200000 0.645833
  2 3.716921 -2.782219 17.672295 -0.414309 -0.883419 -0.218905 0.466667 0.729167
SCIZOM3_LegFrnt2.bmp
  3 2.006915 -0.133661 15.897998 -0.985664 -0.117995 -0.120596 0.200000 0.645833
  3 3.916917 -1.962434 15.279953 -0.471326 -0.841547 -0.263915 0.466667 0.604167
  2 3.716921 -2.782219 17.672295 -0.414309 -0.883419 -0.218905 0.466667 0.729167
SCIZOM3_LegFrnt2.bmp
  2 3.716921 -2.782219 17.672295 -0.414309 -0.883419 -0.218905 0.466667 0.729167
  3 3.916917 -1.962434 15.279953 -0.471326 -0.841547 -0.263915 0.466667 0.604167
  2 6.396923 -3.474235 18.173100 0.476906 -0.851311 -0.218703 0.866667 0.750000
SCIZOM3_LegFrnt2.bmp
  3 3.916917 -1.962434 15.279953 -0.471326 -0.841547 -0.263915 0.466667 0.604167
  3 6.016917 -2.311703 15.283086 0.290296 -0.915088 -0.279896 0.800000 0.604167
  2 6.396923 -3.474235 18.173100 0.476906 -0.851311 -0.218703 0.866667 0.750000
SCIZOM3_LegFrnt2.bmp
  2 6.396923 -3.474235 18.173100 0.476906 -0.851311 -0.218703 0.866667 0.750000
  3 6.016917 -2.311703 15.283086 0.290296 -0.915088 -0.279896 0.800000 0.604167
  3 7.376916 -0.266761 16.124226 0.997651 -0.050298 -0.046498 1.000000 0.645833
SCIZOM3_LegFrnt2.bmp
  3 6.016917 -2.311703 15.283086 0.290296 -0.915088 -0.279896 0.800000 0.604167
  3 5.946908 -1.111741 9.515748 0.400501 -0.909202 -0.113800 0.800000 0.312500
  3 7.376916 -0.266761 16.124226 0.997651 -0.050298 -0.046498 1.000000 0.645833
SCIZOM3_LegFrnt2.bmp
  3 7.376916 -0.266761 16.124226 0.997651 -0.050298 -0.046498 1.000000 0.645833
  3 5.946908 -1.111741 9.515748 0.400501 -0.909202 -0.113800 0.800000 0.312500
  3 7.266906 0.912442 10.085652 0.999710 -0.005200 -0.023500 1.000000 0.333333
SCIZOM3_LegFrnt2.bmp
  3 5.946908 -1.111741 9.515748 0.400501 -0.909202 -0.113800 0.800000 0.312500
  3 6.036899 -0.762292 3.474317 0.385206 -0.577109 -0.720112 0.800000 0.000000
  3 7.266906 0.912442 10.085652 0.999710 -0.005200 -0.023500 1.000000 0.333333
SCIZOM3_LegFrnt2.bmp
  3 7.266906 0.912442 10.085652 0.999710 -0.005200 -0.023500 1.000000 0.333333
  3 6.036899 -0.762292 3.474317 0.385206 -0.577109 -0.720112 0.800000 0.000000
  3 6.626896 1.573730 3.571300 0.617932 0.337017 -0.710337 0.933333 0.000000
SCIZOM3_LegFrnt2.bmp
  3 3.956907 -0.706774 9.402170 -0.436384 -0.888866 -0.139595 0.466667 0.291667
  3 3.916917 -1.962434 15.279953 -0.471326 -0.841547 -0.263915 0.466667 0.604167
  3 2.276906 1.147482 10.179749 -0.960887 -0.259696 -0.096199 0.200000 0.333333
SCIZOM3_LegFrnt2.bmp
  3 3.956907 -0.706774 9.402170 -0.436384 -0.888866 -0.139595 0.466667 0.291667
  3 6.016917 -2.311703 15.283086 0.290296 -0.915088 -0.279896 0.800000 0.604167
  3 3.916917 -1.962434 15.279953 -0.471326 -0.841547 -0.263915 0.466667 0.604167
SCIZOM3_LegFrnt2.bmp
  3 3.956907 -0.706774 9.402170 -0.436384 -0.888866 -0.139595 0.466667 0.291667
  3 5.946908 -1.111741 9.515748 0.400501 -0.909202 -0.113800 0.800000 0.312500
  3 6.016917 -2.311703 15.283086 0.290296 -0.915088 -0.279896 0.800000 0.604167
SCIZOM3_LegFrnt2.bmp
  3 3.956907 -0.706774 9.402170 -0.436384 -0.888866 -0.139595 0.466667 0.291667
  3 4.196898 -0.425924 3.437515 -0.461211 -0.734417 -0.497912 0.533333 0.000000
  3 5.946908 -1.111741 9.515748 0.400501 -0.909202 -0.113800 0.800000 0.312500
SCIZOM3_LegFrnt2.bmp
  3 3.956907 -0.706774 9.402170 -0.436384 -0.888866 -0.139595 0.466667 0.291667
  3 2.276906 1.147482 10.179749 -0.960887 -0.259696 -0.096199 0.200000 0.333333
  3 4.196898 -0.425924 3.437515 -0.461211 -0.734417 -0.497912 0.533333 0.000000
SCIZOM3_LegFrnt2.bmp
  2 3.716921 -2.782219 17.672295 -0.414309 -0.883419 -0.218905 0.466667 0.729167
  2 6.396923 -3.474235 18.173100 0.476906 -0.851311 -0.218703 0.866667 0.750000
  2 6.006930 -3.807245 22.989407 0.422986 -0.906070 -0.011000 0.800000 1.000000
SCIZOM3_LegFrnt2.bmp
  2 6.006930 -3.807245 22.989407 0.422986 -0.906070 -0.011000 0.800000 1.000000
  2 6.396923 -3.474235 18.173100 0.476906 -0.851311 -0.218703 0.866667 0.750000
  2 7.176925 -0.837223 21.906178 0.985121 -0.123803 -0.119203 1.000000 0.958333
SCIZOM3_LegFrnt2.bmp
  2 6.396923 -3.474235 18.173100 0.476906 -0.851311 -0.218703 0.866667 0.750000
  3 7.376916 -0.266761 16.124226 0.997651 -0.050298 -0.046498 1.000000 0.645833
  2 7.176925 -0.837223 21.906178 0.985121 -0.123803 -0.119203 1.000000 0.958333
SCIZOM3_LegFrnt2.bmp
  2 6.006930 -3.807245 22.989407 0.422986 -0.906070 -0.011000 0.800000 1.000000
  2 3.426929 -3.558376 22.172182 -0.478268 -0.864141 -0.156589 0.400000 0.958333
  2 3.716921 -2.782219 17.672295 -0.414309 -0.883419 -0.218905 0.466667 0.729167
SCIZOM3_LegFrnt2.bmp
  3 3.916917 -1.962434 15.279953 -0.471326 -0.841547 -0.263915 0.466667 0.604167
  3 2.006915 -0.133661 15.897998 -0.985664 -0.117995 -0.120596 0.200000 0.645833
  3 2.276906 1.147482 10.179749 -0.960887 -0.259696 -0.096199 0.200000 0.333333
SCIZOM3_LegFrnt2.bmp
  3 3.026896 1.364795 3.452358 -0.562771 0.172291 -0.808458 0.333333 0.000000
  3 4.196898 -0.425924 3.437515 -0.461211 -0.734417 -0.497912 0.533333 0.000000
  3 2.276906 1.147482 10.179749 -0.960887 -0.259696 -0.096199 0.200000 0.333333
SCIZOM3_LegFrnt2.bmp
  3 4.196898 -0.425924 3.437515 -0.461211 -0.734417 -0.497912 0.533333 0.000000
  3 6.036899 -0.762292 3.474317 0.385206 -0.577109 -0.720112 0.800000 0.000000
  3 5.946908 -1.111741 9.515748 0.400501 -0.909202 -0.113800 0.800000 0.312500
Sci3(Shoe).bmp
  3 5.296898 -0.260724 3.341547 0.814032 -0.570823 -0.107304 0.574468 0.941176
  3 4.296897 0.079734 3.377430 -0.734673 -0.485382 -0.473983 0.617021 0.941176
  4 4.896899 -1.657881 2.936404 -0.006200 -0.240601 0.970604 0.446809 0.823529
Sci3(Shoe).bmp
  4 4.896899 -1.657881 2.936404 -0.006200 -0.240601 0.970604 0.446809 0.823529
  3 4.296897 0.079734 3.377430 -0.734673 -0.485382 -0.473983 0.617021 0.941176
  4 3.766901 -4.397882 1.906404 -0.737585 -0.387092 0.553289 0.148936 0.529412
Sci3(Shoe).bmp
  3 4.296897 0.079734 3.377430 -0.734673 -0.485382 -0.473983 0.617021 0.941176
  4 3.476891 1.522118 0.046407 -0.946294 0.207899 -0.247599 0.765957 0.000000
  4 3.766901 -4.397882 1.906404 -0.737585 -0.387092 0.553289 0.148936 0.529412
Sci3(Shoe).bmp
  4 3.766901 -4.397882 1.906404 -0.737585 -0.387092 0.553289 0.148936 0.529412
  4 3.476891 1.522118 0.046407 -0.946294 0.207899 -0.247599 0.765957 0.000000
  4 3.536899 -4.507882 -0.053595 -0.502907 -0.242203 -0.829712 0.148936 0.000000
Sci3(Shoe).bmp
  4 3.476891 1.522118 0.046407 -0.946294 0.207899 -0.247599 0.765957 0.000000
  4 6.206891 1.592121 0.016403 0.780108 0.271003 -0.563906 0.765957 0.000000
  4 3.536899 -4.507882 -0.053595 -0.502907 -0.242203 -0.829712 0.148936 0.000000
Sci3(Shoe).bmp
  4 3.536899 -4.507882 -0.053595 -0.502907 -0.242203 -0.829712 0.148936 0.000000
  4 6.206891 1.592121 0.016403 0.780108 0.271003 -0.563906 0.765957 0.000000
  4 7.006898 -4.067878 -0.053600 0.734373 -0.262391 -0.625977 0.191489 0.000000
Sci3(Shoe).bmp
  4 6.206891 1.592121 0.016403 0.780108 0.271003 -0.563906 0.765957 0.000000
  4 6.366901 -4.037879 1.836401 0.777203 -0.261801 0.572202 0.191489 0.529412
  4 7.006898 -4.067878 -0.053600 0.734373 -0.262391 -0.625977 0.191489 0.000000
Sci3(Shoe).bmp
  4 7.006898 -4.067878 -0.053600 0.734373 -0.262391 -0.625977 0.191489 0.000000
  4 6.366901 -4.037879 1.836401 0.777203 -0.261801 0.572202 0.191489 0.529412
  4 5.196901 -6.027880 0.116402 0.046801 -0.992718 -0.111002 0.000000 0.058824
Sci3(Shoe).bmp
  4 6.366901 -4.037879 1.836401 0.777203 -0.261801 0.572202 0.191489 0.529412
  4 5.046903 -5.627881 1.906402 0.049298 -0.728678 0.683080 0.042553 0.529412
  4 5.196901 -6.027880 0.116402 0.046801 -0.992718 -0.111002 0.000000 0.058824
Sci3(Shoe).bmp
  4 5.196901 -6.027880 0.116402 0.046801 -0.992718 -0.111002 0.000000 0.058824
  4 5.046903 -5.627881 1.906402 0.049298 -0.728678 0.683080 0.042553 0.529412
  4 3.766901 -4.397882 1.906404 -0.737585 -0.387092 0.553289 0.148936 0.529412
Sci3(Shoe).bmp
  4 5.046903 -5.627881 1.906402 0.049298 -0.728678 0.683080 0.042553 0.529412
  4 4.936902 -4.237881 2.536403 0.020100 -0.286400 0.957899 0.170213 0.705882
  4 3.766901 -4.397882 1.906404 -0.737585 -0.387092 0.553289 0.148936 0.529412
Sci3(Shoe).bmp
  4 3.766901 -4.397882 1.906404 -0.737585 -0.387092 0.553289 0.148936 0.529412
  4 4.936902 -4.237881 2.536403 0.020100 -0.286400 0.957899 0.170213 0.705882
  4 4.896899 -1.657881 2.936404 -0.006200 -0.240601 0.970604 0.446809 0.823529
Sci3(Shoe).bmp
  4 4.936902 -4.237881 2.536403 0.020100 -0.286400 0.957899 0.170213 0.705882
  4 6.366901 -4.037879 1.836401 0.777203 -0.261801 0.572202 0.191489 0.529412
  4 4.896899 -1.657881 2.936404 -0.006200 -0.240601 0.970604 0.446809 0.823529
Sci3(Shoe).bmp
  4 4.896899 -1.657881 2.936404 -0.006200 -0.240601 0.970604 0.446809 0.823529
  4 6.366901 -4.037879 1.836401 0.777203 -0.261801 0.572202 0.191489 0.529412
  3 5.296898 -0.260724 3.341547 0.814032 -0.570823 -0.107304 0.574468 0.941176
Sci3(Shoe).bmp
  4 6.366901 -4.037879 1.836401 0.777203 -0.261801 0.572202 0.191489 0.529412
  4 6.066893 1.562121 1.766403 0.954059 0.247889 0.168293 0.765957 0.470588
  3 5.296898 -0.260724 3.341547 0.814032 -0.570823 -0.107304 0.574468 0.941176
Sci3(Shoe).bmp
  3 5.296898 -0.260724 3.341547 0.814032 -0.570823 -0.107304 0.574468 0.941176
  4 6.066893 1.562121 1.766403 0.954059 0.247889 0.168293 0.765957 0.470588
  3 6.046895 1.570275 3.314224 0.832931 0.529619 -0.160406 0.765957 0.941176
Sci3(Shoe).bmp
  4 6.066893 1.562121 1.766403 0.954059 0.247889 0.168293 0.765957 0.470588
  3 4.636894 3.145763 3.464994 0.137896 0.694780 -0.705879 0.936170 0.941176
  3 6.046895 1.570275 3.314224 0.832931 0.529619 -0.160406 0.765957 0.941176
Sci3(Shoe).bmp
  3 6.046895 1.570275 3.314224 0.832931 0.529619 -0.160406 0.765957 0.941176
  3 4.636894 3.145763 3.464994 0.137896 0.694780 -0.705879 0.936170 0.941176
  3 6.046896 1.526217 3.509311 0.384892 0.862182 -0.329393 0.765957 1.000000
Sci3(Shoe).bmp
  3 4.636894 3.145763 3.464994 0.137896 0.694780 -0.705879 0.936170 0.941176
  3 6.626896 1.573730 3.571300 0.617932 0.337017 -0.710337 0.765957 1.000000
  3 6.046896 1.526217 3.509311 0.384892 0.862182 -0.329393 0.765957 1.000000
Sci3(Shoe).bmp
  3 6.046896 1.526217 3.509311 0.384892 0.862182 -0.329393 0.765957 1.000000
  3 6.626896 1.573730 3.571300 0.617932 0.337017 -0.710337 0.765957 1.000000
  3 6.046895 1.570275 3.314224 0.832931 0.529619 -0.160406 0.765957 0.941176
Sci3(Shoe).bmp
  3 6.626896 1.573730 3.571300 0.617932 0.337017 -0.710337 0.765957 1.000000
  3 5.296898 -0.260724 3.341547 0.814032 -0.570823 -0.107304 0.574468 0.941176
  3 6.046895 1.570275 3.314224 0.832931 0.529619 -0.160406 0.765957 0.941176
Sci3(Shoe).bmp
  7 -4.232731 1.582109 0.016417 -0.752930 0.261711 -0.603824 0.765957 0.000000
  7 -2.792734 3.622111 -0.033584 0.030398 0.750156 -0.660562 0.978723 0.000000
  7 -1.502731 1.522113 0.056414 0.945098 0.211399 -0.249199 0.765957 0.000000
Sci3(Shoe).bmp
  7 -1.502731 1.522113 0.056414 0.945098 0.211399 -0.249199 0.765957 0.000000
  7 -2.792734 3.622111 -0.033584 0.030398 0.750156 -0.660562 0.978723 0.000000
  7 -2.992731 3.522110 1.766416 -0.273010 0.956736 0.100604 0.957447 0.470588
Sci3(Shoe).bmp
  7 -2.792734 3.622111 -0.033584 0.030398 0.750156 -0.660562 0.978723 0.000000
  7 -4.232731 1.582109 0.016417 -0.752930 0.261711 -0.603824 0.765957 0.000000
  7 -2.992731 3.522110 1.766416 -0.273010 0.956736 0.100604 0.957447 0.470588
Sci3(Shoe).bmp
  7 -2.992731 3.522110 1.766416 -0.273010 0.956736 0.100604 0.957447 0.470588
  7 -4.232731 1.582109 0.016417 -0.752930 0.261711 -0.603824 0.765957 0.000000
  7 -4.302729 1.562109 1.836418 -0.950728 0.271208 0.150205 0.765957 0.529412
Sci3(Shoe).bmp
  7 -4.232731 1.582109 0.016417 -0.752930 0.261711 -0.603824 0.765957 0.000000
  7 -4.362721 -4.047892 1.826416 -0.795862 -0.275687 0.539074 0.191489 0.529412
  7 -4.302729 1.562109 1.836418 -0.950728 0.271208 0.150205 0.765957 0.529412
Sci3(Shoe).bmp
  7 -4.302729 1.562109 1.836418 -0.950728 0.271208 0.150205 0.765957 0.529412
  7 -4.362721 -4.047892 1.826416 -0.795862 -0.275687 0.539074 0.191489 0.529412
  6 -3.522724 -0.262937 3.351313 -0.841328 -0.513817 -0.167806 0.574468 0.941176
Sci3(Shoe).bmp
  7 -4.362721 -4.047892 1.826416 -0.795862 -0.275687 0.539074 0.191489 0.529412
  7 -2.932723 -1.657890 2.936415 0.003900 -0.244110 0.969740 0.446809 0.823529
  6 -3.522724 -0.262937 3.351313 -0.841328 -0.513817 -0.167806 0.574468 0.941176
Sci3(Shoe).bmp
  6 -3.522724 -0.262937 3.351313 -0.841328 -0.513817 -0.167806 0.574468 0.941176
  7 -2.932723 -1.657890 2.936415 0.003900 -0.244110 0.969740 0.446809 0.823529
  6 -2.272724 0.079727 3.377439 0.786414 -0.468809 -0.402207 0.617021 0.941176
Sci3(Shoe).bmp
  7 -2.932723 -1.657890 2.936415 0.003900 -0.244110 0.969740 0.446809 0.823529
  7 -1.792721 -4.397888 1.906412 0.738208 -0.388304 0.551606 0.148936 0.529412
  6 -2.272724 0.079727 3.377439 0.786414 -0.468809 -0.402207 0.617021 0.941176
Sci3(Shoe).bmp
  6 -2.272724 0.079727 3.377439 0.786414 -0.468809 -0.402207 0.617021 0.941176
  7 -1.792721 -4.397888 1.906412 0.738208 -0.388304 0.551606 0.148936 0.529412
  7 -1.502731 1.522113 0.056414 0.945098 0.211399 -0.249199 0.765957 0.000000
Sci3(Shoe).bmp
  7 -1.792721 -4.397888 1.906412 0.738208 -0.388304 0.551606 0.148936 0.529412
  7 -1.562723 -4.507887 -0.053588 0.504501 -0.236101 -0.830503 0.148936 0.000000
  7 -1.502731 1.522113 0.056414 0.945098 0.211399 -0.249199 0.765957 0.000000
Sci3(Shoe).bmp
  7 -1.502731 1.522113 0.056414 0.945098 0.211399 -0.249199 0.765957 0.000000
  7 -1.562723 -4.507887 -0.053588 0.504501 -0.236101 -0.830503 0.148936 0.000000
  7 -4.232731 1.582109 0.016417 -0.752930 0.261711 -0.603824 0.765957 0.000000
Sci3(Shoe).bmp
  7 -1.562723 -4.507887 -0.053588 0.504501 -0.236101 -0.830503 0.148936 0.000000
  7 -4.852724 -4.067892 -0.053583 -0.726033 -0.241311 -0.643929 0.191489 0.000000
  7 -4.232731 1.582109 0.016417 -0.752930 0.261711 -0.603824 0.765957 0.000000
Sci3(Shoe).bmp
  7 -4.232731 1.582109 0.016417 -0.752930 0.261711 -0.603824 0.765957 0.000000
  7 -4.852724 -4.067892 -0.053583 -0.726033 -0.241311 -0.643929 0.191489 0.000000
  7 -4.362721 -4.047892 1.826416 -0.795862 -0.275687 0.539074 0.191489 0.529412
Sci3(Shoe).bmp
  7 -4.852724 -4.067892 -0.053583 -0.726033 -0.241311 -0.643929 0.191489 0.000000
  7 -3.232721 -6.047890 0.086414 -0.062698 -0.989868 -0.127396 0.000000 0.058824
  7 -4.362721 -4.047892 1.826416 -0.795862 -0.275687 0.539074 0.191489 0.529412
Sci3(Shoe).bmp
  7 -4.362721 -4.047892 1.826416 -0.795862 -0.275687 0.539074 0.191489 0.529412
  7 -3.232721 -6.047890 0.086414 -0.062698 -0.989868 -0.127396 0.000000 0.058824
  7 -3.082719 -5.627890 1.906414 -0.056104 -0.726148 0.685245 0.042553 0.529412
Sci3(Shoe).bmp
  7 -3.232721 -6.047890 0.086414 -0.062698 -0.989868 -0.127396 0.000000 0.058824
  7 -1.792721 -4.397888 1.906412 0.738208 -0.388304 0.551606 0.148936 0.529412
  7 -3.082719 -5.627890 1.906414 -0.056104 -0.726148 0.685245 0.042553 0.529412
Sci3(Shoe).bmp
  7 -3.082719 -5.627890 1.906414 -0.056104 -0.726148 0.685245 0.042553 0.529412
  7 -1.792721 -4.397888 1.906412 0.738208 -0.388304 0.551606 0.148936 0.529412
  7 -2.972720 -4.247890 2.536414 -0.026901 -0.286106 0.957820 0.170213 0.705882
Sci3(Shoe).bmp
  7 -1.792721 -4.397888 1.906412 0.738208 -0.388304 0.551606 0.148936 0.529412
  7 -2.932723 -1.657890 2.936415 0.003900 -0.244110 0.969740 0.446809 0.823529
  7 -2.972720 -4.247890 2.536414 -0.026901 -0.286106 0.957820 0.170213 0.705882
Sci3(Shoe).bmp
  7 -2.972720 -4.247890 2.536414 -0.026901 -0.286106 0.957820 0.170213 0.705882
  7 -2.932723 -1.657890 2.936415 0.003900 -0.244110 0.969740 0.446809 0.823529
  7 -4.362721 -4.047892 1.826416 -0.795862 -0.275687 0.539074 0.191489 0.529412
Sci3(Shoe).bmp
  4 3.476891 1.522118 0.046407 -0.946294 0.207899 -0.247599 0.765957 0.000000
  4 4.756888 3.622120 -0.033595 -0.030398 0.750156 -0.660562 0.978723 0.000000
  4 6.206891 1.592121 0.016403 0.780108 0.271003 -0.563906 0.765957 0.000000
Sci3(Shoe).bmp
  4 6.206891 1.592121 0.016403 0.780108 0.271003 -0.563906 0.765957 0.000000
  4 4.756888 3.622120 -0.033595 -0.030398 0.750156 -0.660562 0.978723 0.000000
  4 4.956891 3.532119 1.756405 0.309709 0.941127 0.135504 0.957447 0.470588
Sci3(Shoe).bmp
  4 4.756888 3.622120 -0.033595 -0.030398 0.750156 -0.660562 0.978723 0.000000
  4 3.476891 1.522118 0.046407 -0.946294 0.207899 -0.247599 0.765957 0.000000
  4 4.956891 3.532119 1.756405 0.309709 0.941127 0.135504 0.957447 0.470588
Sci3(Shoe).bmp
  4 4.956891 3.532119 1.756405 0.309709 0.941127 0.135504 0.957447 0.470588
  4 3.476891 1.522118 0.046407 -0.946294 0.207899 -0.247599 0.765957 0.000000
  3 4.636894 3.145763 3.464994 0.137896 0.694780 -0.705879 0.936170 0.941176
Sci3(Shoe).bmp
  4 3.476891 1.522118 0.046407 -0.946294 0.207899 -0.247599 0.765957 0.000000
  3 3.676896 1.402871 3.419948 -0.704520 0.047101 -0.708120 0.744681 0.941176
  3 4.636894 3.145763 3.464994 0.137896 0.694780 -0.705879 0.936170 0.941176
Sci3(Shoe).bmp
  3 4.636894 3.145763 3.464994 0.137896 0.694780 -0.705879 0.936170 0.941176
  3 3.676896 1.402871 3.419948 -0.704520 0.047101 -0.708120 0.744681 0.941176
  3 3.026896 1.364795 3.452358 -0.562771 0.172291 -0.808458 0.744681 0.941176
Sci3(Shoe).bmp
  3 3.676896 1.402871 3.419948 -0.704520 0.047101 -0.708120 0.744681 0.941176
  3 4.296897 0.079734 3.377430 -0.734673 -0.485382 -0.473983 0.617021 0.941176
  3 3.026896 1.364795 3.452358 -0.562771 0.172291 -0.808458 0.744681 0.941176
Sci3(Shoe).bmp
  3 3.026896 1.364795 3.452358 -0.562771 0.172291 -0.808458 0.744681 0.941176
  3 4.296897 0.079734 3.377430 -0.734673 -0.485382 -0.473983 0.617021 0.941176
  3 4.196898 -0.425924 3.437515 -0.461211 -0.734417 -0.497912 0.553191 0.941176
Sci3(Shoe).bmp
  3 4.296897 0.079734 3.377430 -0.734673 -0.485382 -0.473983 0.617021 0.941176
  3 6.036899 -0.762292 3.474317 0.385206 -0.577109 -0.720112 0.531915 1.000000
  3 4.196898 -0.425924 3.437515 -0.461211 -0.734417 -0.497912 0.553191 0.941176
Sci3(Shoe).bmp
  6 -2.672728 3.143552 3.474759 0.068603 0.635029 -0.769436 0.936170 0.941176
  6 -2.742729 3.737942 3.475721 -0.083698 0.711987 -0.697187 0.978723 0.941176
  6 -1.202726 1.333951 3.588924 0.675122 0.104103 -0.730324 0.744681 1.000000
Sci3(Shoe).bmp
  6 -2.672728 3.143552 3.474759 0.068603 0.635029 -0.769436 0.936170 0.941176
  6 -5.012726 1.543510 3.523487 -0.608626 0.171808 -0.774633 0.765957 1.000000
  6 -2.742729 3.737942 3.475721 -0.083698 0.711987 -0.697187 0.978723 0.941176
Sci3(Shoe).bmp
  6 -2.672728 3.143552 3.474759 0.068603 0.635029 -0.769436 0.936170 0.941176
  6 -4.172726 1.570263 3.314239 -0.758778 0.204594 -0.618382 0.765957 0.941176
  6 -5.012726 1.543510 3.523487 -0.608626 0.171808 -0.774633 0.765957 1.000000
Sci3(Shoe).bmp
  6 -2.672728 3.143552 3.474759 0.068603 0.635029 -0.769436 0.936170 0.941176
  7 -4.302729 1.562109 1.836418 -0.950728 0.271208 0.150205 0.765957 0.529412
  6 -4.172726 1.570263 3.314239 -0.758778 0.204594 -0.618382 0.765957 0.941176
Sci3(Shoe).bmp
  6 -2.672728 3.143552 3.474759 0.068603 0.635029 -0.769436 0.936170 0.941176
  7 -2.992731 3.522110 1.766416 -0.273010 0.956736 0.100604 0.957447 0.470588
  7 -4.302729 1.562109 1.836418 -0.950728 0.271208 0.150205 0.765957 0.529412
Sci3(Shoe).bmp
  6 -2.672728 3.143552 3.474759 0.068603 0.635029 -0.769436 0.936170 0.941176
  7 -1.502731 1.522113 0.056414 0.945098 0.211399 -0.249199 0.765957 0.000000
  7 -2.992731 3.522110 1.766416 -0.273010 0.956736 0.100604 0.957447 0.470588
Sci3(Shoe).bmp
  6 -2.672728 3.143552 3.474759 0.068603 0.635029 -0.769436 0.936170 0.941176
  6 -1.702726 1.400662 3.429710 0.802219 0.067401 -0.593214 0.744681 0.941176
  7 -1.502731 1.522113 0.056414 0.945098 0.211399 -0.249199 0.765957 0.000000
Sci3(Shoe).bmp
  6 -2.672728 3.143552 3.474759 0.068603 0.635029 -0.769436 0.936170 0.941176
  6 -1.202726 1.333951 3.588924 0.675122 0.104103 -0.730324 0.744681 1.000000
  6 -1.702726 1.400662 3.429710 0.802219 0.067401 -0.593214 0.744681 0.941176
Sci3(Shoe).bmp
  6 -2.272724 0.079727 3.377439 0.786414 -0.468809 -0.402207 0.617021 0.941176
  6 -3.972723 -0.760101 3.464577 -0.361020 -0.596733 -0.716640 0.531915 0.941176
  6 -3.522724 -0.262937 3.351313 -0.841328 -0.513817 -0.167806 0.574468 0.941176
Sci3(Shoe).bmp
  6 -2.272724 0.079727 3.377439 0.786414 -0.468809 -0.402207 0.617021 0.941176
  6 -2.292724 -0.433799 3.517761 0.518104 -0.743906 -0.422104 0.553191 1.000000
  6 -3.972723 -0.760101 3.464577 -0.361020 -0.596733 -0.716640 0.531915 0.941176
Sci3(Shoe).bmp
  6 -2.272724 0.079727 3.377439 0.786414 -0.468809 -0.402207 0.617021 0.941176
  6 -1.202726 1.333951 3.588924 0.675122 0.104103 -0.730324 0.744681 1.000000
  6 -2.292724 -0.433799 3.517761 0.518104 -0.743906 -0.422104 0.553191 1.000000
Sci3(Shoe).bmp
  6 -2.272724 0.079727 3.377439 0.786414 -0.468809 -0.402207 0.617021 0.941176
  6 -1.702726 1.400662 3.429710 0.802219 0.067401 -0.593214 0.744681 0.941176
  6 -1.202726 1.333951 3.588924 0.675122 0.104103 -0.730324 0.744681 1.000000
Sci3(Shoe).bmp
  6 -2.272724 0.079727 3.377439 0.786414 -0.468809 -0.402207 0.617021 0.941176
  7 -1.502731 1.522113 0.056414 0.945098 0.211399 -0.249199 0.765957 0.000000
  6 -1.702726 1.400662 3.429710 0.802219 0.067401 -0.593214 0.744681 0.941176
Sci3(Shoe).bmp
  3 4.636894 3.145763 3.464994 0.137896 0.694780 -0.705879 0.936170 0.941176
  4 6.066893 1.562121 1.766403 0.954059 0.247889 0.168293 0.765957 0.470588
  4 4.956891 3.532119 1.756405 0.309709 0.941127 0.135504 0.957447 0.470588
Sci3(Shoe).bmp
  4 4.956891 3.532119 1.756405 0.309709 0.941127 0.135504 0.957447 0.470588
  4 6.066893 1.562121 1.766403 0.954059 0.247889 0.168293 0.765957 0.470588
  4 6.206891 1.592121 0.016403 0.780108 0.271003 -0.563906 0.765957 0.000000
Sci3(Shoe).bmp
  4 6.066893 1.562121 1.766403 0.954059 0.247889 0.168293 0.765957 0.470588
  4 6.366901 -4.037879 1.836401 0.777203 -0.261801 0.572202 0.191489 0.529412
  4 6.206891 1.592121 0.016403 0.780108 0.271003 -0.563906 0.765957 0.000000
Sci3(Shoe).bmp
  7 -4.302729 1.562109 1.836418 -0.950728 0.271208 0.150205 0.765957 0.529412
  6 -3.522724 -0.262937 3.351313 -0.841328 -0.513817 -0.167806 0.574468 0.941176
  6 -4.172726 1.570263 3.314239 -0.758778 0.204594 -0.618382 0.765957 0.941176
Sci3(Shoe).bmp
  6 -4.172726 1.570263 3.314239 -0.758778 0.204594 -0.618382 0.765957 0.941176
  6 -3.522724 -0.262937 3.351313 -0.841328 -0.513817 -0.167806 0.574468 0.941176
  6 -5.012726 1.543510 3.523487 -0.608626 0.171808 -0.774633 0.765957 1.000000
Sci3(Shoe).bmp
  6 -3.522724 -0.262937 3.351313 -0.841328 -0.513817 -0.167806 0.574468 0.941176
  6 -3.972723 -0.760101 3.464577 -0.361020 -0.596733 -0.716640 0.531915 0.941176
  6 -5.012726 1.543510 3.523487 -0.608626 0.171808 -0.774633 0.765957 1.000000
Sci3(Shoe).bmp
  4 7.006898 -4.067878 -0.053600 0.734373 -0.262391 -0.625977 0.191489 0.000000
  4 5.196901 -6.027880 0.116402 0.046801 -0.992718 -0.111002 0.000000 0.058824
  4 3.536899 -4.507882 -0.053595 -0.502907 -0.242203 -0.829712 0.148936 0.000000
Sci3(Shoe).bmp
  4 3.536899 -4.507882 -0.053595 -0.502907 -0.242203 -0.829712 0.148936 0.000000
  4 5.196901 -6.027880 0.116402 0.046801 -0.992718 -0.111002 0.000000 0.058824
  4 3.766901 -4.397882 1.906404 -0.737585 -0.387092 0.553289 0.148936 0.529412
Sci3(Shoe).bmp
  3 3.026896 1.364795 3.452358 -0.562771 0.172291 -0.808458 0.744681 0.941176
  3 4.706893 3.735430 3.577659 0.112896 0.764571 -0.634576 0.978723 1.000000
  3 4.636894 3.145763 3.464994 0.137896 0.694780 -0.705879 0.936170 0.941176
Sci3(Shoe).bmp
  3 4.636894 3.145763 3.464994 0.137896 0.694780 -0.705879 0.936170 0.941176
  3 4.706893 3.735430 3.577659 0.112896 0.764571 -0.634576 0.978723 1.000000
  3 6.626896 1.573730 3.571300 0.617932 0.337017 -0.710337 0.765957 1.000000
Sci3(Shoe).bmp
  3 4.296897 0.079734 3.377430 -0.734673 -0.485382 -0.473983 0.617021 0.941176
  3 5.296898 -0.260724 3.341547 0.814032 -0.570823 -0.107304 0.574468 0.941176
  3 6.036899 -0.762292 3.474317 0.385206 -0.577109 -0.720112 0.531915 1.000000
Sci3(Shoe).bmp
  3 6.036899 -0.762292 3.474317 0.385206 -0.577109 -0.720112 0.531915 1.000000
  3 5.296898 -0.260724 3.341547 0.814032 -0.570823 -0.107304 0.574468 0.941176
  3 6.626896 1.573730 3.571300 0.617932 0.337017 -0.710337 0.765957 1.000000
Sci3(Shoe).bmp
  7 -4.852724 -4.067892 -0.053583 -0.726033 -0.241311 -0.643929 0.191489 0.000000
  7 -1.562723 -4.507887 -0.053588 0.504501 -0.236101 -0.830503 0.148936 0.000000
  7 -3.232721 -6.047890 0.086414 -0.062698 -0.989868 -0.127396 0.000000 0.058824
Sci3(Shoe).bmp
  7 -3.232721 -6.047890 0.086414 -0.062698 -0.989868 -0.127396 0.000000 0.058824
  7 -1.562723 -4.507887 -0.053588 0.504501 -0.236101 -0.830503 0.148936 0.000000
  7 -1.792721 -4.397888 1.906412 0.738208 -0.388304 0.551606 0.148936 0.529412
Sci3(Shoe).bmp
  4 5.046903 -5.627881 1.906402 0.049298 -0.728678 0.683080 0.042553 0.529412
  4 6.366901 -4.037879 1.836401 0.777203 -0.261801 0.572202 0.191489 0.529412
  4 4.936902 -4.237881 2.536403 0.020100 -0.286400 0.957899 0.170213 0.705882
Sci3(Shoe).bmp
  3 3.676896 1.402871 3.419948 -0.704520 0.047101 -0.708120 0.744681 0.941176
  4 3.476891 1.522118 0.046407 -0.946294 0.207899 -0.247599 0.765957 0.000000
  3 4.296897 0.079734 3.377430 -0.734673 -0.485382 -0.473983 0.617021 0.941176
Sci3(Shoe).bmp
  7 -3.082719 -5.627890 1.906414 -0.056104 -0.726148 0.685245 0.042553 0.529412
  7 -2.972720 -4.247890 2.536414 -0.026901 -0.286106 0.957820 0.170213 0.705882
  7 -4.362721 -4.047892 1.826416 -0.795862 -0.275687 0.539074 0.191489 0.529412
SCIZOM3_Pelvis.bmp
  2 7.176925 -0.837223 21.906178 0.985121 -0.123803 -0.119203 0.963636 0.032258
  1 6.562132 -0.999985 33.282504 0.954090 -0.286697 0.086699 0.909091 0.774194
  2 6.006930 -3.807245 22.989407 0.422986 -0.906070 -0.011000 0.872727 0.096774
SCIZOM3_Pelvis.bmp
  2 6.006930 -3.807245 22.989407 0.422986 -0.906070 -0.011000 0.872727 0.096774
  1 6.562132 -0.999985 33.282504 0.954090 -0.286697 0.086699 0.909091 0.774194
  2 3.606938 -4.118442 28.540920 0.199403 -0.978017 -0.061001 0.690909 0.467742
SCIZOM3_Pelvis.bmp
  1 6.562132 -0.999985 33.282504 0.954090 -0.286697 0.086699 0.909091 0.774194
  1 3.662141 -4.669992 31.562503 0.378408 -0.902720 -0.204704 0.690909 0.661290
  2 3.606938 -4.118442 28.540920 0.199403 -0.978017 -0.061001 0.690909 0.467742
SCIZOM3_Pelvis.bmp
  2 3.606938 -4.118442 28.540920 0.199403 -0.978017 -0.061001 0.690909 0.467742
  1 3.662141 -4.669992 31.562503 0.378408 -0.902720 -0.204704 0.690909 0.661290
  1 1.722138 -3.719996 28.572503 -0.337805 -0.884312 -0.322304 0.545455 0.467742
SCIZOM3_Pelvis.bmp
  1 3.662141 -4.669992 31.562503 0.378408 -0.902720 -0.204704 0.690909 0.661290
  1 -2.437859 -4.680007 31.572503 -0.254689 -0.912161 -0.321086 0.236364 0.661290
  1 1.722138 -3.719996 28.572503 -0.337805 -0.884312 -0.322304 0.545455 0.467742
SCIZOM3_Pelvis.bmp
  1 1.722138 -3.719996 28.572503 -0.337805 -0.884312 -0.322304 0.545455 0.467742
  1 -2.437859 -4.680007 31.572503 -0.254689 -0.912161 -0.321086 0.236364 0.661290
  1 -0.827862 -3.730002 28.572503 0.426606 -0.859513 -0.281504 0.363636 0.467742
SCIZOM3_Pelvis.bmp
  1 -2.437859 -4.680007 31.572503 -0.254689 -0.912161 -0.321086 0.236364 0.661290
  5 -2.522683 -4.120787 28.723397 -0.196598 -0.978591 -0.060899 0.236364 0.483871
  1 -0.827862 -3.730002 28.572503 0.426606 -0.859513 -0.281504 0.363636 0.467742
SCIZOM3_Pelvis.bmp
  1 -0.827862 -3.730002 28.572503 0.426606 -0.859513 -0.281504 0.363636 0.467742
  5 -2.522683 -4.120787 28.723397 -0.196598 -0.978591 -0.060899 0.236364 0.483871
  5 -1.722693 -3.558381 22.172190 0.493597 -0.858896 -0.136599 0.290909 0.048387
SCIZOM3_Pelvis.bmp
  5 -2.522683 -4.120787 28.723397 -0.196598 -0.978591 -0.060899 0.236364 0.483871
  5 -4.462692 -3.805740 22.999306 -0.412876 -0.910347 -0.028298 0.090909 0.096774
  5 -1.722693 -3.558381 22.172190 0.493597 -0.858896 -0.136599 0.290909 0.048387
SCIZOM3_Pelvis.bmp
  8 6.212130 -1.074790 35.202410 0.998689 0.051099 0.003100 0.890909 0.903226
  8 3.852125 -4.403282 35.688534 0.673501 -0.734001 -0.087400 0.709091 0.935484
  1 6.562132 -0.999985 33.282504 0.954090 -0.286697 0.086699 0.909091 0.774194
SCIZOM3_Pelvis.bmp
  1 6.562132 -0.999985 33.282504 0.954090 -0.286697 0.086699 0.909091 0.774194
  8 3.852125 -4.403282 35.688534 0.673501 -0.734001 -0.087400 0.709091 0.935484
  1 3.662141 -4.669992 31.562503 0.378408 -0.902720 -0.204704 0.690909 0.661290
SCIZOM3_Pelvis.bmp
  8 3.852125 -4.403282 35.688534 0.673501 -0.734001 -0.087400 0.709091 0.935484
  8 0.622119 -6.905673 35.287778 0.126800 -0.974103 -0.187201 0.472727 0.919355
  1 3.662141 -4.669992 31.562503 0.378408 -0.902720 -0.204704 0.690909 0.661290
SCIZOM3_Pelvis.bmp
  1 3.662141 -4.669992 31.562503 0.378408 -0.902720 -0.204704 0.690909 0.661290
  8 0.622119 -6.905673 35.287778 0.126800 -0.974103 -0.187201 0.472727 0.919355
  1 -2.437859 -4.680007 31.572503 -0.254689 -0.912161 -0.321086 0.236364 0.661290
SCIZOM3_Pelvis.bmp
  8 0.622119 -6.905673 35.287778 0.126800 -0.974103 -0.187201 0.472727 0.919355
  8 -3.147877 -6.336608 36.570820 -0.734484 -0.657885 -0.166496 0.181818 1.000000
  1 -2.437859 -4.680007 31.572503 -0.254689 -0.912161 -0.321086 0.236364 0.661290
SCIZOM3_Pelvis.bmp
  1 -2.437859 -4.680007 31.572503 -0.254689 -0.912161 -0.321086 0.236364 0.661290
  8 -3.147877 -6.336608 36.570820 -0.734484 -0.657885 -0.166496 0.181818 1.000000
  1 -5.557868 -1.000016 33.282504 -0.946908 -0.316502 0.056500 0.018182 0.774194
SCIZOM3_Pelvis.bmp
  8 -3.147877 -6.336608 36.570820 -0.734484 -0.657885 -0.166496 0.181818 1.000000
  8 -4.997870 -1.078470 35.180385 -0.971658 0.228090 0.062097 0.054545 0.903226
  1 -5.557868 -1.000016 33.282504 -0.946908 -0.316502 0.056500 0.018182 0.774194
SCIZOM3_Pelvis.bmp
  2 3.426929 -3.558376 22.172182 -0.478268 -0.864141 -0.156589 0.672727 0.048387
  1 1.722138 -3.719996 28.572503 -0.337805 -0.884312 -0.322304 0.545455 0.467742
  2 1.046923 -0.279777 21.385568 -0.969410 0.152902 -0.192002 0.509091 0.000000
SCIZOM3_Pelvis.bmp
  2 1.046923 -0.279777 21.385568 -0.969410 0.152902 -0.192002 0.509091 0.000000
  1 1.722138 -3.719996 28.572503 -0.337805 -0.884312 -0.322304 0.545455 0.467742
  1 0.452129 -0.119998 25.892504 0.064300 -0.334202 -0.940306 0.454545 0.290323
SCIZOM3_Pelvis.bmp
  1 1.722138 -3.719996 28.572503 -0.337805 -0.884312 -0.322304 0.545455 0.467742
  1 -0.827862 -3.730002 28.572503 0.426606 -0.859513 -0.281504 0.363636 0.467742
  1 0.452129 -0.119998 25.892504 0.064300 -0.334202 -0.940306 0.454545 0.290323
SCIZOM3_Pelvis.bmp
  1 0.452129 -0.119998 25.892504 0.064300 -0.334202 -0.940306 0.454545 0.290323
  1 -0.827862 -3.730002 28.572503 0.426606 -0.859513 -0.281504 0.363636 0.467742
  5 0.607302 -0.279776 21.385568 0.980121 0.153903 -0.125203 0.472727 0.000000
SCIZOM3_Pelvis.bmp
  1 -0.827862 -3.730002 28.572503 0.426606 -0.859513 -0.281504 0.363636 0.467742
  5 -1.722693 -3.558381 22.172190 0.493597 -0.858896 -0.136599 0.290909 0.048387
  5 0.607302 -0.279776 21.385568 0.980121 0.153903 -0.125203 0.472727 0.000000
SCIZOM3_Pelvis.bmp
  1 -2.437859 -4.680007 31.572503 -0.254689 -0.912161 -0.321086 0.236364 0.661290
  1 -5.557868 -1.000016 33.282504 -0.946908 -0.316502 0.056500 0.018182 0.774194
  5 -2.522683 -4.120787 28.723397 -0.196598 -0.978591 -0.060899 0.236364 0.483871
SCIZOM3_Pelvis.bmp
  5 -2.522683 -4.120787 28.723397 -0.196598 -0.978591 -0.060899 0.236364 0.483871
  1 -5.557868 -1.000016 33.282504 -0.946908 -0.316502 0.056500 0.018182 0.774194
  5 -4.462692 -3.805740 22.999306 -0.412876 -0.910347 -0.028298 0.090909 0.096774
SCIZOM3_Pelvis.bmp
  1 -5.557868 -1.000016 33.282504 -0.946908 -0.316502 0.056500 0.018182 0.774194
  5 -5.822697 -0.837239 21.906196 -0.990361 -0.057098 -0.126195 0.000000 0.032258
  5 -4.462692 -3.805740 22.999306 -0.412876 -0.910347 -0.028298 0.090909 0.096774
SCIZOM3_Pelvis.bmp
  2 6.006930 -3.807245 22.989407 0.422986 -0.906070 -0.011000 0.872727 0.096774
  2 3.606938 -4.118442 28.540920 0.199403 -0.978017 -0.061001 0.690909 0.467742
  2 3.426929 -3.558376 22.172182 -0.478268 -0.864141 -0.156589 0.672727 0.048387
SCIZOM3_Pelvis.bmp
  2 3.426929 -3.558376 22.172182 -0.478268 -0.864141 -0.156589 0.672727 0.048387
  2 3.606938 -4.118442 28.540920 0.199403 -0.978017 -0.061001 0.690909 0.467742
  1 1.722138 -3.719996 28.572503 -0.337805 -0.884312 -0.322304 0.545455 0.467742
SCIZOM3_Pelvis.bmp
  1 0.452129 -0.119998 25.892504 0.064300 -0.334202 -0.940306 0.490909 0.129032
  5 -1.502699 3.244024 24.173135 0.600517 0.109903 -0.792023 0.636364 0.016129
  2 3.076923 3.248540 24.334311 -0.484393 -0.148898 -0.862087 0.290909 0.032258
SCIZOM3_Back2.bmp
  2 7.176925 -0.837223 21.906178 0.985121 -0.123803 -0.119203 0.000000 0.026316
  2 6.416918 3.517809 21.541100 0.664205 0.413003 -0.623105 0.051282 0.000000
  1 6.562132 -0.999985 33.282504 0.954090 -0.286697 0.086699 0.051282 0.842105
SCIZOM3_Back2.bmp
  1 6.562132 -0.999985 33.282504 0.954090 -0.286697 0.086699 0.051282 0.842105
  2 6.416918 3.517809 21.541100 0.664205 0.413003 -0.623105 0.051282 0.000000
  1 5.252123 2.480012 32.752505 0.678427 0.717629 0.157306 0.153846 0.789474
SCIZOM3_Back2.bmp
  2 6.416918 3.517809 21.541100 0.664205 0.413003 -0.623105 0.051282 0.000000
  2 3.656918 4.787327 22.034172 -0.138801 0.539903 -0.830204 0.256410 0.026316
  1 5.252123 2.480012 32.752505 0.678427 0.717629 0.157306 0.153846 0.789474
SCIZOM3_Back2.bmp
  1 5.252123 2.480012 32.752505 0.678427 0.717629 0.157306 0.153846 0.789474
  2 3.656918 4.787327 22.034172 -0.138801 0.539903 -0.830204 0.256410 0.026316
  1 0.382118 4.160000 31.522506 0.001900 0.986723 0.162404 0.487179 0.710526
SCIZOM3_Back2.bmp
  2 3.656918 4.787327 22.034172 -0.138801 0.539903 -0.830204 0.256410 0.026316
  5 -2.312705 5.009325 22.030449 0.101802 0.136303 -0.985423 0.666667 0.026316
  1 0.382118 4.160000 31.522506 0.001900 0.986723 0.162404 0.487179 0.710526
SCIZOM3_Back2.bmp
  1 0.382118 4.160000 31.522506 0.001900 0.986723 0.162404 0.487179 0.710526
  5 -2.312705 5.009325 22.030449 0.101802 0.136303 -0.985423 0.666667 0.026316
  1 -4.407877 2.479988 32.572505 -0.755910 0.636809 0.151902 0.820513 0.789474
SCIZOM3_Back2.bmp
  5 -2.312705 5.009325 22.030449 0.101802 0.136303 -0.985423 0.666667 0.026316
  5 -4.772704 3.669094 21.538123 -0.277408 0.313609 -0.908127 0.846154 0.000000
  1 -4.407877 2.479988 32.572505 -0.755910 0.636809 0.151902 0.820513 0.789474
SCIZOM3_Back2.bmp
  1 -4.407877 2.479988 32.572505 -0.755910 0.636809 0.151902 0.820513 0.789474
  5 -4.772704 3.669094 21.538123 -0.277408 0.313609 -0.908127 0.846154 0.000000
  5 -5.822697 -0.837239 21.906196 -0.990361 -0.057098 -0.126195 0.923077 0.026316
SCIZOM3_Back2.bmp
  5 -4.772704 3.669094 21.538123 -0.277408 0.313609 -0.908127 0.846154 0.000000
  5 -4.012700 1.950470 22.732747 -0.398005 0.714009 -0.576007 0.794872 0.078947
  5 -5.822697 -0.837239 21.906196 -0.990361 -0.057098 -0.126195 0.923077 0.026316
SCIZOM3_Back2.bmp
  5 -4.012700 1.950470 22.732747 -0.398005 0.714009 -0.576007 0.794872 0.078947
  5 -2.312705 5.009325 22.030449 0.101802 0.136303 -0.985423 0.666667 0.026316
  5 -1.502699 3.244024 24.173135 0.600517 0.109903 -0.792023 0.615385 0.184211
SCIZOM3_Back2.bmp
  5 -1.502699 3.244024 24.173135 0.600517 0.109903 -0.792023 0.615385 0.184211
  5 -2.312705 5.009325 22.030449 0.101802 0.136303 -0.985423 0.666667 0.026316
  2 3.076923 3.248540 24.334311 -0.484393 -0.148898 -0.862087 0.307692 0.184211
SCIZOM3_Back2.bmp
  5 -2.312705 5.009325 22.030449 0.101802 0.136303 -0.985423 0.666667 0.026316
  2 3.656918 4.787327 22.034172 -0.138801 0.539903 -0.830204 0.256410 0.026316
  2 3.076923 3.248540 24.334311 -0.484393 -0.148898 -0.862087 0.307692 0.184211
SCIZOM3_Back2.bmp
  2 3.076923 3.248540 24.334311 -0.484393 -0.148898 -0.862087 0.307692 0.184211
  2 3.656918 4.787327 22.034172 -0.138801 0.539903 -0.830204 0.256410 0.026316
  2 5.556922 1.948964 22.722850 0.438402 0.708903 -0.552503 0.128205 0.078947
SCIZOM3_Back2.bmp
  2 3.656918 4.787327 22.034172 -0.138801 0.539903 -0.830204 0.256410 0.026316
  2 6.416918 3.517809 21.541100 0.664205 0.413003 -0.623105 0.051282 0.000000
  2 5.556922 1.948964 22.722850 0.438402 0.708903 -0.552503 0.128205 0.078947
SCIZOM3_Back2.bmp
  2 5.556922 1.948964 22.722850 0.438402 0.708903 -0.552503 0.128205 0.078947
  2 6.416918 3.517809 21.541100 0.664205 0.413003 -0.623105 0.051282 0.000000
  2 7.176925 -0.837223 21.906178 0.985121 -0.123803 -0.119203 0.000000 0.026316
SCIZOM3_Back2.bmp
  1 -4.407877 2.479988 32.572505 -0.755910 0.636809 0.151902 0.820513 0.789474
  8 -3.127862 2.948455 35.316189 -0.609010 0.779213 0.148102 0.743590 1.000000
  1 0.382118 4.160000 31.522506 0.001900 0.986723 0.162404 0.487179 0.710526
SCIZOM3_Back2.bmp
  1 -4.407877 2.479988 32.572505 -0.755910 0.636809 0.151902 0.820513 0.789474
  8 -4.997870 -1.078470 35.180385 -0.971658 0.228090 0.062097 0.871795 0.973684
  8 -3.127862 2.948455 35.316189 -0.609010 0.779213 0.148102 0.743590 1.000000
SCIZOM3_Back2.bmp
  1 -4.407877 2.479988 32.572505 -0.755910 0.636809 0.151902 0.820513 0.789474
  1 -5.557868 -1.000016 33.282504 -0.946908 -0.316502 0.056500 0.897436 0.842105
  8 -4.997870 -1.078470 35.180385 -0.971658 0.228090 0.062097 0.871795 0.973684
SCIZOM3_Back2.bmp
  1 -4.407877 2.479988 32.572505 -0.755910 0.636809 0.151902 0.820513 0.789474
  5 -5.822697 -0.837239 21.906196 -0.990361 -0.057098 -0.126195 0.923077 0.026316
  1 -5.557868 -1.000016 33.282504 -0.946908 -0.316502 0.056500 0.897436 0.842105
SCIZOM3_Back2.bmp
  1 6.562132 -0.999985 33.282504 0.954090 -0.286697 0.086699 0.051282 0.842105
  1 5.252123 2.480012 32.752505 0.678427 0.717629 0.157306 0.153846 0.789474
  8 6.212130 -1.074790 35.202410 0.998689 0.051099 0.003100 0.076923 0.973684
SCIZOM3_Back2.bmp
  8 6.212130 -1.074790 35.202410 0.998689 0.051099 0.003100 0.076923 0.973684
  1 5.252123 2.480012 32.752505 0.678427 0.717629 0.157306 0.153846 0.789474
  8 4.122138 2.948441 35.316172 0.587494 0.791192 0.169898 0.230769 1.000000
SCIZOM3_Back2.bmp
  1 5.252123 2.480012 32.752505 0.678427 0.717629 0.157306 0.153846 0.789474
  1 0.382118 4.160000 31.522506 0.001900 0.986723 0.162404 0.487179 0.710526
  8 4.122138 2.948441 35.316172 0.587494 0.791192 0.169898 0.230769 1.000000
SCIZOM3_Back2.bmp
  5 -4.012700 1.950470 22.732747 -0.398005 0.714009 -0.576007 0.794872 0.078947
  5 -4.772704 3.669094 21.538123 -0.277408 0.313609 -0.908127 0.846154 0.000000
  5 -2.312705 5.009325 22.030449 0.101802 0.136303 -0.985423 0.666667 0.026316
SCIZOM3_LegBack1.bmp
  6 -5.012726 1.543510 3.523487 -0.608626 0.171808 -0.774633 0.105263 0.016129
  6 -4.562716 2.918640 11.779219 -0.730090 0.681591 0.048999 0.157895 0.387097
  6 -2.742729 3.737942 3.475721 -0.083698 0.711987 -0.697187 0.368421 0.016129
SCIZOM3_LegBack1.bmp
  6 -2.742729 3.737942 3.475721 -0.083698 0.711987 -0.697187 0.368421 0.016129
  6 -4.562716 2.918640 11.779219 -0.730090 0.681591 0.048999 0.157895 0.387097
  6 -2.722717 3.940646 12.020275 0.337400 0.927699 0.159800 0.421053 0.387097
SCIZOM3_LegBack1.bmp
  6 -4.562716 2.918640 11.779219 -0.730090 0.681591 0.048999 0.157895 0.387097
  6 -4.662708 1.570832 16.067659 -0.692885 0.706585 0.143697 0.157895 0.564516
  6 -2.722717 3.940646 12.020275 0.337400 0.927699 0.159800 0.421053 0.387097
SCIZOM3_LegBack1.bmp
  6 -2.722717 3.940646 12.020275 0.337400 0.927699 0.159800 0.421053 0.387097
  6 -4.662708 1.570832 16.067659 -0.692885 0.706585 0.143697 0.157895 0.564516
  6 -2.602710 2.563276 15.758690 0.218591 0.974260 0.055098 0.421053 0.548387
SCIZOM3_LegBack1.bmp
  6 -4.662708 1.570832 16.067659 -0.692885 0.706585 0.143697 0.157895 0.564516
  5 -4.012700 1.950470 22.732747 -0.398005 0.714009 -0.576007 0.210526 0.854839
  6 -2.602710 2.563276 15.758690 0.218591 0.974260 0.055098 0.421053 0.548387
SCIZOM3_LegBack1.bmp
  6 -2.602710 2.563276 15.758690 0.218591 0.974260 0.055098 0.421053 0.548387
  5 -4.012700 1.950470 22.732747 -0.398005 0.714009 -0.576007 0.210526 0.854839
  5 -2.052702 3.021209 21.930982 0.176492 0.977655 -0.114195 0.473684 0.822581
SCIZOM3_LegBack1.bmp
  5 -4.012700 1.950470 22.732747 -0.398005 0.714009 -0.576007 0.210526 0.854839
  5 -1.502699 3.244024 24.173135 0.600517 0.109903 -0.792023 0.578947 0.919355
  5 -2.052702 3.021209 21.930982 0.176492 0.977655 -0.114195 0.473684 0.822581
SCIZOM3_LegBack1.bmp
  5 -2.052702 3.021209 21.930982 0.176492 0.977655 -0.114195 0.473684 0.822581
  5 -1.502699 3.244024 24.173135 0.600517 0.109903 -0.792023 0.578947 0.919355
  5 0.607302 -0.279776 21.385568 0.980121 0.153903 -0.125203 0.842105 0.790323
SCIZOM3_LegBack1.bmp
  5 -1.502699 3.244024 24.173135 0.600517 0.109903 -0.792023 0.578947 0.919355
  1 0.452129 -0.119998 25.892504 0.064300 -0.334202 -0.940306 0.842105 1.000000
  5 0.607302 -0.279776 21.385568 0.980121 0.153903 -0.125203 0.842105 0.790323
SCIZOM3_LegBack1.bmp
  1 0.452129 -0.119998 25.892504 0.064300 -0.334202 -0.940306 0.894737 0.919355
  2 3.076923 3.248540 24.334311 -0.484393 -0.148898 -0.862087 0.578947 0.854839
  2 1.046923 -0.279777 21.385568 -0.969410 0.152902 -0.192002 0.842105 0.725806
SCIZOM3_LegBack1.bmp
  2 1.046923 -0.279777 21.385568 -0.969410 0.152902 -0.192002 0.842105 0.725806
  2 3.076923 3.248540 24.334311 -0.484393 -0.148898 -0.862087 0.578947 0.854839
  2 3.686920 3.023471 22.011565 -0.166693 0.979559 -0.112595 0.473684 0.758065
SCIZOM3_LegBack1.bmp
  2 3.076923 3.248540 24.334311 -0.484393 -0.148898 -0.862087 0.578947 0.854839
  2 5.556922 1.948964 22.722850 0.438402 0.708903 -0.552503 0.263158 0.790323
  2 3.686920 3.023471 22.011565 -0.166693 0.979559 -0.112595 0.473684 0.758065
SCIZOM3_LegBack1.bmp
  2 3.686920 3.023471 22.011565 -0.166693 0.979559 -0.112595 0.473684 0.758065
  2 5.556922 1.948964 22.722850 0.438402 0.708903 -0.552503 0.263158 0.790323
  3 4.296912 2.563283 15.758681 -0.204303 0.978317 0.034001 0.421053 0.500000
SCIZOM3_LegBack1.bmp
  2 5.556922 1.948964 22.722850 0.438402 0.708903 -0.552503 0.263158 0.790323
  3 6.356913 1.573047 16.057889 0.701299 0.701098 0.129000 0.157895 0.516129
  3 4.296912 2.563283 15.758681 -0.204303 0.978317 0.034001 0.421053 0.500000
SCIZOM3_LegBack1.bmp
  3 4.296912 2.563283 15.758681 -0.204303 0.978317 0.034001 0.421053 0.500000
  3 6.356913 1.573047 16.057889 0.701299 0.701098 0.129000 0.157895 0.516129
  3 4.536903 3.944779 10.821731 -0.324400 0.939302 0.111700 0.368421 0.306452
SCIZOM3_LegBack1.bmp
  3 6.356913 1.573047 16.057889 0.701299 0.701098 0.129000 0.157895 0.516129
  3 6.386904 2.922779 10.580670 0.745786 0.665487 0.030499 0.157895 0.290323
  3 4.536903 3.944779 10.821731 -0.324400 0.939302 0.111700 0.368421 0.306452
SCIZOM3_LegBack1.bmp
  3 4.536903 3.944779 10.821731 -0.324400 0.939302 0.111700 0.368421 0.306452
  3 6.386904 2.922779 10.580670 0.745786 0.665487 0.030499 0.157895 0.290323
  3 4.706893 3.735430 3.577659 0.112896 0.764571 -0.634576 0.368421 0.000000
SCIZOM3_LegBack1.bmp
  3 6.386904 2.922779 10.580670 0.745786 0.665487 0.030499 0.157895 0.290323
  3 6.626896 1.573730 3.571300 0.617932 0.337017 -0.710337 0.105263 0.000000
  3 4.706893 3.735430 3.577659 0.112896 0.764571 -0.634576 0.368421 0.000000
SCIZOM3_LegBack1.bmp
  2 3.686920 3.023471 22.011565 -0.166693 0.979559 -0.112595 0.473684 0.758065
  3 4.296912 2.563283 15.758681 -0.204303 0.978317 0.034001 0.421053 0.500000
  2 1.046923 -0.279777 21.385568 -0.969410 0.152902 -0.192002 0.842105 0.725806
SCIZOM3_LegBack1.bmp
  2 1.046923 -0.279777 21.385568 -0.969410 0.152902 -0.192002 0.842105 0.725806
  3 4.296912 2.563283 15.758681 -0.204303 0.978317 0.034001 0.421053 0.500000
  3 2.006915 -0.133661 15.897998 -0.985664 -0.117995 -0.120596 0.684211 0.500000
SCIZOM3_LegBack1.bmp
  3 4.296912 2.563283 15.758681 -0.204303 0.978317 0.034001 0.421053 0.500000
  3 4.536903 3.944779 10.821731 -0.324400 0.939302 0.111700 0.368421 0.306452
  3 2.006915 -0.133661 15.897998 -0.985664 -0.117995 -0.120596 0.684211 0.500000
SCIZOM3_LegBack1.bmp
  3 2.006915 -0.133661 15.897998 -0.985664 -0.117995 -0.120596 0.684211 0.500000
  3 4.536903 3.944779 10.821731 -0.324400 0.939302 0.111700 0.368421 0.306452
  3 2.276906 1.147482 10.179749 -0.960887 -0.259696 -0.096199 0.684211 0.274194
SCIZOM3_LegBack1.bmp
  3 4.536903 3.944779 10.821731 -0.324400 0.939302 0.111700 0.368421 0.306452
  3 3.026896 1.364795 3.452358 -0.562771 0.172291 -0.808458 0.578947 0.000000
  3 2.276906 1.147482 10.179749 -0.960887 -0.259696 -0.096199 0.684211 0.274194
SCIZOM3_LegBack1.bmp
  2 7.176925 -0.837223 21.906178 0.985121 -0.123803 -0.119203 0.052632 0.758065
  3 7.376916 -0.266761 16.124226 0.997651 -0.050298 -0.046498 0.052632 0.516129
  2 5.556922 1.948964 22.722850 0.438402 0.708903 -0.552503 0.263158 0.790323
SCIZOM3_LegBack1.bmp
  2 5.556922 1.948964 22.722850 0.438402 0.708903 -0.552503 0.263158 0.790323
  3 7.376916 -0.266761 16.124226 0.997651 -0.050298 -0.046498 0.052632 0.516129
  3 6.356913 1.573047 16.057889 0.701299 0.701098 0.129000 0.157895 0.516129
SCIZOM3_LegBack1.bmp
  3 7.376916 -0.266761 16.124226 0.997651 -0.050298 -0.046498 0.052632 0.516129
  3 7.266906 0.912442 10.085652 0.999710 -0.005200 -0.023500 0.052632 0.274194
  3 6.356913 1.573047 16.057889 0.701299 0.701098 0.129000 0.157895 0.516129
SCIZOM3_LegBack1.bmp
  3 6.356913 1.573047 16.057889 0.701299 0.701098 0.129000 0.157895 0.516129
  3 7.266906 0.912442 10.085652 0.999710 -0.005200 -0.023500 0.052632 0.274194
  3 6.386904 2.922779 10.580670 0.745786 0.665487 0.030499 0.157895 0.290323
SCIZOM3_LegBack1.bmp
  3 7.266906 0.912442 10.085652 0.999710 -0.005200 -0.023500 0.052632 0.274194
  3 6.626896 1.573730 3.571300 0.617932 0.337017 -0.710337 0.105263 0.000000
  3 6.386904 2.922779 10.580670 0.745786 0.665487 0.030499 0.157895 0.290323
SCIZOM3_LegBack1.bmp
  6 -1.202726 1.333951 3.588924 0.675122 0.104103 -0.730324 0.578947 0.016129
  6 -2.722717 3.940646 12.020275 0.337400 0.927699 0.159800 0.421053 0.387097
  6 -0.452715 1.143354 11.378286 0.965278 -0.249895 -0.076098 0.684211 0.354839
SCIZOM3_LegBack1.bmp
  6 -0.452715 1.143354 11.378286 0.965278 -0.249895 -0.076098 0.684211 0.354839
  6 -2.722717 3.940646 12.020275 0.337400 0.927699 0.159800 0.421053 0.387097
  6 -0.442706 -0.136183 15.999951 0.989140 -0.108905 -0.098704 0.684211 0.564516
SCIZOM3_LegBack1.bmp
  6 -2.722717 3.940646 12.020275 0.337400 0.927699 0.159800 0.421053 0.387097
  6 -2.602710 2.563276 15.758690 0.218591 0.974260 0.055098 0.421053 0.548387
  6 -0.442706 -0.136183 15.999951 0.989140 -0.108905 -0.098704 0.684211 0.564516
SCIZOM3_LegBack1.bmp
  6 -0.442706 -0.136183 15.999951 0.989140 -0.108905 -0.098704 0.684211 0.564516
  6 -2.602710 2.563276 15.758690 0.218591 0.974260 0.055098 0.421053 0.548387
  5 0.607302 -0.279776 21.385568 0.980121 0.153903 -0.125203 0.842105 0.790323
SCIZOM3_LegBack1.bmp
  6 -2.602710 2.563276 15.758690 0.218591 0.974260 0.055098 0.421053 0.548387
  5 -2.052702 3.021209 21.930982 0.176492 0.977655 -0.114195 0.473684 0.822581
  5 0.607302 -0.279776 21.385568 0.980121 0.153903 -0.125203 0.842105 0.790323
SCIZOM3_LegBack1.bmp
  6 -5.012726 1.543510 3.523487 -0.608626 0.171808 -0.774633 0.105263 0.016129
  6 -5.492714 0.908301 11.284204 -0.999232 -0.029401 -0.025901 0.000000 0.354839
  6 -4.562716 2.918640 11.779219 -0.730090 0.681591 0.048999 0.157895 0.387097
SCIZOM3_LegBack1.bmp
  6 -4.562716 2.918640 11.779219 -0.730090 0.681591 0.048999 0.157895 0.387097
  6 -5.492714 0.908301 11.284204 -0.999232 -0.029401 -0.025901 0.000000 0.354839
  6 -4.662708 1.570832 16.067659 -0.692885 0.706585 0.143697 0.157895 0.564516
SCIZOM3_LegBack1.bmp
  6 -5.492714 0.908301 11.284204 -0.999232 -0.029401 -0.025901 0.000000 0.354839
  6 -5.722706 -0.266776 16.124245 -0.995511 -0.045300 -0.083101 0.000000 0.564516
  6 -4.662708 1.570832 16.067659 -0.692885 0.706585 0.143697 0.157895 0.564516
SCIZOM3_LegBack1.bmp
  6 -4.662708 1.570832 16.067659 -0.692885 0.706585 0.143697 0.157895 0.564516
  6 -5.722706 -0.266776 16.124245 -0.995511 -0.045300 -0.083101 0.000000 0.564516
  5 -4.012700 1.950470 22.732747 -0.398005 0.714009 -0.576007 0.210526 0.854839
SCIZOM3_LegBack1.bmp
  6 -5.722706 -0.266776 16.124245 -0.995511 -0.045300 -0.083101 0.000000 0.564516
  5 -5.822697 -0.837239 21.906196 -0.990361 -0.057098 -0.126195 0.000000 0.822581
  5 -4.012700 1.950470 22.732747 -0.398005 0.714009 -0.576007 0.210526 0.854839
SCIZOM3_LegBack1.bmp
  3 4.706893 3.735430 3.577659 0.112896 0.764571 -0.634576 0.368421 0.000000
  3 3.026896 1.364795 3.452358 -0.562771 0.172291 -0.808458 0.578947 0.000000
  3 4.536903 3.944779 10.821731 -0.324400 0.939302 0.111700 0.368421 0.306452
SCIZOM3_LegBack1.bmp
  6 -2.742729 3.737942 3.475721 -0.083698 0.711987 -0.697187 0.368421 0.016129
  6 -2.722717 3.940646 12.020275 0.337400 0.927699 0.159800 0.421053 0.387097
  6 -1.202726 1.333951 3.588924 0.675122 0.104103 -0.730324 0.578947 0.016129
SCIZOM3_LegFrnt1.bmp
  5 -4.462692 -3.805740 22.999306 -0.412876 -0.910347 -0.028298 0.157895 1.000000
  5 -2.012701 -2.782225 17.672303 0.430095 -0.876490 -0.216297 0.526316 0.725490
  5 -1.722693 -3.558381 22.172190 0.493597 -0.858896 -0.136599 0.526316 0.960784
SCIZOM3_LegFrnt1.bmp
  5 -1.722693 -3.558381 22.172190 0.493597 -0.858896 -0.136599 0.526316 0.960784
  5 -2.012701 -2.782225 17.672303 0.430095 -0.876490 -0.216297 0.526316 0.725490
  6 -0.442706 -0.136183 15.999951 0.989140 -0.108905 -0.098704 0.684211 0.627451
SCIZOM3_LegFrnt1.bmp
  5 -2.012701 -2.782225 17.672303 0.430095 -0.876490 -0.216297 0.526316 0.725490
  6 -2.212705 -1.974398 15.287513 0.484411 -0.831020 -0.273407 0.473684 0.607843
  6 -0.442706 -0.136183 15.999951 0.989140 -0.108905 -0.098704 0.684211 0.627451
SCIZOM3_LegFrnt1.bmp
  6 -0.442706 -0.136183 15.999951 0.989140 -0.108905 -0.098704 0.684211 0.627451
  6 -2.212705 -1.974398 15.287513 0.484411 -0.831020 -0.273407 0.473684 0.607843
  6 -0.452715 1.143354 11.378286 0.965278 -0.249895 -0.076098 0.684211 0.392157
SCIZOM3_LegFrnt1.bmp
  6 -2.212705 -1.974398 15.287513 0.484411 -0.831020 -0.273407 0.473684 0.607843
  6 -2.132713 -0.720661 10.598510 0.435688 -0.886477 -0.155996 0.473684 0.352941
  6 -0.452715 1.143354 11.378286 0.965278 -0.249895 -0.076098 0.684211 0.392157
SCIZOM3_LegFrnt1.bmp
  6 -0.452715 1.143354 11.378286 0.965278 -0.249895 -0.076098 0.684211 0.392157
  6 -2.132713 -0.720661 10.598510 0.435688 -0.886477 -0.155996 0.473684 0.352941
  6 -2.292724 -0.433799 3.517761 0.518104 -0.743906 -0.422104 0.473684 0.000000
SCIZOM3_LegFrnt1.bmp
  6 -2.132713 -0.720661 10.598510 0.435688 -0.886477 -0.155996 0.473684 0.352941
  6 -4.112713 -1.113675 10.704541 -0.392489 -0.908573 -0.142996 0.210526 0.372549
  6 -2.292724 -0.433799 3.517761 0.518104 -0.743906 -0.422104 0.473684 0.000000
SCIZOM3_LegFrnt1.bmp
  6 -2.292724 -0.433799 3.517761 0.518104 -0.743906 -0.422104 0.473684 0.000000
  6 -4.112713 -1.113675 10.704541 -0.392489 -0.908573 -0.142996 0.210526 0.372549
  6 -3.972723 -0.760101 3.464577 -0.361020 -0.596733 -0.716640 0.263158 0.000000
SCIZOM3_LegFrnt1.bmp
  6 -4.112713 -1.113675 10.704541 -0.392489 -0.908573 -0.142996 0.210526 0.372549
  6 -5.492714 0.908301 11.284204 -0.999232 -0.029401 -0.025901 0.052632 0.392157
  6 -3.972723 -0.760101 3.464577 -0.361020 -0.596733 -0.716640 0.263158 0.000000
SCIZOM3_LegFrnt1.bmp
  6 -3.972723 -0.760101 3.464577 -0.361020 -0.596733 -0.716640 0.263158 0.000000
  6 -5.492714 0.908301 11.284204 -0.999232 -0.029401 -0.025901 0.052632 0.392157
  6 -5.012726 1.543510 3.523487 -0.608626 0.171808 -0.774633 0.105263 0.000000
SCIZOM3_LegFrnt1.bmp
  5 -4.702699 -3.474248 18.173116 -0.456011 -0.859120 -0.232306 0.157895 0.745098
  6 -5.722706 -0.266776 16.124245 -0.995511 -0.045300 -0.083101 0.000000 0.647059
  6 -4.312704 -2.313918 15.292855 -0.285800 -0.905800 -0.312800 0.210526 0.607843
SCIZOM3_LegFrnt1.bmp
  5 -4.702699 -3.474248 18.173116 -0.456011 -0.859120 -0.232306 0.157895 0.745098
  5 -5.822697 -0.837239 21.906196 -0.990361 -0.057098 -0.126195 0.000000 0.941176
  6 -5.722706 -0.266776 16.124245 -0.995511 -0.045300 -0.083101 0.000000 0.647059
SCIZOM3_LegFrnt1.bmp
  5 -4.702699 -3.474248 18.173116 -0.456011 -0.859120 -0.232306 0.157895 0.745098
  5 -4.462692 -3.805740 22.999306 -0.412876 -0.910347 -0.028298 0.157895 1.000000
  5 -5.822697 -0.837239 21.906196 -0.990361 -0.057098 -0.126195 0.000000 0.941176
SCIZOM3_LegFrnt1.bmp
  5 -4.702699 -3.474248 18.173116 -0.456011 -0.859120 -0.232306 0.157895 0.745098
  5 -2.012701 -2.782225 17.672303 0.430095 -0.876490 -0.216297 0.526316 0.725490
  5 -4.462692 -3.805740 22.999306 -0.412876 -0.910347 -0.028298 0.157895 1.000000
SCIZOM3_LegFrnt1.bmp
  5 -4.702699 -3.474248 18.173116 -0.456011 -0.859120 -0.232306 0.157895 0.745098
  6 -2.212705 -1.974398 15.287513 0.484411 -0.831020 -0.273407 0.473684 0.607843
  5 -2.012701 -2.782225 17.672303 0.430095 -0.876490 -0.216297 0.526316 0.725490
SCIZOM3_LegFrnt1.bmp
  5 -4.702699 -3.474248 18.173116 -0.456011 -0.859120 -0.232306 0.157895 0.745098
  6 -4.312704 -2.313918 15.292855 -0.285800 -0.905800 -0.312800 0.210526 0.607843
  6 -2.212705 -1.974398 15.287513 0.484411 -0.831020 -0.273407 0.473684 0.607843
SCIZOM3_LegFrnt1.bmp
  6 -2.212705 -1.974398 15.287513 0.484411 -0.831020 -0.273407 0.473684 0.607843
  6 -4.312704 -2.313918 15.292855 -0.285800 -0.905800 -0.312800 0.210526 0.607843
  6 -2.132713 -0.720661 10.598510 0.435688 -0.886477 -0.155996 0.473684 0.352941
SCIZOM3_LegFrnt1.bmp
  6 -2.132713 -0.720661 10.598510 0.435688 -0.886477 -0.155996 0.473684 0.352941
  6 -4.312704 -2.313918 15.292855 -0.285800 -0.905800 -0.312800 0.210526 0.607843
  6 -4.112713 -1.113675 10.704541 -0.392489 -0.908573 -0.142996 0.210526 0.372549
SCIZOM3_LegFrnt1.bmp
  6 -4.312704 -2.313918 15.292855 -0.285800 -0.905800 -0.312800 0.210526 0.607843
  6 -5.722706 -0.266776 16.124245 -0.995511 -0.045300 -0.083101 0.000000 0.647059
  6 -4.112713 -1.113675 10.704541 -0.392489 -0.908573 -0.142996 0.210526 0.372549
SCIZOM3_LegFrnt1.bmp
  6 -4.112713 -1.113675 10.704541 -0.392489 -0.908573 -0.142996 0.210526 0.372549
  6 -5.722706 -0.266776 16.124245 -0.995511 -0.045300 -0.083101 0.000000 0.647059
  6 -5.492714 0.908301 11.284204 -0.999232 -0.029401 -0.025901 0.052632 0.392157
SCIZOM3_LegFrnt1.bmp
  5 -1.722693 -3.558381 22.172190 0.493597 -0.858896 -0.136599 0.526316 0.960784
  6 -0.442706 -0.136183 15.999951 0.989140 -0.108905 -0.098704 0.684211 0.627451
  5 0.607302 -0.279776 21.385568 0.980121 0.153903 -0.125203 0.842105 0.901961
SCIZOM3_LegFrnt1.bmp
  6 -1.202726 1.333951 3.588924 0.675122 0.104103 -0.730324 0.631579 0.000000
  6 -0.452715 1.143354 11.378286 0.965278 -0.249895 -0.076098 0.684211 0.392157
  6 -2.292724 -0.433799 3.517761 0.518104 -0.743906 -0.422104 0.473684 0.000000
end
